cleaned_text,senti_label
JPMorgan reels in expectations on Beyond Meat,0
Nomura points to bookings weakness at Carnival and Royal Caribbean,0
"Cemex cut at Credit Suisse, J.P. Morgan on weak building outlook",0
BTIG Research cuts to Neutral,0
Funko slides after Piper Jaffray PT cut,0
TechnipFMC downgraded at Berenberg but called Top Pick at Deutsche Bank,0
GM loses a bull,0
Deutsche Bank cuts to Hold,0
Cowen cuts to Market Perform,0
Trendforce cuts iPhone estimate after Foxconn delay,0
Moody's warns on Harley-Davidson,0
"Citing aero ties, Wells slashes PT on Hexcel",0
Intelsat cut to Market Perform at Raymond James,0
Compass Point cuts to Sell,0
Muddy Waters goes short Luckin Coffee,0
ManTech downgraded ahead of difficult comps,0
Oppenheimer cuts to Perform,0
MPLX cut at Credit Suisse on potential dilution from Marathon strategic review,0
Imperial downgrades MSG Networks amid sports-free airwaves,0
Piper hits the Materialise sidelines,0
Hovde Group cuts to Market Perform,0
New Netflix bear steps out,0
Shopify loses a bull,0
Nomura Instinet loses confidence in Extended Stay America,0
Twilio gets Street-low target on virus risk,0
Guggenheim's Minerd sees more gloom ahead in stocks,0
MoffettNathanson expects NFL TV costs to skyrocket,0
Barrington Research cuts to Mkt Perform,0
Mizuho cuts XLNX target on near-term headwinds,0
2U downgraded to sector weight from overweight at KeyBanc Capital,0
Alphabet and Facebook price targets cut at Barclays on weaker ad outlook,0
AMC Networks price target cut to $35 from $39 at Imperial Capital,0
American Software downgraded to neutral from buy at B. Riley FBR,0
Analysts question Silicon Motion's margin outlook,0
Anchiano Therapeutics downgraded to peer perform from outperform at Oppenheimer,0
Arch Coal stock price target cut to $97 from $100 at B. Riley FBR,0
AT&T downgraded by MoffettNathanson to sell on concern wireless can't carry the whole company,0
AT&T shares sink after MoffettNathanson downgrade,0
"AT&T stock falls after MoffettNathanson downgrades, saying dividend looks less compelling",0
Aurora Cannabis stock price target cut to C$1.00 from C$1.75 at Stifel Nicolaus,0
Autodesk downgraded to underweight from neutral at JPMorgan,0
BAML warns of profit pressure for Hormel,0
Barclays cools on Molson Coors,0
Becton Dickinson downgraded to outperform from strong buy at Raymond James,0
Becton Dickinson downgraded to sector weight from overweight at KeyBanc Capital,0
Berry Petroleum downgraded to market perform from outperform at BMO Capital,0
Berry Petroleum downgraded to underweight from sector weight at KeyBanc Capital,0
Bluebird bio downgraded to in line from outperform at Evercore ISI,0
Bluebird bio stock price target cut to $86 from $172 at Evercore ISI,0
Canada Goose downgraded to buy from strong buy at CFRA,0
Canada Goose stock price target cut to $50 from $65 at CFRA,0
Children's Place downgraded as e-commerce puts margins at risk,0
Children's Place price target cut to $80 from $105 at Monness Crespi Hardt,0
Cinedigm Corp. Analysts Are Cutting Their Estimates: Here's What You Need To Know,0
Clovis Oncology stock price target cut to $8 from $12 at Evercore ISI,0
Cumberland Pharmaceuticals stock price target cut to $9.00 from $12.25 at B. Riley FBR,0
"Dell, HPE targets trimmed on compute headwinds",0
Dish may not be key winner amid Intelsat woes - analyst,0
Disney downgraded as analyst says parks attendance could take 2 years to 'normalize',0
Downgrades 11/25:,0
Downgrades 4/7: …,0
Dropbox on watch after stinging Spruce Point report,0
"Earnings Update: electroCore, Inc. Just Reported And Analysts Are Trimming Their Forecasts",0
Evercore downgrades bluebird bio and Clovis in premarket analyst action,0
"Fannie Mae, Freddie Mac downgraded to sell, as analyst cites 'unintended consequences' of CARES Act",0
Forescout downgraded to neutral from buy at Monness Crespi Hardt,0
FormFactor cut on 'unsustainable' revenue outlook,0
Funko downgraded to hold from buy at Stifel Nicolaus,0
Funko stock price target cut to $10 from $25 at Stifel Nicolaus,0
GM stock price target cut to $30 from $32 at Deutsche Bank,0
Grubhub gains a bear on margin view,0
H&P downgraded at Argus as drilling industry weakness seen persisting,0
Hanesbrands stock price target cut to $13 vs. $16 at BofA Merrill Lynch,0
Helmerich & Payne started at sell with $34 stock price target at Deutsche Bank,0
Hexo stock price target cut to C$5 from C$6 at MKM Partners,0
Home Depot stock price target cut to $237 from $240 at Instinet,0
Intelsat downgraded to underweight from neutral at J.P. Morgan,0
Intelsat lower after Morgan Stanley target cut,0
Jefferies warns on L Brands,0
Kohl's stock price target cut to $48 from $52 at Deutsche Bank,0
Kohl's stock price target cut to $50 from $53 at Wedbush,0
L Brands stock price target cut to $16 from $20 at Wedbush,0
Lovesac stock price target cut to $28 vs. $33 at Canaccord,0
Lyft stock price target cut to $58 from $70 at Deutsche Bank,0
Macerich downgraded to underweight from sector weight at KeyBanc Capital,0
Marinus Pharma stock price target cut to $6 from $7 at Leerink,0
Methanex downgraded at TD Securities on valuation,0
Metro Inc. Just Missed Earnings And Its EPS Looked Sad - But Analysts Have Updated Their Models,0
Mid-America Apartment Communities downgraded to sector weight from overweight at KeyBanc Capital,0
Mitek Systems stock price target cut to $11 from $14 at Benchmark,0
Napco Security stock price target cut to $30 from $35 at Imperial Capital,0
Needham's Martin Defends Her Prediction That Netflix Subscriptions Will Fall,0
Netflix downgraded to ‘underperform’ at Needham,0
Netflix stock falls after Wells Fargo turns bearish,0
New Netflix bear steps out,0
"New York Opioid Case A Significant Risk For Pharma Stocks, Says Bearish BofA",0
Norwegian Cruise Line downgraded to strong sell from hold at CFRA,0
Novo Nordisk downgraded by UBS on concerns over drug launch cost,0
Oppenheimer cuts estimates on Yum China,0
Orbcomm price target lowered to $9 at Canaccord,0
O'Reilly Automotive stock price target cut to $405 from $415 at J.P. Morgan,0
Patterson-UTI Energy started at sell with $7 stock price target at Deutsche Bank,0
PS Business Parks downgraded to underweight from sector weight at KeyBanc Capital,0
Rio Tinto downgraded to neutral from overweight at J.P. Morgan,0
"Rosenblatt Projects 47% Downside In Apple Shares, Warns Of Drop In iPhone Production",0
Royal Caribbean downgraded to sell from buy at CFRA,0
Royal Caribbean stock price target cut to $100 from $135 at CFRA,0
Royal Caribbean's stock falls after CFRA swings to bearish on 'more dire' coronavirus assessment,0
Scandinavian Tobacco Group A/S Earnings Missed Analyst Estimates: Here's What Analysts Are Forecasting Now,0
Sherwin-Williams cut from Conviction Buy at Goldman on valuation,0
Sirius downgraded on valuation,0
Spotify Double Downgrade Reflects Prospect of Slower Revenue Growth,0
SunTrust latest to trim Nielsen target,0
Taco Bell parent Yum Brands downgraded to neutral from buy at BTIG,0
Take-Two downgraded on murky game slate,0
Take-Two Interactive stock price target cut to $124 from $133 at MKM Partners,0
Target Hospitality downgraded to perform from outperform at Oppenheimer,0
Taubman Centers downgraded to sector weight from overweight at KeyBanc Capital,0
"The Manitowoc Company, Inc. Just Reported Earnings, And Analysts Cut Their Target Price",0
Transocean started at sell with $3 stock price target at Deutsche Bank,0
Ultra Clean downgraded to hold from buy at Stifel Nicolaus,0
Wells Fargo Downgrades Netflix to Underperform but sees as a takeover target. NFLX could get acquired: NFLX i…,0
Wells Fargo Downgrades Netflix On Spending Concerns,0
"Wells Fargo downgrades Netflix: 'If content is king, then cash is queen'",0
Welltower stock price target cut to $90 from $95 at J.P. Morgan,0
WWE stock price target cut to $57 from $79 at Benchmark,0
Dougherty & Company starts at Buy,2
AMD's Navi shows strong adoption - BofA,2
BMO Capital Markets ups to Outperform,2
Lake Street starts at Buy,2
*S&P Raises Centene Corp. Rtg To BBB- From BB+; Outlk Stable*,2
Citi gives big boost to Deere PT,2
Guggenheim sees favorable catalysts for eBay,2
Freeport upgraded as Credit Suisse sees big buying opportunity,2
BTIG Research starts at Buy,2
"Franco-Nevada will not need more funding despite suspensions, analyst says",2
Cantor Fitzgerald resumes at Overweight,2
Morgan Stanley sees GM doubling in bull case scenario,2
Barclays starts at Overweight,2
Hasbro gains after UBS upgrade,2
"New bull praises acceleration, margin profile",2
Barclays ups to Overweight,2
JPMorgan constructive on Kraft Heinz,2
Compass Point ups to Neutral,2
Lowe's racks up another positive rating despite recession risk,2
Lam target boosted on 'compelling' setup,2
Barclays starts at Overweight,2
"Bull sees 2020 upsides for MU, WDC",2
Rated buy,2
SunTrust expecting Netflix to post strong user growth,2
Nvidia set for gaming tailwinds - BofA,2
BTIG sees 'material improvement' to Ocwen book value,2
Cowen starts at Outperform,2
BMO Capital Markets starts at Outperform,2
Evercore starts RingCentral at Outperform,2
MoffettNathanson boosts SBAC to Buy,2
Loop turns bullish on Snap ad growth,2
Lake Street starts at Buy,2
Cowen sees upside in TENB's Indegy purchase,2
"Uber, Lyft can raise prices to profit - Barclays",2
Maxim Group ups to Buy,2
Compass Point ups to Buy,2
New Zscaler bull sees 'sustainable' growth; shares +4%,2
"Activision, Take-Two charts look 'constructive' as Wells Fargo gets bullish on video game plays: Trader …",2
Adobe stock price target raised to $315 vs. $290 at Wedbush,2
Adobe stock price target raised to $318 vs. $310 at Instinet,2
Aegis Capital positive on Netflix usage trend,2
"After a 60% drop in 6 months, Bank of America says buy pot stock Canopy",2
Akero Therapeutics started at buy with $36 stock price target at Canaccord Genuity,2
Align Technology stock price target raised to $305 from $290 at Stifel Nicolaus,2
Allergan upgraded to buy from neutral at UBS,2
Altria stock price target raised to $54 from $50 at Stifel Nicolaus,2
Amneal Pharma price target raised to $6 vs. $4 at SunTrust Robinson Humphrey,2
"An analyst at Loop Capital upgrades to buy from hold, citing higher revenue growth potential.",2
Analyst: AT&T Is The Top Telecom Pick For 2020,2
Analysts Mostly Bullish On Newly Public Insurance Firm BRP Group,2
Analysts See 18% Gains Ahead For The Holdings Of The First Trust Dow Jones Internet Index Fund ETF,2
Ansys stock price target raised to $265 from $235 at Benchmark,2
Anthem stock price target raised to $330 from $300 at SunTrust RH,2
Applied Industrial Technologies stock price target raised to $70 from $65 at KeyBanc Capital,2
arGen-X stock price target raised to $255 vs. $203 at Instinet,2
Armata Pharmaceuticals started at buy with $8 stock price target at Maxim Group,2
Arrow Electronics stock price target raised to $87 vs. $84 at SunTrust Robinson Humphrey,2
"Asset Management One Co. has a bullish call on Treasuries. One for the long, long run",2
Audentes Therapeutics stock price target raised to $40 from $34 at Evercore ISI,2
Audentes Therapeutics upgraded to outperform from in line at Evercore ISI,2
Axcelis Technologies stock price target raised to $32 from $24 at Benchmark,2
Baird bullish on beat-up Canada Goose,2
Baird likes drug wholesalers in premarket analyst action,2
Baird returns to Wingstop bull camp,2
Baker Hughes started at buy with $32 stock price target at Deutsche Bank,2
Bank of America stock price target raised to $49 from $48 at Oppenheimer,2
Barclays analysts says Uber and Lyft are well-positioned to achieve profitability,2
"Bausch Health upgraded to overweight from neutral at JPMorgan, price target raised to $38 from $32",2
Bed Bath & Beyond reiterated as buy at BofA Merrill Lynch,2
Belden stock price target raised to $56 vs. $54 at SunTrust Robinson Humphrey,2
Benchmark says this roof supplier is a Buy,2
Bernstein turns bullish on VMware's valuation,2
Berry Petroleum upgraded to sector weight from underweight at KeyBanc Capital,2
Best Buy stock price target raised to $105 from $86 at Oppenheimer,2
Biogen stock price target raised to $392 from $320 at Instinet,2
Biogen stock price target raised to $410 from $350 at SVB Leerink,2
Boeing stock price target raised to $427 from $406 at CFRA,2
"BofA Upgrades WestRock After Containerboard Conference, London Pulp Week",2
"Bouygues SA Just Beat Analyst Forecasts, And Analysts Have Been Updating Their Predictions",2
BTIG expects Domino's to boost buybacks,2
BTIG sees 'material improvement' to Ocwen book value,2
"Bull sees 2020 upsides for MU, WDC",2
Cabot upgraded to buy from neutral at UBS,2
"Canada Goose upgraded to outperform from neutral at Baird, price target C$53",2
Capital Southwest initiated at outperform at Raymond James with $23.50 price target,2
Celanese stock price target raised to $120 vs. $111 at BofA Merrill Lynch,2
CF Industries stock price target raised to $56 vs. $52 at BofA Merrill Lynch,2
CF Industries upgraded to buy vs. neutral at BofA Merrill Lynch,2
Ciena stock price target raised to $47 vs. $43 at Instinet,2
Citi gives big boost to Deere PT,2
Citi reels in PT on Nu Skin,2
CITRON SAYS IT'S LONG ON LUCKIN COFFEE MW vs CItron,2
CNH Industrial upped to Buy at Deutsche Bank on valuation,2
Copa Holdings stock price target raised to $130 from $103 at Deutsche Bank,2
Costco price target raised to $330 vs. $320 at BofA Merrill Lynch,2
CSX stock price target raised to $90 from $72 at Deutsche Bank,2
CSX upgraded to buy from hold at Deutsche Bank,2
CVS Health stock price target raised to $90 from $85 at SunTrust RH,2
CyrusOne upgraded to overweight from sector weight at KeyBanc Capital,2
Diamondrock Hospitality upgraded to sector weight from underweight at KeyBanc Capital,2
DLH Holdings maintained as buy with $7 price target at Canaccord,2
Domtar upgraded to market perform at BMO Capital,2
Dow stock price target raised to $52 vs. $46 at BofA Merrill Lynch,2
"Earnings Update: Here's Why Analysts Just Lifted Their Aemetis, Inc. Price Target To US$2.25",2
Earnings Update: Here's Why Analysts Just Lifted Their Milestone Scientific Inc. Price Target To US$2.00,2
"Earnings Update: Here's Why Analysts Just Lifted Their Skyworks Solutions, Inc. Price Target To US$104",2
Eastman Chemical stock price target raised to $85 vs. $82 at BofA Merrill Lynch,2
Edgewell stock price target raised to $41 from $33 at CFRA,2
Elastic upgraded to buy from hold at Canaccord Genuity,2
"Enbridge upgraded to buy from neutral at UBS, price target lifted to C$54 from C$50",2
"Energizer Holdings upgraded to neutral from underweight at JP Morgan, price target lifted to $51 from $41",2
Energizer shakes off JPMorgan's bear call,2
Equity Lifestyle Properties upgraded to outperform at BMO Capital,2
Estee Lauder stock price target raised to $238 from $202 at Raymond James,2
Etsy initiated as buy with $55 price target at SunTrust Robinson Humphrey,2
FedEx stock price target raised to $168 from $163 at BofA Securities,2
FleetCor stock price target raised to $325 from $310 at CFRA,2
Ford's electric SUV impresses Credit Suisse,2
Fortinet stock price target raised to $115 from $104 at BMO Capital,2
Fortinet stock price target raised to $120 from $110 at Monness Crespi Hardt,2
"Glenmark Pharmaceuticals Limited Just Beat Analyst Forecasts, And Analysts Have Been Updating Their Predictions",2
Goldman adds Workday to conviction list; shares +1%,2
"Goldman Says 36,000% Rally in Brazilian Retailer Has Room to Run",2
GrubHub stock price target raised to $40 from $34 at Oppenheimer,2
GrubHub stock price target raised to $60 from $30 at Susquehanna,2
Hasbro upgraded on earnings growth potential from Entertainment One acquisition,2
"Hasbro upgraded to buy from neutral at UBS, price target $117",2
Heat Biologics started at buy with $1 stock price target at Maxim Group,2
"Home Depot upgraded to outperform from neutral at Credit Suisse, price target raised to $235 from $225",2
Humana stock price target raised to $363 from $319 at Deutsche Bank,2
Huntsman named Conviction Buy at Goldman in chemical sector shuffle,2
Intel stock price target raised to $62 vs. $60 at SunTrust Robinson Humphrey,2
Intercept Pharmaceuticals maintained as buy with $165 price target at Canaccord,2
Invitae Corp. maintained as buy at Benchmark,2
J.C. Penney stock price target raised to $1.00 from 80 cents at B. Riley FBR,2
Jabil stock price target raised to $47 from $36 at CFRA,2
Jefferies analysts lifted Tesla shares to buy while paring the price target 19%.,2
JPMorgan likes Bausch Health in premarket analyst action,2
JPMorgan out bullish on Uber's upside potential,2
Kilroy Realty upgraded to overweight from sector weight at KeyBanc Capital,2
L3Harris started at buy with $280 stock price target at Benchmark,2
Lagging MLP upgraded at Goldman as new projects seen lifting cash flows,2
Ligand Pharmaceuticals started at buy with $135 stock price target at Benchmark,2
Lovesac maintained as buy at Canaccord,2
Lululemon stock price target raised to $260 vs. $222 at Susquehanna,2
Lyft stock gets an upgrade due to competitive positioning,2
LyondellBasell sock price target raised to $107 vs. $99 at BofA Merrill Lynch,2
Magnolia Oil & Gas started at overweight with $14 stock price target at KeyBanc Capital,2
Mesa Air reiterated as outperform at Cowen,2
Microchip Technology stock price target raised to $113 vs. $106 at SunTrust Robinson Humphrey,2
Mizuho raises Intel on aggressive price cuts,2
Molina Healthcare stock price target raised to $165 from $155 at SunTrust RH,2
Morgan Stanley analyst Joseph Moore upgraded NVIDIA (NASDAQ: ) from Equalweight to Overweight with a price tar…,2
Morgan Stanley bullish on Eldorado Resorts ahead of Caesars combination,2
Morgan Stanley joins mortgage sector bulls,2
Morgan Stanley Raises Fortinet's Price Target After Bullish Analyst Day,2
Morgan Stanley upgrades NVIDIA from Equal-Weight to Overweight and announces $259 price target.,2
"Morgan Stanley upgrades Nvidia to buy, predicting 2020 will be 'a return to solid growth'",2
"Munster Doubles Down, Says Apple Has 40% Upside This Year",2
New bull sees 22% upside for Splunk,2
New for subscribers: Morgan Stanley adds Amazon to its list of favorite stocks. Here are the rest...,2
Newmont Goldcorp stock price target raised to $41.50 from $39.50 at B. Riley FBR,2
NLight target raised on Nutronics deal,2
Nokia stock price target raised to $6.00 from $5.50 at MKM Partners,2
Nuvasive upgraded to outperform vs market perform at Leerink,2
"Nvidia Has One Of The Best Opportunities To Maintain High Multiple, Morgan Stanley Says In Upgrade",2
Nvidia stock climbs after Morgan Stanley turns bullish,2
NXP Semiconductors stock price target raised to $139 vs. $128 at SunTrust Robinson Humphrey,2
Olin Corp. stock price target raised to $23 vs. $22 at BofA Merrill Lynch,2
"One analyst says TD could unlock ""significant value"" by selling its minority stake in Ameritrade after its purchase…",2
Onto Innovation stock price target raised to $50 from $40 at Benchmark,2
Owens Corning upgraded at Wells after raising residential insulation prices,2
"Owens Corning Upgraded On Strong Insulation, Roofing Potential",2
Oyster Point Pharma initiated at overweight with $26 price target at JP Morgan,2
"Paul Tudor Jones Sees the Potential for a Stock Market Explosion, to the Upside",2
PennMac Financial rises to record as Piper gets more bullish,2
Piper likes DexCom in premarket analyst action,2
"Pixelworks, Inc. Just Reported And Analysts Have Been Lifting Their Price Targets",2
PPG Industries stock price target raised to $113 vs. $105 at BofA Merrill Lynch,2
Prothena upgraded to outperform from in line at Evercore ISI,2
Purple Innovation initiated at overweight with $12 price target at KeyBanc Capital,2
Quanterix maintained as outperform with $35 price target at Leerink,2
Results: KLA Corporation Beat Earnings Expectations And Analysts Now Have New Forecasts,2
RPM International stock price target raised to $79 vs. $75 at BofA Merrill Lynch,2
S&P Global stock price target raised to $322 from $274 at Stifel Nicolaus,2
Sanderson Farms stock price target raised to $159 from $150 at J.P. Morgan,2
Schlumberger started at buy with $42 stock price target at Deutsche Bank,2
Selvaag Bolig ASA Just Beat Earnings Expectations: Here's What Analysts Think Will Happen Next,2
"SoftBank will have the ""last laugh"" with WeWork deal, one Bernstein analyst says",2
Sonoma Pharma maintained as buy with $9 price target at Benchmark,2
Splunk upgraded to overweight at Morgan Stanley,2
"Starbucks Stock Is a Buy, According to This Investment Bank",2
Starbucks upgraded to overweight at J.P. Morgan after meeting with executives,2
"Stifel Upgrades Parker-Hannifin On Potential Synergies, Industry Recovery Prospects",2
"Stifel Upgrades Wendy's, Bullish On Breakfast And Digital Prospects",2
"Syanptics raised on forecast, margin strength",2
Synaptics stock price target raised to $40 from $32 at J.P. Morgan,2
"Synopsys upgraded to overweight from neutral at JPMorgan, price target raised to $160 from $157",2
TE Connectivity stock price target raised to $95 vs. $94 at SunTrust Robinson Humphrey,2
Teekay Tankers upped two notches to Buy at BAML,2
Texas Instruments stock price target raised to $125 vs. $122 at SunTrust Robinson Humphrey,2
Twitter stock price target raised to $36.50 from $34.50 at Wedbush,2
Twitter stock price target raised to $38 from $36 at SunTrust RH,2
Twitter stock price target raised to $47 from $34 at Susquehanna,2
"Twitter, Inc. Just Reported And Analysts Have Been Lifting Their Price Targets",2
U.S. Well Services initiated at buy with $3.50 price target at Stifel,2
Uber stock price target raised to $45 from $34 at MKM Partners,2
Uber stock price target raised to $49 from $47 at BofA Securities,2
Uber stock price target raised to $50 from $45 at Oppenheimer,2
Uber stock price target raised to $52 from $50 at Wedbush,2
Uber stock price target raised to $54 from $50 at Deutsche Bank,2
UBS raises Peloton’s price target to $40,2
UBS upgrades Hasbro on strong sales of Frozen II dolls into Black Friday,2
UDR upgraded to overweight from sector weight at KeyBanc Capital,2
Unisys stock price target raised to $21 from $18 at Sidoti & Co.,2
UnitedHealth stock price target raised to $338 from $303 at CFRA,2
Upgrades 11/25:,2
Upgrades 4/7: …,2
Vertex Pharmaceuticals stock price target raised to $248 from $240 at BMO Capital,2
Vertical Research expects Allison Transmission to break out,2
Voyager Therapeutics started at outperform with $26 stock price target at Oppenheimer,2
Walt Disney stock price target raised to $143 from $141 at Imperial Capital,2
"Wells Fargo analyst Dori Kesten lifted her rating on Marriott to overweight, noting that the hotel chain's sha…",2
Wells still bullish on T-Mobile after unsurprising CEO change,2
Westlake Chemical stock price target raised to $65 vs. $64 at BofA Merrill Lynch,2
WestRock stock price target raised to $48 from $42 at BofA Merrill Lynch,2
WestRock upgraded to buy from neutral at BofA Merrill Lynch,2
Why Credit Suisse Sees the S&P 500 Gaining 10% in 2020,2
Williams Cos. initiated as buy with $27 price target at SunTrust Robinson Humphrey,2
"Workday added to Goldman's conviction list, stock gains",2
Zendesk stock price target raised to $85 from $75 at Stifel Nicolaus,2
Zendesk targets raised after 'solid' results,2
MKM Partners puts a number on Victoria's Secret,1
Baird returns to Wingstop bull camp,1
Analysts React To FCC Decision On Intelsat C-Band Spectrum Auction,1
Arex Capital ramps up pressure on Zagg,1
Aviation Capital Group Assigned ‘Baa2’ Rating by Moody’s,1
"Benzinga's Top Upgrades, Downgrades For December 17, 2019",1
"Benzinga's Top Upgrades, Downgrades For November 25, 2019",1
BRP Group started at hold with $18 stock price target at Jefferies,1
"BTIG resumes coverage on range of healthcare stocks, neutral on AbbVie",1
Bull camp empty on Sally Beauty,1
CA$10.60 - That's What Analysts Think Vecima Networks Inc. Is Worth After These Results,1
"Chicken Soup for the Soul Entertainment, Inc. Third-Quarter Results: Here's What Analysts Are Forecasting For Next Year",1
"Citron Research, owned by the prominent short seller Andrew Left, placed a $5 price target on",1
"Coin Toss: Morgan Stanley Raises Tesla Bull Case To $500, Keeps Bear Case At $10",1
GDS Holdings Limited Just Released Its Third-Quarter Earnings: Here's What Analysts Think,1
Global Automotive Tensioner Market 2019-2023 | Growing Adoption of Start-Stop System to Boost Growth | Technavio…,1
"Here are the biggest analyst calls of the day: Johnson & Johnson, Canopy Growth, Intelsat & more",1
"Here are the biggest analyst calls of the day: Netflix, Nvidia, Lyft, Molson Coors, Snap & more",1
"Here are the biggest analyst calls of the day: Netflix, Nvidia, Lyft, Molson Coors, Snap & more",1
II-Vi Inc. initiated as neutral at Susquehanna,1
LivePerson started at neutral with $40 stock price target at J.P. Morgan,1
Miller Value Partners Likes These Two Stocks; Bearish on One,1
MKM Partners puts a number on Victoria's Secret,1
Morgan Stanley has a new favorite pick in the chip space,1
MPLX initiated as hold with $28 price target at SunTrust Robinson Humphrey,1
Oppenheimer calls out transformation of big-box retailer,1
"Pipestone Energy Corp. Just Reported, And Analysts Assigned A CA$2.55 Price Target",1
Royal Caribbean Cruises Ltd. Full-Year Results Just Came Out: Here's What Analysts Are Forecasting For Next Year,1
"Spirit Airlines, Inc. Just Released Its Full-Year Results And Analysts Are Updating Their Estimates",1
"Stock Market Update: NVIDIA shares upgraded, Netflix downgraded",1
TJX Q3 FactSet consensus 66 cents,1
"Top Analyst Upgrades and Downgrades: AbbVie, Biogen, Boeing, Etsy, Gilead, GoPro, Micron, Newmont, Peloton, Pfizer, Valero, Zynga and More",1
Twilio Inc. Full-Year Results Just Came Out: Here's What Analysts Are Forecasting For Next Year,1
Upgrades 2/4: Downgrades 2/4: …,1
US$50.08: That's What Analysts Think Weibo Corporation Is Worth After Its Latest Results,1
Valaris started at hold with $4 stock price target at Deutsche Bank,1
William Blair sees rivals pressing Viasat,1
Aggressive Fed boost fails to stop sell-off #Samp;P500 #economy #MarketScreener,0
Bank of Ireland cuts key profit target as low rates take toll,0
Bank of Nova Scotia : Scotiabank CEO expects 'somewhat elevated' loan losses for 3-4 quart... #BankofNovaScotia…,0
Breakingviews - Fed's ultra-loose efforts will cast long shadow,0
European banks slash $280bn from main US businesses,0
Europe's banks were only halfway through cleaning up more than $1 trillion of loans that turned sour in the last cr…,0
"Eurozone banks' returns were already hurting before COVID-19, ECB says",0
Fed Liquidity Drain Spoils Virus-Surge-Inspired Stock Buying-Panic | Zero Hedge,0
Fed policymakers working to limit damage as pandemic puts U.S. economy on pause,0
Fed Report : Small-Business Sector Highly Vulnerable to Coronavirus Crisis--Update #FedReport #economy…,0
"Fed Warns Virus Poses ‘New Risk’ to Global Growth, Markets",0
Fed's Bullard: China to 'slow noticeably' in first quarter due to virus,0
"Fed's corporate credit measures to limit buybacks, dividend",0
Fed's Williams: Risks to U.S. economy still to the downside,0
"Former Fed chief Bernanke sees bad year, no quick recovery #economy #MarketScreener",0
"Janet Yellen says a V-shaped economic recovery ""is possible,' but she is ""worried that the outcome will be worse""",0
Lagarde Says ECB Running Out of Room to Fight Global Threats,0
"Lagarde Says ECB's Options Limited by Low Rates, Low Inflation",0
New #IMFBlog shows that long-lasting credit booms that featured rapid construction growth never ended well.…,0
Overall Fed Temporary Liquidity Continues to Shrink #economy #MarketScreener,0
Schweizerische Nationalbank : Switzerland Loses Grip on World's Lowest Borrowing Costs -- ...…,0
Some officials worried about the bank's decision to drop self-imposed limits on the ECB's bond purchases,0
"Thailand has a limited space to deliver a “strong dose” of monetary policy, central bank governor says as he cautio…",0
The Federal Reserve's rescue of the overnight lending market appears to be having an unintended side effect: it's j…,0
UAE stimulus to help bank liquidity but may increase problem loans - Moody's #economy #MarketScreener…,0
UPDATE 2-China cbank warns high financial risks amid rising economic headwinds,0
"Yellen Blames ""Enormous Debt And Buybacks"" For Coming Default Wave; Morgan Stanley Says It's All The Fed's Fault",0
"Fed Chair Powell: 'no reason' rising wages, job gains can't continue",2
"Federal Reserve Chairman Jerome Powell said the U.S. economy is 'resilient,' even as he cited the potential threat…",2
Fed's 'bazooka' soothes dollar funding squeeze,2
Fed's Daly says U.S. economy well placed to weather storms,2
Fed's Daly says US job market still has room to run,2
Fed's Kaplan: Inflation Will Be Muted For Some Time (Radio),2
Fed's Mary Daly says current interest rates put economy 'in a good place to weather the storms',2
"Fed's Mester, upbeat on outlook, say central bank can watch and wait on interest rates",2
Fed's Rosengren says he is 'optimistic' on economy,2
Fed's Rosengren says U.S. unlikely to have economic downturn in 2020,2
World Bank's Malpass upbeat on prospects for progress on debt relief #economy #MarketScreener…,2
"Commercial and industrial loans at all commercial banks fall to $2.345 trillion, down $7 billion from a week earlie…",1
Czech interest rates could stay where they are for another year as global risks cloud the outlook for the export-or…,1
ECB bought record debt volumes last week in crisis fight #economy #MarketScreener,1
Fed Chairman Jerome Powell says central bank 'watching carefully' as firms brace for wave of missed mortgage paymen…,1
Italy's top bank unveils new lending measures as firms battle cash crunch,1
"The Fed may lower the rate on its support facility for money market funds, strategists say",1
Federal Reserve will establish facility to facilitate lending to small businesses via the Small Business...,1
Fed revives TALF to bolster ABS market,1
The Fed to establish term financing for small business loans,1
.@WorldBank Group asks #G20 leaders to suspend debt repayments from poorest countries. This will help focus critica…,1
Asset Allocation Committee Outlook 2Q2020 | Contagion. #economy #markets #investing,1
"Australia central bank pumps liquidity, proposes bond buys to ease financial conditions",1
"Australia plans an additional A$66 billion ($38.2 billion) in stimulus for the coronavirus-stricken economy, includ…",1
Bank of Israel expands its crisis QE with $13.6 billion in bond buying,1
Brazil's central bank stepped in to prop up the currency,1
Central Bank actions will contribute to easing the economic impact of the pandemic - Governor Gabriel…,1
ECB makes it easier for banks to tap credit amid coronavirus crisis,1
ECB to ease collateral requirements for banks looking to borrow #economy #MarketScreener,1
"eib: #MustRead➡️EIB Bank Lending #Survey for #CESEE shows optimistic opinion of the region, positive profitability…",1
"Fed, saying aggressive action is needed, starts unlimited QE",1
Fed's Quarles says 2-3 weeks away from getting loans to mid-sized U.S. businesses through its newly created Main St…,1
"Fed's Quarles: ""Main Street"" loans like two to three weeks off as details finalized",1
Governments and central banks globally have pledged a dizzying $3 trillion-and counting. But companies are struggli…,1
"IMF encouraged by recovery in China, but pandemic could resurge",1
Instant View: Fed launches unprecedented range of credit support,1
Italy announces guarantees for bank loans worth over 400 billion euros,1
Mexico cuts its key rate for a 5th time amid economic stagnation,1
Mexico's central bank cut its key interest rate for a fifth straight decision,1
Mexico's central bank cuts interest rates to three-year low,1
"Powell Admits ""Low Rates Are Not A Choice Any More"", Says QE Will Be Used In Next Downturn | #FreeZeroHedge",1
Powell: Fed will use 'QE' aggressively to fight next recession,1
SNB's sight deposit holdings rise by second-highest level in 12 months,1
"The Bank of Korea is taking unprecedented action in the face of coronavirus-not about the rate decision itself, but…",1
The Fed moved to bolster a new small-business lending program by allowing banks to turn those loans over to the U.S…,1
The Fed's foray into corporate bonds and certain credit ETFs helping restore order between the two markets,1
The U.K. is tapping fintechs and the Queen's Bank for its emergency lending program,1
FOMC dot plot indicates a long pause,1
"""In my time at the Fed, I've seen how changes in business and consumer confidence impact the economy as a whole,"" P…",1
"""It's not really time yet to stimulate spending,"" former Fed Chair Ben Bernanke said today, adding that it will ""ha…",1
"""The Committee also directs the Desk to continue conducting term and overnight repurchase agreement operations at l…",1
"""the Committee directs the Desk to continue purchasing Treasury bills at least into the second quarter of 2020 to m…",1
"""The Fed Can Lend To Anybody"": Watch Live As Bernanke Holds Virtual Discussion On US Economy",1
"""What we clearly see again is unelected central banks, having failed at their mandates, to pivot to politics to try…",1
Fed's Daly discusses shifting focus to higher inflation,1
.@TimLampkin of @higherpurposeco says that being a part of the St. Louis Fed’s Community Development Advisory Counc…,1
@TimLampkin of @higherpurposeco says that being a part of the St. Louis Fed’s Community Development Advisory Counci…,1
A Rate Cut From Russia?,1
A WSJ primer on the central bank's novel $600 billion direct-loan program,1
An emerging priority for Powell Fed: The plight of the poor,1
"Applications for participation in the Fed's Commercial Paper Funding Facility must be submitted by Thursday, the Ne…",1
"Argia Sbordone shared findings from ""Anchoring of Inflation Expectations"" at today’s joint New York Fed-European Ce…",1
"Bank of Canada can buy corporate, municipal bonds if necessary #taux #MarketScreener",1
"Bank of Canada gets authority to buy corporate, municipal debt",1
Bank of Canada’s Poloz Sees Era of Low Global Interest Rates,1
Bank of England activates emergency liquidity measure,1
Bank of England Governor Mark Carney offers his backing to a key plank of UK Prime Minister Boris Johnson's economi…,1
Bank of England Mark Carney is hanging up his hat. So what's next for the central bank leader? @flacqua sits down…,1
Bank of Ireland : Gov Co - 7 KB #BankofIreland #Stock #MarketScreener,1
Bank of Ireland : Notification of Significant Shareholding - 99 KB #BankofIreland #Stock #MarketScreener…,1
Bank of Ireland : Pillar 3 Disclosures #BankofIreland #Stock #MarketScreener,1
Bank of Ireland : to make branch network changes in response to COVID-19 #BankofIreland #Stock #MarketScreener…,1
Bank of Jamaica : 14-Day Repo Auction Results #BankofJamaica #economy #MarketScreener,1
Bank of Jamaica 14-Day Repo Auction Results -10 February 2020 #Stock #MarketScreener,1
Bank of Jamaica 30-day CD Auction Press Release - 24 February 2020 #Stock #MarketScreener,1
Bank of Japan : Accounts (March 20) #BankofJapan #Stock #MarketScreener,1
Bank of Japan : Statistics on Securities Financing Transactions in Japan (Jan. 2020) #BankofJapan #economy…,1
Bank of Japan : The Results of BIS International Locational Banking Statistics and Interna... #BankofJapan #Stock…,1
Bank of Mexico Makes Fifth Consecutive Rate Cut -- Update #economy #MarketScreener,1
Bank of Nova Scotia : Acting Administrator Pilkerton's Statement on USMCA Agreement #BankofNovaScotia #Stock…,1
Bank of Queensland : Trading Halt #BankofQueensland #Stock #MarketScreener,1
Banks To Make Risk-Free Killing On Small Business Bailout: Fed Will Buy Payroll Loans Issued By Banks,1
BoE's Haldane: We have not yet hit peak globalisation #economy #MarketScreener,1
BOJ Seen Staying on Hold This Week After Abe Stimulus: Survey,1
Brazil Caps Record-Breaking Easing Cycle With Final Rate Cut,1
Canadian Banks Have Succulent Yields. #economy #business #trading,1
Central Bank of Philippines : Bangko Sentral ng Pilipinas Convenes the Financial Education...…,1
Central banks must evolve to help governments fight coronavirus,1
"Chair Powell presents the Monetary Policy Report to the Senate Committee on Banking, Housing, and Urban Affairs:…",1
Chairman Jerome Powell speaks after Fed leaves interest rates unchanged,1
"China still has room for conventional monetary expansion, but its ability to deal successfully with a crisis depend…",1
China to Price Existing Loans With New Benchmark Lending Rates #taux #MarketScreener,1
China’s Rate Cut Also An Insurance Policy As Hong Kong Crisis Worsens,1
Chinese Media Stunner: China Will Be The Next Country To Cut Rates To Zero,1
Christine Lagarde Can Face Down the ECB Skeptics,1
Cleveland Fed President Says Coronavirus Requires Careful Monitoring #economy #MarketScreener…,1
Commerzbank told to speed up restructuring by ECB,1
Coronavirus fears raise market expectations for Fed rate cut in March by @bcheungz,1
Czechs’ Unexpected Rate Hike Lifts Koruna to Seven-Year High,1
Dealers gobble up funding in Bank of Canada's first BAPF operation #economy #MarketScreener,1
"Derby's Take: Even Post-Coronavirus, Swollen Fed Balance Sheet Will Remain",1
Did The Fed's QEternity Just Kill A Fiscal Stimulus Deal?,1
ECB keeps rates unchanged,1
ECB's house price headache too big to solve,1
ECB's new chief Christine Lagarde has a deal for bank policymakers - cut out the open dissent and she'll spend more...,1
Egypt's central bank governor appointed for second term -state media #economy #MarketScreener…,1
Emerging-economy central banks from India to Brazil still enjoy the firepower to shore up the global economy,1
EU bank regulators lay out tougher doomsday stress test,1
European Central Bank keeps key deposit rate at -0.5%,1
"Expect next round of virus stimulus by May, and somewhere in the $1.5 trillion neighborhood - FBN, citing Wall Stre…",1
Explainer: How the Fed's latest move will get money to Main Street #economy #MarketScreener,1
Exploration deepens into central bank digital currencies,1
"Fed Adds $72.8 Billion to Markets, Balance Sheet Moves to $4.07 Trillion--Update #economy #MarketScreener…",1
Fed Aims a Half-Trillion Dollar Liquidity Hose at Year-End Risks,1
"Fed bombards credit markets with limitless pledge, but investors barely respond",1
"Fed Chair Jerome Powell says “Low rates are not really a choice anymore, they are a fact of reality'",1
Fed Chairman Jerome Powell puts lawmakers on notice that fiscal policy may need to play a bigger role countering do…,1
Fed Chairman Powell thought it was 'terrific' that a senator defended him against Trump,1
"Fed Has Given Economy a Cushion and Should Cut Mid-Year, Economist Swonk Says",1
"Fed Intervenes With $45.55 Billion Weekend Repo, But Overall Liquidity Ticks Down",1
"Fed is ‘super-glued’ to its seat until after the election, economists say after stellar jobs report",1
Fed is now effectively the 'lender of last resort' to Main Street not just Wall Street,1
"Fed is watching virus effects, flags 'elevated' business debt in report",1
Fed Monitoring Coronavirus Outbreak and Risks for Broader Disruptions -- 4th Update #economy #MarketScreener…,1
Fed nominee Judy Shelton faces bipartisan concerns in Senate,1
Fed nominee Shelton gets bipartisan grilling in Senate,1
Fed policymaker says more evidence needed for rate cut,1
Fed Preparing to Purchase New Small Business Payroll Loans,1
"Fed Provides More Liquidity; Phase 1 Trade Deal, But No Corroboration On Jobs Report",1
Fed Pumps $70.2 Billion in Short-Term Liquidity Into Markets #currency #MarketScreener,1
Fed Repo Action Oversubscribed in Clamor for Year-End Funds,1
"Fed report: #OpportunityOccupations, jobs that don’t require a 4-yr #collegedegree & pay above the national annual…",1
Fed says it will provide financing against new 'payroll protection' loans #economy #MarketScreener…,1
"Fed says Powell met with Trump, Mnuchin on Monday at White House",1
Fed sets up facility to create secondary market for new small business loans,1
Fed to beat a faster retreat from repo market,1
Fed to establish facility to facilitate lending to small businesses via SBA's PPP by providing term financing backe…,1
Fed Unveils Major Expansion of Market -2- #economy #MarketScreener,1
Fed Unveils Major Expansion of Market Intervention -- 4th Update #economy #MarketScreener,1
"Fed warranty: will keep rates unchanged until 2021, or until there is a 5% drop in stocks, whichever comes first",1
Fed: Powell stressed policy dependent on incoming information,1
Fed’s Jerome Powell steered divided committee toward policy shift in effort to bolster economy,1
Federal Reserve Bank of St. Louis President James Bullard said that the U.S. should declare a three-month break for…,1
Federal Reserve Board announces termination of enforcement actions with Discover Financial... #Stock…,1
Federal Reserve Chairman Jerome Powell came close to acknowledging that the central bank may not have the firepower…,1
Federal Reserve Continues To Step Up. #stocks #markets #economy,1
Federal Reserve just saved the stock market from the worst of the coronavirus pandemic -it may be time to invest ag…,1
Federal Reserve lowers community bank leverage ratio,1
Federal Reserve Shows Specifically How Much Uncertainty Has Hurt the Stock Market,1
Federal Reserve System publishes annual financial statements:,1
Federal Reserve to backstop Payment Protection Program loans by @bcheungz,1
Fed's Bullard: Don't take the economy's temperature until July 1,1
Fed's Kaplan says revisiting some stress testing rules could help ease repo pressures,1
Fed's Kaplan Sees Risks to Outlook as 'Fairly Balanced',1
"Fed's Kaplan Talks Economic Outlook, Trade and Credit Spreads",1
Fed's Mester says policymakers want to prevent 'lasting damage' to the economy,1
Fed's Mester says she opposed recent series of rate cuts but called it a 'close call',1
"Fed's Mester sees 'downside risk' from coronavirus, but does not want to cut rates",1
"Fed's Mester sees U.S. economy performing well, coronavirus a 'big risk' #economy #MarketScreener…",1
"Fed's Mester would have preferred no rate cuts in July, September",1
Fed's Powell disputes notion that federal welfare programs are dissuading Americans from seeking work,1
Fed's Powell to update on economy Thursday in webcast statement #economy #MarketScreener,1
Fed's Powell: U.S. economy 'resilient' but coronavirus a risk #economy #MarketScreener,1
Fed's Rosengren urges patience in considering policy changes,1
Fed's Williams says interest rates policy is in a good place but 'not locked-in',1
Finance ministers and central bank governors from the Group of 20 nations joined an emergency call on Monday,1
"Financial conditions are in the driver seat for investors and the Fed rate decisions, says Jeffrey Rosenberg of Bla…",1
Former Federal Reserve chairwoman Janet Yellen thinks America's banks should slam the brakes on dividends to make s…,1
Futures traders are no longer fully pricing in a quarter-point cut from the Federal Reserve next year after the U.S…,1
Helicopter money is a valid tool for central bankers,1
Helicopter Money Might Be the ECB’s Best and Worst Options,1
Hellenic Exchanges : Transactions by Eurobank Equities (regulated information - Law 3556/2... #HellenicExchanges...,1
Hellenic Exchanges : Transactions by National Bank of Greece (regulated information - Law ... #HellenicExchanges…,1
Here is what the People’s Bank of China is really up to,1
Honduras - DRM Development Policy Credit with a Catastrophe Deferred Drawdown Option (Cat DDO) #economy…,1
IMF African Department Director Abebe Aemro Selassie will be on @CNBCAfrica today at 5pm Lagos Time (12pm DC Time)…,1
IMF and World Bank consider #Somalia eligible for debt relief on initial assessment. This is an important milestone…,1
IMF to continue new-loan talks with Ukraine in coming weeks #economy #MarketScreener,1
"In ""Unprecedented"" Move To Ease Conditions, ECB Cuts Collateral Haircuts By 20%, Will Accept Greek Debt As Collater…",1
"In first #MENA emergency financing, the IMF approved US$745 million to support #Tunisia's efforts to address the hu…",1
India Unveils Steps for Bad Loan-Laden Banks to Boost Credit,1
Indonesia’s central bank sounded a more cautious tone on interest rates,1
Inflation remains low and Fed Chairman Jerome Powell has as good as ruled out a rate increase unless price growth p…,1
Interest rate conditions of the Magyar Nemzeti Bank effective from 8 April 2020 #economy #MarketScreener…,1
"It may seem odd for the Federal Reserve to buy ETFs, but it's not unprecedented for a central bank -œ Japan did it f…",1
"It was 7 years ago that Jerome Powell said ""we look like we are blowing a fixed-income duration bubble right across…",1
"Italian banks ready new measures as economy stops, but debt goes on",1
"James Bullard, President of the Federal Reserve Bank of St. Louis, discusses the Federal Reserve's ""planned tempora…",1
Japan panel warns against fiscal complacency amid low rates #taux #MarketScreener,1
Jerome Powell told lawmakers Tuesday that the Fed will never declare victory on one of its mandates: full employment,1
Kenya Cuts Rates After Scrapping Loan-Price Cap to Boost Growth,1
Kenya’s central bank lowers interest rates for the first time in 16 months,1
Kenya’s central bank lowers interest rates for the first time in 16 months,1
Komileva: Central Banks Far from Normalizing,1
Lagarde Says All the Blame Can’t Be Dumped on ECB Negative Rates,1
Latin America Price Surprise Fails to Move the Dial on Rate Bets,1
Lawmakers interviewed gave Fed Chairman Jerome Powell high marks for his unwillingness to be drawn into a spat with...,1
"Liquidity Warning: Fed Shrinks Overnight Repos By $20BN, Term Repos By $10BN | Zero Hedge",1
LIVE NOW: Press conference with #FOMC Chair Powell: and,1
LIVE: Fed Chair Jerome Powell delivers remarks at the decade's last FOMC meeting,1
LIVE: Fed Chair Jerome Powell speaks on today's decision to hold rates ▶️,1
"Market participants submitted bids for nearly twice what was on offer in the Fed’s 42-day term repo operation, whic…",1
Mexico's central bank defends autonomy as AMLO concern lingers,1
"Monetary policy is in the 'right place', Fed's Williams says",1
"Monetary Policy Statement - March 24, 2020 (24.03.2020) #Stock #MarketScreener",1
Monetary Policy: Das’ Draghi Encore Comes With Risks,1
"Monetary Policy: RBI Returns To A More Active Credit Policy To Boost Retail, MSME Credit",1
MPC Decision: MPC Keeps Rates On Hold Amid ‘Highly Uncertain’ Inflation Outlook,1
N.Y. FED'S 42-DAY REPO OP. OVERSUBSCRIBED; $49.05B OF BIDS,1
New BoE governor makes plea to Brussels on City access,1
New developments added to @FedFRASER's COVID-19 timeline in the latest week: second historic rise in unemployment i…,1
"New staff study by Kenneth Garbade examines the efforts of the Federal Open Market Committee to first control, and…",1
New York Fed opens registration for commercial paper funding facility,1
New York Fed to further reduce repo support,1
New York Fed to start publishing SOFR averages in March,1
"New Zealand’s central bank doesn’t expect its new bank capital rules to present a headwind for the economy, which l…",1
Next BoE governor makes City access plea to Brussels,1
Norway's central bank governor warns politicians against meddling too much with the country's massive sovereign wea…,1
Now available: Weekly data on the Assets and Liabilities of Commercial Banks in the United States: #FedData,1
"NY Fed Offers First Year-End Repo, Adds $93.5 Bln in Cash Banks Seek Liquidity @mdbaccardax",1
Off the 'QT': Does Federal Reserve nominee Judy Shelton have a balance sheet problem?,1
"Once we have more clarity about the new coronavirus outbreak, expect interest rates to rise, says Quicken Loans CEO…",1
Orr May Signal Readiness to Cut Rates as Virus Hits New Zealand's Economy,1
Parkmead : Bank of Jamaica 14-Day Repo Auction Announcement -25 November 2019 #Parkmead #Stock #MarketScreener…,1
"Patrick Harker, President of the Philly Fed, is due to speak now.",1
PBOC Tells Property Speculators That ‘Homes Are For Living In’,1
PBOC Will Resolve Risks Gradually as Downward Pressure on Chinese Economy Has Increased #economy #MarketScreener…,1
Peter Conti-Brown On The CARES Act And The Expanding Fed-Treasury Relationship In Response To COVID-19.…,1
Powell's 'half-full' U.S. glass sturdy but still at risk for spills as Fed meets,1
President Trump meets with Fed Chairman Powell to discuss economy,1
Press release on the Monetary Council meeting of 7 April 2020 #economy #MarketScreener,1
Property Lenders Surge After India Central Bank Eases Cash Rules,1
QE Infinity: So It Begins. #business #stocks #stockmarket,1
Rate futures surge as coronavirus seen pushing Fed to ease,1
Read the latest FOMC statement,1
"Regional Fed leaders favored holding rates steady for now, but that any worsening of novel coronavirus could affect…",1
Rise of the intangibles is pushing down on central bank rates - BoE's Haskel,1
Robert Kaplan Says Fed Should Hold Barring ‘Material’ Change in Outlook,1
"Russia Delivers Sixth Straight Rate Cut, Signals Further Easing",1
"Russian and Romanian Rate Decisions, Commodity Chaos: Eco Day",1
Saudi Arabian Monetary Agency : SAMA Licenses HalalaH and BayanPay Companies #SaudiArabianMonetaryAgency #economy…,1
SBI Cuts MCLR-Based Lending Rates By 5 Basis Points Across Tenors,1
Sizing Up the Fed's Historic Coronavirus Crisis Intervention #Samp;P500 #economy #MarketScreener…,1
South African Reserve Bank : Regulatory relief measures and guidance to the banking sector...…,1
St. Louis Fed President Jim Bullard recommends declaring a “National Pandemic Adjustment Period' and discusses thre…,1
"Stock market live updates: Former Federal Reserve Chair Janet Yellen said the economy is in the throes of an ""absol…",1
Stock Market Update: President Trump meets with Fed Chair Powell,1
"Sweden's Riksbank underscores its commitment to zero interest rates, despite cutting its inflation forecast",1
"Swedish central bank set to keep rates steady on Feb. 12, and through 2021: Reuters Poll",1
Thailand's central bank faces a fresh battle to contain the baht's strength,1
The Bank of England is launching an extra weekly liquidity facility after banks' demand for cash soared at its regu…,1
"The Bank of Israel extends its pause in interest rates, surprising most economists",1
The ECB dived into the fight to save the economy with 34 billion euros of bond purchases last week,1
The ECB ramped up its government bond buying program even before it boosted quantitative easing by an extra $805 bi…,1
The ECB will accept junk-rated Greek government bonds as collateral as part of wide-ranging measures to ease lender…,1
"The ECB will probably decide to take better account of home costs in its inflation measure, but there's unlikely to…",1
The Fed and the Treasury will start buying debt issued by banks that lend through the government's small businesses…,1
The Fed and Treasury Department are planning to launch a program to buy loans that financial firms make through the…,1
"The Fed announced a massive second wave of initiatives to support the U.S. economy, many specifically targeting com…",1
"The Fed announced new programs to help markets, the NYSE begins trading remotely today, and Trump activated the Nat…",1
The Fed Faces a Housing Conundrum,1
The Fed is going all in to try and ramp up the economy. Will it be enough? Insights via @CMEGroup,1
The Fed is going all in to try and ramp up the economy. Will it be enough? Insights via @CMEGroup,1
The Fed is going to buy ETFs. What does it mean?,1
The Fed Is Now Buying Investment Grade Bond ETFs Like LQD,1
"The Fed is on hold for now, but it might not take much to change that",1
The Fed may be about to get a lot more involved in the bond market (via @bopinion),1
The Fed plans to lend directly to companies outside the banking system. Former Fed Governor Narayana Kocherlakota s…,1
The Fed Says 'Helicopter Money' Is Here. #stocks #business #stockmarket,1
The Fed sidesteps a bickering Congress with sweeping rescue plan,1
The Fed took the lid off QE. Here's how the central bank has been responding to the coronavirus crisis…,1
The Fed will create a new facility to help speed support to small businesses through the government's coronavirus s…,1
The Fed will launch a barrage of programs aimed at helping markets function more efficiently in the wake of the cor…,1
The Fed’s interventions are aimed at ensuring that the financial system has enough liquidity and that short-term bo…,1
The Federal Reserve assured the nation that the Central Bank has an essentially limitless ability to provide liquid…,1
The Federal Reserve Bank of New York added liquidity to financial markets Thursday in what is effectively a short-t…,1
The Federal Reserve is signaling it will do whatever it takes to save the coronavirus-ravaged American economy from…,1
The Federal Reserve is wading into the $3.9 trillion municipal-bond market. But the central bank still has more l…,1
The Federal Reserve on Monday announced a massive second wave of initiatives to support a shuttered U.S. economy,1
The Federal Reserve on Monday once again stepped in to shore up the lending market as it rolled out an array of pro…,1
The Federal Reserve on Monday rolled out an extraordinary array of programs to backstop an economy reeling from res…,1
"The Federal Reserve took more extraordinary measures to keep the economy from seizing up, but it can't soften the b…",1
The Fed's Emergence as a Power Player Poses New Risks to Its Independence #economy #MarketScreener…,1
"The IMF has three main roles: economic policy advice, lending, and capacity development. How did we serve our 189 m…",1
The IMF is providing emergency financial assistance to member countries facing the economic impact of the #COVID19…,1
The IMF may launch a new program that could back up the Fed's campaign to keep dollars flowing in the global economy,1
The IMF says that Uganda will spend as much as a fifth of government revenue on interest payments,1
"The man about to become Britain's top central banker says the U.K. should be free to change its own rules, ahead of…",1
"The New York Fed said it will shrink its repurchase agreement operations further, starting with Friday's overnight…",1
"The NY Fed said it accepted $25 billion in bids, from a total of $49 billion placed at the central bank",1
The quarterly handoff in Treasury shorts is riskier than normal,1
The Russian government tapped its sovereign wealth fund to purchase the central bank's 50% holding in the country's…,1
"The St. Louis Fed is proud to assist @USTreasury in presenting Your Guide to America’s Finances, an annual snapshot…",1
The stricken Bank of Jinzhou will unload $21 billion of assets to the central bank for less than a third of theirÃ‚Â r…,1
The target for the overnight interbank funding rate is decreased by 25 basis points #Stock #MarketScreener…,1
"The U.S. should declare a 3-month break for nonessential businesses, says St. Louis Fed president",1
"The worst scramble for cash is happening in an opaque corner of the market, where the Fed has little control, write…",1
"Today, the IMF Executive Board approved a disbursement of €176.5 million to #NorthMacedonia. This financial suppor…",1
Traders are now trying to get ahead of the Fed's purchases,1
Traders Maintain Amount of Fed Easing Seen in 2020 After Jobs,1
Trump doubles down on lower rates at Powell meeting,1
"Trump says he talked about interest rates, dollar strength with Powell",1
Tunisia eyes IMF talks in March on sixth review of loan deal -minister #economy #MarketScreener…,1
Turkey is trying to stop emergency loans intended to boost its economy during the coronavirus slowdown from fueling…,1
Two Regional Fed Chiefs Lay Out Aggressive Coronavirus Response -- Update #economy #MarketScreener…,1
Two top BOE officials suggested that the UK financial system's rules may have to diverge from the EU's after Brexit,1
"U.S. banks cram for Fed risk test, with ripple effects in repo #economy #MarketScreener",1
"U.S. Fed buys $427 million of mortgage bonds, sells none",1
U.S. to Block Iran's Request to IMF for $5 Billion Loan to Fight Coronavirus -- Update #economy #MarketScreener…,1
"U.S. Treasury, Fed working on 'Main Street,' municipal loan facilities - Mnuchin #economy #MarketScreener…",1
UK banks' dollar demand rises to $3.555 billion: BoE repo operation,1
UK watchdog gauging how virus affects plan to retire Libor,1
US Fed admits Libra has potential to ‘rapidly’ achieve mass adoption,1
US Treasury To Ask For $200 Billion More In Small Business Loans,1
Vital conversations happen all around the Eighth Federal Reserve District. One of the ways we listen is through our…,1
Watch Fed Chairman Jerome Powell's news conference live,1
Watch Live: Fed Chair Powell Avoid Admitting QE4 Has Begun & Repocalypse Is Imminent,1
WATCH: Fed Chair Powell holds a press conference following the FOMC's unanimous decision to leave interest rates un…,1
"'We know that there will be very likely some effects on the United States', said the Fed chairman Jay Powell about…",1
Well laid plans at the Federal Reserve keep getting blown off course by the trade war (via @RichMiller28 &…,1
What the Fed meeting minutes could say about interest rates that Powell didn't say,1
What to look for when Fed Chair Powell meets with Congress this week,1
Will the Fed provide any stimulus to the U.S. economy? Look to the equities market for clues. Insights via @CMEGroup,1
"With coronavirus ravaging the US economy, the Federal Reserve may have to get creative. CNN Business'…",1
"With latest moves, Fed becomes creditor in chief for U.S. business #economy #MarketScreener",1
World Bank could deploy $150 billion over 15 months in coronavirus battle - Malpass #economy #MarketScreener…,1
World Bank Suggests Creating ‘Brand Northeast’,1
"Yellen says the Fed doesn't need to buy equities now, but Congress should reconsider allowing it",1
Zimbabwe Central Bank Reverses Policy and Halves Key Rate to 35%,1
"""I’ve owned the Apple Card for 3 months…this is why it sucks.""",0
"""That's Not Safe! Somebody's Going To Die!"": Senator Markey Slams Tesla Autopilot At Commerce Committee Hearing",0
"""We Totally Failed As A Business"": Unicorn Scooter Impales Investors After Company Goes Hooves-Up",0
"$300,000 Pilot Jobs Drying Up in China After Boeing Grounding",0
American halts flights to Mainland China,0
Partial response in Amgen brain cancer study,0
Abraxas Petroleum: Poor Liquidity Points To A Chapter 11 May Be On The Horizon.,0
Abraxas Petroleum: Poor Liquidity Points To A Chapter 11 May Be On The Horizon.,0
737 MAX crisis claims job of Boeing's top communications official,0
Caterpillar sees more weak demand ahead as firms defer capital decisions,0
CymaBay Therapeutics halts clinical development of Seladelpar based on initial histological findings observe…,0
FDA advisory committee thumbs down on Correvio's Brinavess for AF,0
CytoSorbents says temporarily pausing enrollment of REFRESH 2-AKI study at the recommendation of its Data...,0
La Jolla Pharma to reassess development of LJPC-401,0
Citron and Muddy Waters at odds over Luckin Coffeee,0
Uber CEO comments on London license loss,0
Unilever U.S. recalls some chicken products,0
"“Vaping is taking us backward,” CVS Health CEO Larry Merlo says. “Something has to be done.”",0
2020 Will Be Another Year of Pain for Tanger,0
"After Growing 16% In 2 Years, Why Did Lowe’s Number Of Stores Decrease?",0
Airbus : Boeing deliveries halved in first eleven months of 2019 #Airbus #Stock #MarketScreener…,0
Apple closing all China stores and offices,0
"Apple saw China iPhone units fall in November, Credit Suisse says",0
"As a reminder, JPMorgan remains the riskiest bank with the highest GSIB score of any bank and a 4.0% surcharge.",0
"As Liquidation Threat Looms, Jet Airways Bidders Still Not Ready",0
Axonics launches $110M equity offering; shares down 3% after hours,0
BlackRock admonishes Siemens for environmental actions,0
Boeing deliveries halved in first eleven months of 2019,0
Boeing Forced to Halt 737 MAX Production,0
Boeing to suspend 737 Max production in January,0
"Boeing, suppliers slip as Wall Street counts MAX halt costs",0
"Boeing's halt to 737 MAX production could ding U.S. economy, jobs",0
Breaking - United suspends flights to China as coronavirus outbreak continues,0
Bristol-Myers' Opdivo + Yervoy disappoints in melanoma study,0
Bumble Bee files for bankruptcy after $25 million fine for tuna price fixing,0
"Bumble Bee Foods filed for bankruptcy, blaming its ""recent and significant legal challenges.""",0
Burberry says coronavirus hurting luxury demand,0
Burberry Says Viral Epidemic Devastates China Sales,0
BW Group trims its stake in DHT Holdings,0
California department to reject Sezzle's application for lending license in state,0
Canadian National Laying Off Workers,0
Carmakers close Chinese factories because of coronavirus,0
China’s Coronavirus Set To Dampen Economic Growth In The United States,0
Coronavirus reports hang over cruise line sector,0
CORRECT: Tapestry estimates 2020 negative impact of $200 mln-$250 mln from coronavirus outbreak in China,0
"CORRECTED-Nissan recalls nearly 400,000 vehicles over braking system defect (Nov. 16)",0
Credit Suisse's Top Investor Wants Chairman to Follow CEO Out,0
Delta and American airlines halt flights to China in response to coronavirus,0
"Delta has decided to temporarily suspend all flights from the US to China from February 6 through April 30, due to...",0
Disney+ faces backlash over 'The Simpsons' aspect ratio,0
DNA testing company Veritas Genetics is suspending American operations and cutting all U.S. staff after a financing…,0
Efforts to save South African Airways by placing it into bankruptcy protection hit a snag,0
Electrolux to incur $70 million charge for U.S. overhaul,0
Expedia's Problems Run Deeper Than SEO Headwinds,0
Facebook under fire as political ads vanish from archive: FT,0
Factbox: Automakers close factories in China due to virus outbreak,0
Finnair cancels 276 flights as unions join solidarity strike #FinnairOyj #Stock #MarketScreener…,0
"Ford Recalls More Than 500,000 Pickups for Fire Risk",0
Ford risks Mustang fan backlash with SUV: They'll need to pry gas-powered Mustangs from 'my cold dead fingers',0
Frozen Wells Fargo Bonuses Show a Peril for Bankers After Crisis,0
"FTC's Look Into Facebook A 'Negative Development,' Says RBC's Mahaney",0
Gilead's Second CAR-T Treatment Suffers the Same Issues as Yescarta,0
Goldman partner embroiled in 1MDB scandal exits bank - FT,0
"Gulfport Energy to stop share buybacks, cut jobs; Houston to leave board",0
Harvest Health becomes latest cannabis company to scale back a previously-agreed deal,0
"Hexo's Q1 Report Could Be Ugly, Says Cantor Fitzgerald",0
Honda may keep Wuhan plants closed longer due to outbreak: Nikkei,0
"Hong Kong Airlines to cut 400 jobs, ask employees to take unpaid leave: SCMP",0
"Hong Kong Airlines to cut 400 jobs, operations as coronavirus hits travel",0
"Hyundai Motor, Kia Motors to keep Chinese factories idled until February 16",0
IFA Irish Farmers Association : HAND IN LETTERS OF PROTEST TO MEAT INDUSTRY IRELAND AND MI... #IFA #economy…,0
"In a sharply worded letter, HP told Xerox it has “significant concerns about both the near-term health and long-ter…",0
"ING's Fourth-Quarter Results Were Quite Challenging, Says CFO",0
J.C. Penney Again at Risk Of NYSE Delisting,0
Jaguar Land Rover to cut output at two UK factories,0
La Jolla Pharma to reassess development of LJPC-401,0
La Jolla Pharmaceutical to reassess continued development of LJPC-401 based on clinical results,0
Lifeblood of Amazon merchants threatened as coronavirus infects Chinese workers,0
Loonie dips as Bank of Canada official points out uncertainties,0
L'Oreal CEO says coronavirus will hamper sales in coming weeks,0
L'Oreal Expects Short-Term Virus Hit,0
Lowe's says it will shut 34 stores in Canada,0
Luckin Coffee and Yum China hit again by coronavirus anxiety,0
"Macy's says weather, soft tourism and weak performance at lower-tier malls weighed in Q3",0
"Mitsubishi postpones SpaceJet delivery again, books $4.5 billion special loss",0
"Nike to record $425 mln charge as it transitions brand business in Brazil, Argentina, Chile, Uruguay to distributor partnerships",0
Nike Warns Coronavirus Is Presuring Sales in China,0
Nintendo Switch Shipments to Japan Delayed by Coronavirus,0
Nissan orders deep spending cuts - Reuters,0
Novartis to cut 150 jobs at Shanghai site in shift to commercial development,0
NTSB calls on Boeing to redesign thousands of 737s,0
NTSB chair criticizes Uber's safety culture,0
Nutrien : to Shut Down Rocanville Mine for Two Weeks Due to CN Strike #Nutrien #Stock #MarketScreener…,0
Oracle’s Need for ‘Steep’ Sales Climb Leaves Street Cautious,0
"Participation Of BSNL, MTNL In Spectrum Auction May Lead To Conflict Of Interest: Department Of Telecom",0
Peter Thiel Divides Facebook Internally Over Ad Policy (Radio),0
PG&E loses half of financial backing for bankruptcy plan,0
Pizza Hut's Struggling Turnaround Weighs on Yum Brands Results,0
Protest forces AngloGold to suspend Guinea gold production,0
Qualcomm Projects Uneven Sales Growth on Pickup of 5G,0
Royal Mail Labor Trouble Throws Long-Term Targets Into Jeopardy,0
Royal Mail Labor Troubles Put Long-Term Targets in Jeopardy,0
Russia's Rusal faces tough market for aluminium even after sanctions dropped,0
"S. African Airways Cuts Foreign, Local Routes to Stay Afloat",0
Saputo Canadian Closures Show How Much Dairy Industry Is Hurting,0
Sell-siders on board with Bristol-Myers Squibb's Q4 & outlook,0
SoftBank Group Corp.’s massive investment in WeWork triggered a multi-billion-dollar writedown and a rare apology f…,0
"Some gamers accessing Google's new cloud gaming platform, Stadia, through a Chromecast Ultra dongle are reporting trouble…",0
Sparkle fades as coronavirus risks wiping out luxury goods growth,0
"Steel Giant to Axe 3,000 Jobs as Crisis Rips Through Europe",0
Swiss investor adviser Ethos calls for Credit Suisse overhaul after spying,0
Tesla Cybertruck debut drew ridicule online after the newly-unveiled model’s armored glass windows cracked like spi…,0
Tesla Zealotry on Street Fades as Focus Shifts to Fundamentals,0
Tesla's Return to Profitability Is Not Sustainable,0
"Teva, Bausch Could Be Next to File for Bankruptcy",0
"The reveal of the Tesla #Cybertruck didn't go quite as expected... but moving on, there's a few specs you sho…",0
"The Supreme Cannabis Company, Inc. Consensus Forecasts Have Become A Little Darker Since Its Latest Report",0
Thiel driving FB division on political ads - WSJ,0
"Three of the largest US airlines -- Delta, American and United -- have canceled more flights between the United Sta...",0
TikTok looks to diversify users as U.S. pressure mounts,0
"Toyota keeps China plant output stopped through February 16 as virus hits supply, logistics",0
"Toyota, Honda Extend China Shutdowns as Virus Gathers Pace",0
Trading on the News Adds a Risk Premium to Shares of American Micro Devices,0
Trans Mountain expansion costs soars to C$12.6B - report,0
TSB to axe at least 15% of branches in cost-cutting drive,0
"TSB to close 82 branches, slash costs in strategy overhaul",0
"TSB to cut 82 branches in strategy overhaul, up to 400 may go",0
"Tullow to Cut 40% Jobs in Kenya, Focus on Investment Decision",0
Uber co-founder Travis Kalanick has sold $1.5 billion worth of the company's stock this month,0
Uber co-founder Travis Kalanick sold $1.5 billion of the company's stock this month,0
Uber Loses License In London,0
Uber Loses London License (Again),0
Uber may be about to lose the right to operate in London,0
"UBER SAYS AWARE OF APP NOT LOADING, WORKING TO RESOLVE IT",0
Uber's license will not be renewed in London over safety concerns,0
'Unfit' Uber loses London license over safety failures,0
'Unfit' Uber stripped of London license #economy #MarketScreener,0
Unilever : Recalls Some Lipton and Knorr Products Due to a Poultry Supplier's Recall #Unilever #Stock…,0
United joins Delta and American in suspending flights between the U.S. and mainland China. United's flight suspensi...,0
UPDATE 1-Bristol-Myers misses main goal of late-stage skin cancer trial,0
UPDATE 1-CymaBay Therapeutics scraps liver disease studies; shares plunge,0
UPDATE 1-FDA declines to approve Adamis Pharma's Zimhi to treat opioid overdose,0
Vans parent VF Corp. says 60% of China owned and partnered stores are closed over coronavirus,0
"Vans parent VF Corp. says 60% of China stores are closed over coronavirus, to update guidance in May",0
Vietnam's budget carrier VietJet Aviation JSC will suspend all of its fights to China February 1 amid the novel cor...,0
Walmart Inc.’s Jet subsidiary is ending its fresh-food delivery business just a year after introducing the service…,0
Walmart Pulls The Plug On Jet.com 'City Grocery Experience',0
Walmart's Jet is ending its fresh-food delivery business just a year after introducing the service in New York City,0
"WATCH: Cosmetics maker Coty, faced with weak sales, is expected to start an auction process in December and consume…",0
WeWork Layoffs: 10 Things to Know About the Upcoming Job Cuts,0
WeWork set to lay off thousands - NYT,0
WeWork’s Path to Survival Is Narrow and Perilous,0
What went wrong at Tesla's Cybertruck launch? Hear from Bloomberg's Ed Ludlow @EdLudlow who was there,0
"Why I'm Cutting Netflix -- and Millions of Americans Might, Too",0
Why London Has Banned Uber — Again,0
Petrobras expects lower April production; makes oil discovery,0
Phillips 66 cuts rates at Bayway refinery on weak cracks - S&P Global,0
Exxon's Baton Rouge refinery cuts production on low demand - Reuters,0
Exxon is cutting billions of dollars in investments to keep its financial footing during the worst oil-price rout i…,0
"WATCH: Exxon Mobil, the largest U.S. oil producer, said it will cut planned capital spending by 30% this year",0
"Freddie Mac Prices $731 Million Multifamily K-Deal, K-F74",0
Apple forecasts 100M+ 5G iPhone sales - report,2
FDA approves Aquestive's ALS treatment via @YahooFinance,2
Aquestive Therapeutics confirms FDA approval for Exservan Oral Film for the treatment of amyotrophic lateral…,2
Boeing reports 30 orders of 737 MAX in November,2
Cinemark Holdings (CNK) Presents At Southwest Ideas Investor Conference - Slideshow. Get more updates here:…,2
Disney now sees $110M-$120M for 'Frozen II',2
DelMar Pharmaceuticals Presents Positive Interim Data of VAL-083 Demonstrating Favorable Outcomes...…,2
Hepion Pharmaceuticals Successfully Advances to Next Dosing Level in Ongoing Multiple Ascending Dose Clinical Study of CRV431,2
Intercept Pharma announces FDA acceptance of New Drug Application for obeticholic acid seeking accelerated...,2
Akcea and Ionis launches late-stage AKCEA-TTR-LRx study,2
Leidos bull positive on DoE contract win,2
Lockheed Martin missile test goes off well,2
Oyster Point Pharma reports positive top-line results from the Phase 1 ZEN Study,2
Grupo Aeroportuario Del Pacifico reports 10.1% rise in November traffic,2
PTC Therapeutics announces that the FDA has granted priority review for the New Drug Application for...,2
RADA Electronic announces $12.5M in new orders,2
Seattle Genetics earns drug approval in Canada,2
Takeda Pharma presents long-term data for ALUNBRIG; demonstrates continued Superiority after two years,2
Teva inks early-stage drug research deals,2
U.S. Steel hikes HRC prices by $30/ton; steel stocks rise,2
"A Closer Look At Asbury Automotive Group, Inc.'s (NYSE:ABG) Impressive ROE",2
Ad Group Publicis Keeps Guidance in Sign That Worst May Be Over,2
AECOM recognized with national award for U.S. Federal small business program excellence,2
Airbus racks up strong January orders,2
Amani Gold : Secures Gold Dealers License in Tanzania #AmaniGold #Stock #MarketScreener,2
Amazon Employees Surge Toward 1 Million,2
Amazon says it signed up new Prime service members in record numbers in the U.K. this week when it aired Premier Le…,2
Amazon to create 500 new jobs in Florida as it plans to open a distribution center,2
Amazon to create 500 new jobs in Florida as part of plans to open a fulfillment center in Auburndale,2
Amazon to create 500 new jobs in Mississippi as it builds a 2nd fulfillment center in the state,2
Amazon to create 500 new jobs in Mississippi as it builds new fulfillment center,2
AMD launches 7nm GPU for workstations; shares +4%,2
Analysis: Popeyes Chicken Sandwich Translates To Surge In Foot Traffic,2
Analysts positive on New Relic's investor event,2
Apple Averted An iPhone Fiasco With Phase 1 Trade Deal,2
Apple forecasts 100M+ 5G iPhone sales - report,2
Apple Just Put the Swiss Watch Industry to Shame,2
Apple's iPhone 11 'massive' success - Wedbush,2
ArcelorMittal More Optimistic on Steel Demand Outlook for 2020,2
ArcelorMittal sees 2020 steel pick-up as debt hits low,2
"As Uber, GrubHub and Postmates battle over cities, Doordash is thriving in the suburbs",2
Azul's January traffic rose 29.1%,2
"Baidu Leads the Way in Innovation with 5,712 Artificial Intelligence Patent Applications",2
"Blue Apron to offer 'diabetes-friendly' menus this month, stock rallies",2
Boeing reports 30 new orders for the troubled 737 Max in November,2
Brazilian food delivery app iFood looks to grow in retail in 2020,2
Canopy Growth gets Health Canada license for beverage facility,2
"Canopy Growth Obtains Health Canada License For Beverage Facility, Now Has All 'Cannabis 2.0' Licenses",2
China EV startup Byton receives California distributor license,2
Cipla’s India Arm Will Show Market-Beating Growth In Next Few Quarters: CEO Vohra,2
Coca-Cola Breaks Down a Record Quarter,2
Conoco Plans Share Buyback That's Almost 50% of Market Value,2
"Consensus is Being Reached Over Eskom Debt, Cosatu Says",2
"CuriosityStream, a streaming service devoted to science and nature has quietly amassed 10 million subscribers, more…",2
Dana extends buyback program,2
Deutsche Bank Plans Bigger Bonuses at Asset Management Division,2
Dunkin' Brands Accelerates Growth Into 2020,2
Electronic Arts Breaks Down a Record Quarter,2
Eli Lilly to create 100 jobs in Indianapolis as it adds capacity to its technology center campus,2
"Elon Musk says Tesla has 187,000 orders for its Cybertruck, less than 48 hours after the broken-glass reveal",2
"Elon Musk says Tesla has amassed more than 200,000 orders for its Cybertruck, even after two windows unexpectedly s…",2
"engage:BDR : 25 New Clients, Revenue Growth & Balance Sheet Improvements #engage:BDR #Stock #MarketScreener…",2
Extreme Networks board authorizes $100 mln share buyback,2
FDA accepts Bioepis' application for Avastin biosimilar,2
"FDA Approves Sarepta's Second DMD Drug, Analyst Projects $500M-Plus Opportunity",2
FDA OKs Zogenix's Fintepla for Dravet syndrome,2
Ford invests more in Michigan,2
"Ford to Add 3,000 Jobs at Michigan Plants, Invest $1.45 Billion",2
"Ford to invest $1.45 billion in two Detroit plants, add 3,000 jobs",2
Former ConsenSys executive says Bitcoin will increase ‘stability for the average person’,2
Grupo Aeroportuario reports 10% increase in January traffic,2
Hecla's Fourth Quarter Continues a Strong Second Half Of 2019,2
Highlight 2019: Ruyi Group Records Strong Development and Growth,2
"HollyFrontier OKs new $1 billion stock buyback program, to build new renewable diesel unit",2
"HollyFrontier outlines new biodiesel project, to buy back $1B in shares",2
HollyFrontier sets new $1 bln share repurchase program,2
How Nordstrom Is Benefiting From Direct-to-Consumer Brands,2
How Target has morphed into a model for avoiding the retail apocalypse,2
How the Rise of At-Home Fitness Services Could Benefit Lululemon Athletica,2
Imagination TV announces new share buyback program,2
"India Business Will Show Market-Beating Growth In Next Few Quarters, Says Cipla CEO",2
Invora™ Herbicide Receives EPA Federal Approval,2
"JUST IN: For the first time since January, orders for Boeing’s troubled 737 Max airplanes incrementally rose last m…",2
Karuna Therapeutics 'cautiously optimistic' about schizophrenia drug results in next trial: CEO,2
Kazia Announces Positive Interim Efficacy Data From GDC-0084 Phase Ii Studyin Glioblastoma Released at SNO Conferen…,2
Kodak Is Having a Comeback Moment as Oscars Embrace Film,2
L’Oreal Expects to Outperform Rivals Amid Temporary Virus Hit,2
"Lincoln Eyes Growing Market for $50,000 Rides: Auto Show Update",2
Matinas Rides Amarin's Coattails as Vascepa Wins FDA Panel Vote,2
"McDonald's could be the key to $1 billion in sales for Beyond Meat, UBS says by @heidi_chung",2
McDonald's could sell over 250 million Beyond Meat burgers in U.S. annually: UBS,2
"Medical Properties Trust, Inc. Completes 2019 With Record $4.5 Billion in Acquisitions for 64% Growth Rate and Delivers Market-Leading Shareholder Returns",2
Merck and Bayer's vericiguat successful in late-stage heart failure study,2
Merck's Keytruda OK'd in Europe for first-line HNSCC,2
'Merge Magic!' helps Zynga top bookings estimates,2
Milestone’s Expansion Continues; Opens Big Spring Facility in Northern Midland Basin,2
"Musk suggests Tesla has 187,000 orders for Cybertruck - tweet #ElonMusk #baron #MarketScreener…",2
Netflix Inc.’s internal data suggests the streaming giant hasn’t been hurt yet by the launch of rival services from…,2
Nokia Results Beat Provides Some Relief to Tested Investors,2
NXP Semi will resume buybacks,2
Osram Has a Robust Start to Fiscal Year 2020,2
Palantir Wins New Pentagon Deal With $111 Million From the Army,2
Prothena (NASDAQ:PRTA) Is In A Good Position To Deliver On Growth Plans,2
"Ram is making moves in the truck wars, with U.S. sales roughly tripling in the last 10 years. Watch the full video…",2
Report: Apple's Fortunes In China Turn Around After iPhone 11 Launch,2
"Roku Leads In Subscriber Battle With Apple, Amazon",2
Saint-Gobain North America Announces Largest Renewable Energy Deal in Company’s 354-Year History,2
Sanofi eyes more growth this year as it narrows focus,2
SB Financial announces extension of share repurchase program,2
Scorpio Tankers' Bugbee buys 2K call option contracts for $450K,2
Seattle Genetics earns drug approval in Canada,2
"Smart Timing for a ""Grand Theft Auto"" Sequel Could Deliver Huge Gains for Take-Two Interactive",2
"SocGen CEO: Confident We Can Improve Net income, Profitability in 2020",2
Spotify Adds Most Subscribers Ever in Fourth Quarter,2
Spotify's More Confident Than Ever in Its Podcast Strategy,2
Stock Market Update: ConocoPhillips forecasts $50 billion free cash flow over ten years,2
StoneCo allayed some investor concerns over competition with solid growth,2
"SunExpress exercising options to buy 10 additional Boeing 737 MAX 8 planes, valued at $1.2 bln",2
SurveyMonkey CEO: Our data shows Uber could raise prices because 'people are addicted' to app,2
Swedish gearmaker Ericsson expects 2.6 billion 5G subscriptions by end of 2025,2
Takeda Announces 18-Month Data from Pivotal Phase 3 Trial of Dengue Vaccine Candidate Met All Secondary Endpoints…,2
Target has morphed into a model for how to avoid the retail apocalypse,2
"Tesla Cybertruck Hits 200,000 Orders Just Days After Botched Launch",2
"Tesla’s Cybertruck doesn’t look street legal, but pre-orders are pouring in",2
Tinyclues Announces Major Growth in 2019,2
Toyota in Growth Mode Defies Slowdown in Global Vehicle Demand,2
"Tri Global Energy Maintains Lead in Texas Wind Energy Development Projects, Launches Expansion into New States",2
Twitter's First Billion-Dollar Quarter,2
U.S. grants Huawei 90-day extension of business license,2
"U.S. interest positive for Ericsson, says top owner Cevian",2
Uber To Profit From Better Pricing Environment: Singh (Radio),2
Uber's new roadmap to profitability draws Wall Street praise,2
Unilever sees Lipton as still attractive,2
UPS resorted to asking temp workers to use their own cars to keep up with a record-breaking holiday season,2
"Very Optimistic About 2020, Says Bank Albilad CEO",2
Visa R&D Arm Develops a Blockchain System That Could Replace Financial Data Aggregators,2
Volaris reports 18.4% growth in January traffic,2
Volkswagen reveals exotic-sounding ID. Space Vizzion electric wagon at Los Angeles Auto Show,2
Walmart announced that it plans to open 500 new stores in China over the next five to seven years. That would more…,2
Walmart has announced that it plans to open 500 new stores in China over the next five to seven years. That would m…,2
Walmart Marks A Five-Year Streak Of Quarterly Sales Gains And Turns To A Robotic Future,2
"Wearables Sales Surge, Bolstering Apple Stock",2
"Wetherspoon plans new pubs around Britain, creating 10,000 jobs",2
"Wetherspoons plan to create 10,000 jobs met with scepticism",2
What is Yandex? Here's a look at the company that's beating Google in Russia.,2
Why Disney+ is the only service that can rival Netflix,2
Why Popeyes foot traffic soared in the third quarter: RPT,2
Why Profits From Amazon's Cloud Business Could Be About to Soar,2
Wynn Resorts confident on post-virus recovery,2
Wynn Resorts expected to bounce back strong,2
Eagle Ford producer orders another Capstone C800S,2
Chevron prepares to restart oil output on Saudi-Kuwaiti border,2
Commodities trader Trafigura reports a record year in oil and metals,2
Kosmos inks Greater Tortue LNG supply deal with BP,2
NV5 receives $34M LNG contract,2
Petrobras Brasileiro on new oil discovery in Campos Basin,2
Brasileiro S A Petrobras : Petrobras on new oil discovery in Campos Basin #Stock #MarketScreener…,2
india confirms iPhone exports,1
Agios Pharma presents new phamacodynamic and response data from both cohorts of perioperative study of...,1
said that it will maintain an active dialogue with shareholders and welcomes constructive impact”,1
Alexion Pharma issues statement in regards to discussions with Elliott Management,1
Assembly Biosciences (ASMB) Presents At Jefferies Global Healthcare Conference - Slideshow. Get more info o…,1
American Axle & Manufacturing (AXL) Investor Presentation - Slideshow. Subscribe to Seeking Alpha for more:…,1
"Boeing debuts first 737 MAX 10, largest version of embattled plane",1
"CORRECTION: 737 MAX 10 makes debut at Renton, Washington Factory - Bloomberg",1
"Alibaba, Manchester United sign streaming pact",1
Bayer AG submits application to EMA for use of rivaroxaban in children with venous thromboembolism,1
Biogen (BIIB) Presents Aducanumab Phase 3 Topline Results - Slideshow. Read more and get updates on any sto…,1
Bristol-Myers Squibb (BMY) Presents At American Society Of Hematology Annual Meeting - Slideshow. Get more u…,1
Bristol-Myers Squibb Prescribed For The Newborn Portfolio. Keep reading: #investing #markets #stocks,1
No Ad Com review for Bristol-Myers' luspatercept for MDS,1
Brooks Automation (BRKS) Investor Presentation - Slideshow. Get more updates here:,1
Cara Therapeutics (CARA) Investor Presentation - Slideshow. Follow this and any other stock on Seeking Alph…,1
ConocoPhillips (COP) Investor Presentation - Slideshow. Keep reading: #investing #markets #finance,1
China Recycling completes warrant exchange offer,1
Crispr Therapeutics (CRSP) Investor Presentation - Slideshow. Keep reading: #business #investing #trading,1
Credit Suisse power struggle mounts - Bloomberg,1
Chevron CEO planning major cost-cutting initiative - Reuters,1
Charlotte's Web announces underwritten offering,1
Dana (DAN) Presents At Barclays Global Automotive Conference - Slideshow. Read more:,1
DCP Midstream (DCP) Presents At RBC Capital Markets Midstream Conference - Slideshow. Read more and sign up…,1
Dynavax Technologies (DVAX) Investor Presentation - Slideshow. Keep reading: #finance #trading #stockmarket,1
"Devon Energy, Dow to jointly develop Oklahoma shale acreage",1
"Ecopetrol plans to invest an expected $4.5-5.5 bln in 2020, 25% to 53% higher than the estimated 2019 figure...",1
eHealth: Another Prescription For A Healthy Beat And Raise. #trading #finance #markets,1
Enbridge says Mainline plan opponents stalling for time,1
Enterprise Products Partners (EPD) Presents At RBC Capital Markets Midstream Conference - Slideshow. Follow…,1
EPR Properties sells Charter School portfolio for $454M; lowers FFO guidance for 2019,1
Fate Therapeutics presents new preclinical data for FT819,1
Facebook built app for real-time face recognition - report,1
SPX Flow (FLOW) Presents At 7th Annual Industrials Conference - Slideshow. Follow this and any other stock…,1
Fox sells out Super Bowl ad slots early,1
Genesis Energy (GEL) Presents At RBC Capital Markets Midstream Conference - Slideshow. Sign up for updates o…,1
Alphabet's Loon closer to Kenya launch,1
Google Cloud Print ending next year,1
Goldman teams with startup to explore quantum computing - WSJ,1
Garrett Motion (GTX) Presents At Barclays Global Automotive Conference - Slideshow. Get more info on Seeking…,1
"HP sends letter to Xerox (XRX), reiterates rejection of proposal",1
Inter Pipeline to spend $935M on Heartland polypropylene plant,1
IsoRay to offer total solution in head and neck cancer,1
Jeld-Wen Holding (JELD) Presents At 7th Annual Industrials Conference - Slideshow. Keep reading:…,1
Kinross Gold (KGC) Presents At 23rd Annual Western Institutional Investor Conference - Slideshow....,1
Karuna Therapeutics (KRTX) Presents At Piper Jaffray Healthcare Conference - Slideshow. Read more and get u…,1
Kezar Life Sciences Highlights Therapeutic Potential of Protein Secretion Inhibitors at the 61st American Soci…,1
nLIGHT (LASR) Investor Presentation - Slideshow. Subscribe to Seeking Alpha for more:…,1
Leidos wins DoE contract,1
La Jolla Pharm says will reassess continued development of LJPC-401 (synthetic human hepcidin) based on...,1
calls @BlackBox_Team,1
Lockheed Martin (LMT) Presents At 7th Annual Industrials Conference - Slideshow. Subscribe to Seeking Alpha…,1
"Lattice unveils FPGA platform, products",1
"Lyft Has 99 Problems, But This Ain't One. #markets #stockmarket #stocks",1
Macy's to test new concept,1
Sky-high projection on McDonald's P.L.T sales,1
Martin Midstream Partners (MMLP) Presents At RBC Capital Markets Midstream Conference - Slideshow. Get more…,1
Momenta Pharma launches $200M stock offering,1
trademark - WUHAN CORONA VAX,1
MSFT's Teams joins Slack on Linux,1
Owens Corning wins spot on Goldman's Conviction List,1
Ocular Therapeutix (OCUL) Presents At Jefferies Global Healthcare Conference - Slideshow. Sign up for updat…,1
ONEOK (OKE) Presents At RBC Capital Markets Midstream Conference - Slideshow. Continue reading:…,1
Omnicell highlights strategic priorities and long-term financial targets at investor & analyst day,1
"in the recent conference call, CEO said, No need to raise funds.",1
Orion Group Holdings (ORN) Investor Presentation - Slideshow. Get more info on Seeking Alpha:…,1
"Mobile advertising company Phunware(PHUN) has landed President Trump's re-election campaign as a client, the…",1
Piper Jaffray Companies (PJC) Investor Presentation - Slideshow. Subscribe to Seeking Alpha for more:…,1
Palomar Holdings (PLMR) Investor Presentation - Slideshow. Get more info on Seeking Alpha:…,1
Pool (POOL) Presents At 2019 Stephens Nashville Investment Conference - Slideshow. Keep reading:…,1
ProAssurance (PRA) Investor Presentation - Slideshow. Get more info on Seeking Alpha:…,1
Prothena (PRTA) Investor Presentation - Slideshow. Read more and get updates on any stock!…,1
Puration updates on revenue target,1
Ryder System (R) Investor Presentation - Slideshow. Keep reading: #economy #finance #stocks,1
Regeneron Pharmaceuticals (REGN) Presents At Jefferies Global Healthcare Conference - Slideshow. Subscribe…,1
RPC (RES) Presents At Southwest Ideas Investor Conference - Slideshow. Follow this and any other stock on Se…,1
Repligen (RGEN) Investor Presentation - Slideshow. Get more updates here: #markets #stocks #investing,1
Ruth's Hospitality Group (RUTH) Investor Presentation - Slideshow. Read more: #economy #stockmarket #stocks,1
Revance Therapeutics submitted a BLA to the FDA for DAXI in the treatment of moderate to severe glabellar...,1
SAExploration gets Nasdaq non-compliance letter,1
SoftBank backs Brazilian e-commerce software startup,1
Seattle Genetics: Health Canada has approved the supplemental New Drug Submission that expands the use of...,1
U.S. Silica (SLCA) Presents At 2019 Stephens Nashville Investment Conference - Slideshow. Read more and get…,1
SM Energy (SM) Presents At 2019 Stephens Nashville Investment Conference - Slideshow. Read more and get updat…,1
Spectrum Pharmaceuticals (SPPI) Investor Presentation - Slideshow. Sign up for updates on Seeking Alpha!…,1
Stoneridge (SRI) Presents At 2019 Stephens Nashville Investment Conference - Slideshow. Read more and get up…,1
Sasol comments on results for half year ending 31 December 2019,1
another good one for next week. Webcast Presentation at the Piper Jaffray 31st Annual Healthcare Conference.,1
TransAct Technologies (TACT) Investor Presentation - Slideshow. Sign up for updates on Seeking Alpha!…,1
"insane, halted again...... Just 1.85M shares float, exaclty like lets see if we get good news to see also a big pop. Im long.",1
Strike ends at Teck Resources' Andacollo mine in Chile,1
Tenneco (TEN) Presents At Barclays Global Automotive Conference - Slideshow. Follow this and any other stock…,1
Titan Machinery (TITN) Presents At 2019 Stephens Nashville Investment Conference - Slideshow. Get more info…,1
Targa Resources (TRGP) Presents At RBC Capital Markets Midstream Conference - Slideshow. Sign up for update…,1
True Leaf lands license for medical cannabis production,1
"Taronis Provides Summary of Shareholder Town Hall .. Taronis Fuels generated record fourth quarter unaudited,...",1
TC Energy (TRP) Investor Presentation - Slideshow. Subscribe to Seeking Alpha for more:…,1
Triton International Ltd. Issuing Its Fourth Preferred Stock For The Past Year.,1
Texas Instruments (TXN) Management Presents at UBS Global TMT Conference - Transcript. Continue reading:…,1
UCB's bimekizumab tops Humira in late-stage psoriasis study,1
Freeport LNG launches commercial operations,1
Vonage Holdings (VG) Investor Presentation - Slideshow. Sign up for updates on Seeking Alpha!…,1
Vipshop announces business cooperation with SF Holding,1
Viveve Medical prices unit offering,1
Viemed Healthcare (VMD) Investor Presentation - Slideshow. Follow this and any other stock on Seeking Alpha!…,1
"VMware, Inc. (VMW) Presents at Raymond James Technology Investors Conference (Transcript). Follow this and a…",1
Vanda Pharmaceuticals (VNDA) Presents At Stifel Healthcare Conference - Slideshow. Subscribe to Seeking Alp…,1
Verastem submits marketing application in Europe for Copiktra,1
Werner Enterprises (WERN) Presents At 2019 Stephens Nashville Investment Conference - Slideshow. Get more u…,1
Windstream works to block Uniti call for summary judgment,1
Workhorse Says New Loan Will Cover Electric Truck Production via @benzinga,1
Alkaline Water (WTER) Presents At Southwest Ideas Investor Conference - Slideshow. Read more and get update…,1
WuXi Vaccines to Build a $240M manufacturing facility in Ireland,1
ZIOPHARM presents clinical data for controlled IL-12; reinforced favorable safety profile and initial data,1
“I think it’s a time of great transformation in retail right now.” @stitchfix CEO Katrina Lake discusses how the co…,1
“Oh my f---ing god:” Elon Musk is stunned as Tesla truck's shatterproof windows break via @luxury,1
 100 million investment: AGRANA opens second wheat starch plant at site in Pischelsdorf (...…,1
3 Different Share Sales From the Company and Insiders Weigh on Roku,1
3 Reasons OrganiGram Should Bounce Back Big Time in 2020,1
"3M is exploring a sale of its drug delivery systems unit, which could fetch about $1 billion",1
5 Things to Know About Canopy Growth's Q3 Report,1
737 MAX grounding benefits no one - Airbus,1
7-Eleven pilots first cashierless store,1
AbbVie : Form 8.3 - #AbbVie #Stock #MarketScreener,1
About 200 Google employees demonstrated outside the company’s San Francisco office Friday to protest the internet g…,1
Acreage Open Its First Cannabis Cultivation Facility In The Pacific Northwest,1
Actinogen Medical : ACW 2019 AGM Chairman's Address #ActinogenMedical #Stock #MarketScreener,1
Activision Blizzard Plans to Release Several Video Game Remakes in 2020,1
Adocia Announces Its Financial Calendar for 2020,1
ADS CEO news takes analysts by surprise,1
Advocacy Group Fighting Restrictions On CDLs For The Hearing-Impaired,1
ADX Energy : General Meeting Results of Meeting #ADXEnergy #Stock #MarketScreener,1
AEO Inc. Reaffirms Commitment to Sustainability,1
"AEP seeking wind, solar energy in PJM",1
Aeromexico reports Januaryr traffic results,1
"After 3 major tech investments this year, welcome to McDonald’s 2.0.",1
"After cutting 4,000 jobs, GM is hiring, but not for traditional gasoline-powered vehicles",1
Agati Fund : NTA Estimate - $0.1975 #AgatiFund #Stock #MarketScreener,1
Ahold Delhaize share buyback update,1
Air Astana says signs letter of intent for 30 Boeing 737 MAX,1
Airbus emissions-free regional jet in the making,1
Alacer Gold : Corrected - Significant Extension of Ardich Mineralization #AlacerGold #Stock #MarketScreener…,1
Albemarle CEO sees strong long-term lithium demand,1
Alibaba closing books early in Hong Kong,1
Alibaba global offering prices at ~2.8% discount,1
Alibaba prices Hong Kong listing to raise as much as $12.9 billion,1
"Alibaba sets price for Hong Kong listing, making it the world's biggest so far this year",1
Alibaba to pioneer paperless listing in break with Hong Kong norm - CIO New Zealand,1
Alibaba will raise up to $12.9 bln in Hong Kong listing -sources,1
Alibaba's books close early in $13.4 billion Hong Kong listing: sources,1
Alibaba's books close early in $13.4 bln Hong Kong listing -sources,1
Alkem Labs Gets Three Observations From U.S. FDA For St. Louis Facility,1
Alkermes submits NDA for ALKS 3831 for schizophrenia and bipolar I disorder,1
Allbirds co-CEO Joey Zwillinger calls out Amazon for releasing a private-label shoe that looks nearly identical to…,1
Alliance Trust : Net Asset Value #AllianceTrust #Stock #MarketScreener,1
"Allied Wallet Reaches 1,000 Live Merchants in Thailand",1
Altice USA places i24NEWS on AT&T nets,1
Altria to Host Webcast From the Consumer Analyst Group of New York Conference,1
"Amazon for the first time, directly links comments by @realDonaldTrump to the award of the contract to Micro…",1
Amazon and Goldman Sachs Wade Deeper Into Financial Services,1
Amazon Announces First Iowa Fulfillment Center,1
"Amazon Announces First-Ever ‘Amazon Future Engineer Teacher of the Year Awards,’ Awarding Seven All-Star Teachers $25,000 Prize Packages for Exemplar Work with Students Across the Country",1
Amazon Cites Speed in Cutting Off FedEx Ground for Holiday Shipping,1
Amazon Continues to Make Stealth Moves Into Healthcare,1
"Amazon Invests Over Rs 2,500 Crore Into Amazon Seller Services, Amazon Data Services India",1
Amazon pushes cloud revolution into its second phase,1
Amazon Says More Than 99.9% of Customer Page Views Do Not Receive a Patent Infringement Claim @benzinga,1
Amazon set to open new grocery stores next year,1
"Amazon sites could be added to ""Notorious Markets"" list",1
Amazon Teams Up With China Upstart for Black Friday Sale,1
Amazon To Open Chinese Store As US Consumer Fades Into Darkness,1
Amazon wants to expand its cashierless ambitions with supermarkets and pop-up stores,1
Amazon's Record 2019 in 7 Metrics,1
American Airlines : Update on China Flights #AmericanAirlines #Stock #MarketScreener,1
American Express offers sign-up bonuses to lure new merchants into accepting its cards,1
"Amipure, the Ultimately Clean K-Beauty Skin Care Brand Launches in the U.S.",1
Amplitude Healthcare Acquisition prices $100M initial public offering,1
Andaz Brand Debuts in Dubai With the Opening of Andaz Dubai The Palm,1
Anglo Australian Resources NL : Exploration Update for Mandilla Gold Discovery #AngloAustralianResourcesNL #Stock…,1
Anna and Elsa deliver $127 million for Disney in ‘Frozen II’,1
Another Google Worker Says She Was Fired for Labor Advocacy,1
Antares Pharma inks deal with Idorsia Pharma,1
Apple breaks ground for Austin expansion,1
"Apple breaks ground on new $1 billion Austin campus, as President Trump is set to arrive for tour",1
"Apple canceled the premiere of ""The Banker"" from the AFI festival as it looks into unspecified ""concerns"" about the…",1
Apple Contractor Tells Employees to Stay Home as Coronavirus Cases Nearly Triple,1
Apple delaying the theatrical release of “The Banker” after one of the movie’s producers was accused of assault by…,1
Apple has 'deep concerns' Chinese-born ex-employees could flee country with trade secrets v…,1
"Apple is using a new app to get volunteers for research on hearing, heart disease and women's health.",1
Apple plans event to honor apps and developers,1
Apple to Dodge $150-Per-IPhone Levy If Trump Delays Tariffs,1
"Apple's new Austin campus, which is expected to open in 2022, will initially house 5,000 employees, with the capaci…",1
Applied DNA Announces Issuance of U.S. Patent Protecting its CertainT® Platform in Man-Made Cellulosic Fibers and Materials,1
Arbor Realty Trust : Funds a $12.7M Freddie Mac SBL Portfolio in Northern New Jersey #ArborRealtyTrust #Stock…,1
Arconic Inc. Board of Directors Approves Separation of Company,1
ARK Invest ETFs Focus on Disruptive Companies,1
Armour Energy : Kincora Project Work Program Update #ArmourEnergy #Stock #MarketScreener,1
"As Boeing Halts Max Line, Airbus Can’t Make Jets Fast Enough",1
"As the streaming market grows more crowded, Comcast's CFO suggested that the cable giant is considering a different…",1
Ashok Leyland Ties Up With lClCl Bank For Vehicle Loans,1
Asset management giant Vanguard enters PE market with HarbourVest team-up,1
AssetOwl : AGM- Results of meeting #AssetOwl #Stock #MarketScreener,1
Asterion nears final close for debut fund after raising €901m,1
Aston Martin Lagonda Global Holdings Plc secured a 500-million-pound ($656 million) lifeline to restore the balance...,1
"At Ford, $37 billion in the bank and strapped for cash",1
"At Hermès, a $67 Lipstick Could Hint at Big Ambitions",1
"AT&T CEO talks 'Friends' reunion, Elliott intervention",1
Atlas Arteria : successfully completes institutional offer #AtlasArteria #Stock #MarketScreener…,1
ATSG Launches New Website,1
Audax Renovables S A : The Company sells a wind farm located in the province of Cádiz #AudaxRenovablesSA #Stock…,1
Audi : customer team wins Formula E season opener #AUDI #Stock #MarketScreener,1
"AudioCodes : Nov 25, 2019 | AudioCodes Announces Royalty Buyout Agreement with the Israel ... #AudioCodes #Stock…",1
Aurora Cannabis : Jordan Cove Energy Project Planning Document Available for Public Review #AuroraCannabis #Stock…,1
AusQuest : Drilling Commences at Balladonia in WA #AusQuest #Stock #MarketScreener,1
Austar Gold : Extension of voluntary suspension #AustarGold #Stock #MarketScreener,1
Australia's Jetstar to cut capacity in January as pilots dispute drags on,1
"Auto Expo 2020: Now, Volkswagen Says India’s Electric Vehicle Market Isn’t Viable Yet",1
Avaya and the International Avaya Users Group Honor Customer Innovation at Avaya ENGAGE 2020,1
Aveo : Schemes - Final Election Results #Aveo #Stock #MarketScreener,1
Avita Medical : Change in substantial holding from MS #AvitaMedical #Stock #MarketScreener,1
Axonics prices stock offering at $22,1
Axovant's AXO-AAV-GM1 an Orphan Drug in U.S. for GM1 gangliosidosis,1
B2B software investor Osage seeks $135m for Fund V,1
BAE Systems to Provide Intelligence Analysis for Defense Intelligence Agency,1
Bain Capital nears deal for Italian IT services firm Engineering: sources #economy #MarketScreener…,1
BankFinancial Corporation Extends Share Repurchase Program,1
"Barra Makes Case For GM to Lead the Future of Cars, But the Market Isn’t Buying",1
Barrick gearing for more asset sales while considering more copper,1
Battelle To Develop Coal-to-Foam Program,1
Baxter International : Gets NYSE Notice Regarding 10-Q Filing #BaxterInternational #Stock #MarketScreener…,1
Bellerophon to reverse split shares 1:15,1
Beyond Meat enters France,1
Big lead for Airbus at Dubai Airshow,1
Biggest challenges CEO Bob Iger could face in 2020,1
Biggest ever Baltic private equity fund hits final close,1
BioArctic teams up with Eisai to further characterize Alzheimer's candidate BAN2401,1
BlackRock : Energy and Resources Income Trust Plc - Net Asset Value(s) #BlackRock #Stock #MarketScreener…,1
BlackRock Frontiers Investment Trust : Net Asset Value(s) #BlackRockFrontiersInvestmentTrust #Stock #MarketScreener…,1
BlackRock Income and Growth Investment Trust : Net Asset Value(s) #Stock #MarketScreener,1
BlackRock North American Income Trust : Net Asset Value(s) #Stock #MarketScreener,1
Blackstone chips in $400m for gene therapy JV with Ferring,1
Blackstone to invest $400 million in gene therapy venture with Ferring,1
Blackstone to Name Jain as Senior Managing Director in India,1
"Blackstone's Motel 6 Owes 2,000 Guests for Giving Names to Immigration Officials",1
Blades boss Wilder 'drained' by VAR controversies #economy #MarketScreener,1
Boeing asked to redesign 737 planes after deadly 2018 flight: RPT,1
Boeing board meets as company considers 737 MAX production changes,1
Boeing close to winning order for 737 MAX from Turkey's SunExpress: sources,1
Boeing mulls trimming or suspending 737 MAX production - WSJ,1
Boeing scraps for deals at Dubai Air Show,1
Boeing to give Southwest board 737 MAX update this week,1
"Boeing unveils largest version of its embattled 737 Max plane, despite crisis",1
Boeing Weighs Cutting or Halting 737 MAX Production: WSJ,1
"Boeing, Airbus kept in suspense over big Dubai jet deals",1
Boeing's Embattled Max Gets Key Win in First Post-Grounding Deal,1
Bombardier Global 7500 Aircraft Receives Prestigious 2019 Ontario Professional Engineers Award - GlobeNewswire,1
"Booz Allen Hamilton to Host Conference Call to Discuss Third Quarter Fiscal 2020 Results on Friday, January 31, 2020",1
"Botswana Sells Rights to Kill Elephants for $43,000 Per Head",1
Boyd Gaming pulls off financing move,1
BREAKING NEWS: AccendoWave Digital Drug Opioid Alternative Releases Home-Use Product,1
Brierley Unveils New Branding,1
Britain's Aston Martin talking to investors as reviews funding,1
"Britain's Aviva to retain Singapore, China operations",1
British Airways agrees pay deal to end strikes,1
Brookside Energy : Next Sycamore Well Delivers Another Stunning Result #BrooksideEnergy #Stock #MarketScreener…,1
Burger King says it never promised Impossible Whoppers were vegan,1
BW Talks with Verizon CEO Hans Vestberg (Podcast),1
ByteDance beats Baidu in digital ad revenue,1
Cadbury Candy Maker Sees ‘No Stopping of Growth’ in Demand,1
"Cadillac has big changes ahead, including new model names and electrification by 2030",1
Calgon Carbon Corporation Announces Global Price Increase for 2020,1
"Calyxt Achieves 2020 Soybean Contracted Acreage Goal of 100,000 Acres",1
Can Activision Blizzard Repeat Its Strong Year In 2020?,1
Can Ford Bounce Back in 2020?,1
"Canada's De Havilland inks order for 20 turboprops; bets on Middle East, Africa",1
Canadian National Railway on watch amid strike,1
Canadian provinces on board with AbbVie's Skyrizi,1
Cannabis company Acreage secures financing that will not dilute terms of Canopy deal,1
Cannabis company Neptune Wellness to amend and restate processing agreement with Canopy Growth,1
Capstone Turbine wins flare gas project order from Ecopetrol,1
Carpetright : Form 8.5 (EPT/RI) - Carpetright PLC #Carpetright #Stock #MarketScreener,1
Carvana Brings The New Way to Buy a Car™ to Utah,1
Cases Involving Rs 3.75 Lakh Crore Disposed Of At IBC Pre-Admission Stage,1
Caterpillar celebrates 90th NYSE anniversary,1
cbdMD’s CBD PM and CBD Freeze Awarded 2020 Product of the Year,1
"CDPQ teams with Piramal again, launches $300m Indian private credit platform",1
"Central GST Collection At Rs 3.26 Lakh Crore In FY20, Says Anurag Thakur",1
CFOAM : Update on the proposed strategic transaction with CONSOL #CFOAM #Stock #MarketScreener…,1
ChargePoint and NATSO Launch Collaborative to Significantly Expand EV Charging Along Nation’s Highways and in Rural Communities,1
China Feihe : EXCHANGE NOTICE - RESUMPTION OF TRADING #ChinaFeihe #Stock #MarketScreener,1
China International Marine Containers : ANNOUNCEMENT OF POLL RESULTS OF THE SECOND EXTRAOR... #Stock…,1
China Threatens Germany With Retaliation If Huawei 5G Is Banned,1
China Threatens Retaliation Should Germany Ban Huawei 5G,1
China Zheshang Bank : ARTICLES OF ASSOCIATION #Stock #MarketScreener,1
"China's Chip Quest Is All Heart, Not Enough Brain",1
Chuck Akre's Biggest Transactions for the 3rd Quarter,1
Chuy's Holdings to trim underperforming stores,1
Citi launches high-yield online checking,1
Clipper Logistics : Form 8.5 (EPT/NON-RI) #ClipperLogistics #Stock #MarketScreener,1
Clover : Results of 2019 CLV Annual General Meeting #Clover #Stock #MarketScreener,1
Co’s that have issued #guidance in the last 30 days …,1
Cobalt Blue : Chairman's Address to Shareholders #CobaltBlue #Stock #MarketScreener,1
Cobham : Form 8.5 (EPT/NON-RI) #Cobham #Stock #MarketScreener,1
Coca-Cola marrying one hit and one miss to create new flavor for Coke,1
Cofinimmo : BlackRock - Transparency notification #Cofinimmo #Stock #MarketScreener,1
Coima Res S p A : Acquisition of Microsoft's Headquarters in Milan Porta Nuova completed #Stock #MarketScreener…,1
"Columbia Care, NewLake Capital Enter $35M Sale-Leaseback Agreement",1
Comtech Telecommunications Corp. Awarded $1.2 Million Contract for Military Ka-band TWTAs,1
Comtech Telecommunications Corp. Receives $1.3 Million Contract for Military Ku-band TWTA Systems,1
Consumer engagement drives Sydney gas network charges draft decision: AER #economy #MarketScreener…,1
Bank Of Baroda To Exit Trinidad And Tobago,1
"Container Service Returning To Portland, Oregon",1
Continental Announces Investment of New Automotive Manufacturing Location in Texas,1
Continental pares back ahead of emissions crackdown,1
Continual Technological Advancements Land Innovator In FreightTech 25,1
Cool Planet to Explore Strategic Options With Carbon Negative Fuels Technology,1
CoolSys Opens New Southern California Training Center for Its Technicians,1
Corbus Pharma completes patient enrollment in mid-stage lenabasum study for CF,1
Cosmo Energy : FY2019 2Q Financial Results Explanatory Meeting -Q&A (PDF/297K) #Stock #MarketScreener…,1
"Costco is selling special avocados that stay ripe for twice as long, thanks to this Bill Gates-backed start-up. 🥑…",1
Coziron Resources : Multi-Commodity Potential at Shepherds Well Project #CozironResources #Stock #MarketScreener…,1
Credit Suisse Chairman Says He Has a Lot of Shareholder Support,1
Credit Suisse’s Top Investor Wants Chairman to Follow CEO Out,1
Credit Suisse's Giant Repair Job Is Only Just Beginning,1
Crowd Media : CEO's AGM Presentation #CrowdMedia #Stock #MarketScreener,1
Cybersecurity experts launch Crosspoint Capital Partners,1
CYL: Joint Venture with St Barbara on Drummartin project #StBarbara #Stock #MarketScreener,1
Cynata Therapeutics : CYP Files Application to Commence Phase 2 CLI Clinical Trial #CynataTherapeutics #Stock…,1
Dallas’ Imaginuity Ranks 16th on 2019 Dallas 100,1
Damaged Tyson beef plant set to reopen,1
Danaos Corporation announces $55M equity offering,1
Danish Transport Giant Girds for ‘Chaotic’ U.K.-EU Negotiations,1
Data443 Announces New Trading Symbol,1
David Rolfe Adds 2 Tech Stocks to Portfolio in 3rd Quarter,1
Delayed debut for all-electric Ferrari,1
Demonstrator contract for Franco-German fighter jet project expected by Jan,1
Dicerna inks deal with Novo Nordisk for liver-related cardio-metabolic diseases,1
Did Amazon finally have its iPhone moment? @JimCramer talks one-day shipping and what it meant for #StockoftheDay...,1
Dimerix : Holds Pre-IND Meeting on DMX-200 With FDA #Dimerix #Stock #MarketScreener,1
Direct Lenders Stay in Vogue as Fundraising Tops $23 Billion,1
Disney is giving us Baby Yoda toys for Christmas,1
Disney Is Ready to Drop a Bomb on Netflix in This Huge Market,1
Disney sees $100M 'Frozen 2' debut; Rosenblatt boosts target,1
Disney Streaming Boss Kevin Mayer: App Architecture to Blame for Disney Plus Stumbles - Nasdaq,1
Disney+ to debut late March in France in exclusive deal with Canal+,1
DOMTAR CORPORATION COMMUNIQUE LES RÉSULTATS PRÉLIMINAIRES DE SON QUATRIÈME TRIMESTRE ET DE SON EXERCICE 2019,1
"Dragon Seats Enters Partnership to Provide Custom, Heated Benches for XFL’s DC Defenders",1
Dragonfly collaborates with Abbvie for autoimmune diseases and oncology,1
Duke Energy prices 25M equity offering,1
Dunkin' Teams with Beyond Meat Ambassador Snoop Dogg for Clothing Line,1
Duxton Broadacre Farms : Changes relating to buy-back - Appendix 3D #DuxtonBroadacreFarms #Stock #MarketScreener…,1
Dynatrace Announces Pricing of Follow-On Offering By Selling Stockholders,1
"EasyJet seeks to ""do the right thing"" offsetting emissions, critics say fly less",1
EBay eliminates sneaker selling fees for first time,1
ECA Marcellus Trust I Announces Receipt of Notice from NYSE Regarding Continued Listing Standards,1
Ecolab Named to CDP Water Security A List for Sustainable Water Management,1
Ekso launches upgraded cloud platform to support use of exoskeleton,1
Electric-Car Onset Leaves Lubricant Industry Facing Kodak’s Fate,1
Eli Lilly : Reyvow Migraine Treatment Available for Prescription Use #EliLillyand #Stock #MarketScreener…,1
"Elon Musk says Tesla has 146,000 orders for its Cybertruck, less than 48 hours after the broken-glass reveal",1
elumeo : to close its site in Rome (pdf) #elumeo #Stock #MarketScreener,1
Embraer sells six jets at Dubai Airshow - Day 2,1
Emerson’s New Virtual Reality Simulation Improves Workforce Safety and Speeds Training,1
Emirates announces $16 billion order for 50 Airbus A350 planes,1
Emirates close to buying 30 Boeing 787 in fleet compromise deal -sources,1
Emirates Pares Back Wide-Body Airbus Order Amid Fleet Review,1
Encana shareholder to vote against move out of Canada,1
Encounter Resources : AGM Chair Address and Presentation #EncounterResources #Stock #MarketScreener…,1
Endologix Announces Preliminary Financial Results and Conference Call for Fourth Quarter and Full-Year 2019,1
Energy Pipeline Firm Takes $4 Billion Private Equity Buyout,1
E-Porsche auf Eispiste: Das Rennsport-Comeback des Porsche-Erben,1
EPR Properties sells Charter School portfolio for $454M; lowers FFO guidance for 2019,1
Equinor broadens scope of carbon targets to match rivals,1
Equinox Wins Silver Lake Funds to Help Take Aim at Peloton,1
Ericsson Pulls Out of Biggest Mobile Event Due to Virus,1
Ericsson Pulls Out of Biggest Mobile Industry Event Due to Virus,1
Ericsson withdraws from MWC on coronavirus worries,1
"Eskom, which accounts for two-fifths of South Africa’s greenhouse-gas emissions, leads the country’s biggest emitte…",1
"ESR Cayman : PARTIAL EXERCISE OF THE OVER-ALLOTMENT OPTION, STABILIZING ACTIONS AND END OF STABILIZATION PERIOD…",1
"Estre Ambiental : to Hold its Annual General Meeting on December 20, 2019 #EstreAmbiental #Stock #MarketScreener…",1
Eudonet annonce un chiffre d’affaires récurrent en hausse de 32% pour l’année 2019,1
Europe Pushes on With Gigafactory Plan to Rival Tesla,1
Europe Pushes on With Gigafactory Plan to Rival Tesla and China,1
Exclusive: China's BAIC raising Daimler stake to unseat Geely as top shareholder - sources,1
Exclusive: China's mobile giants to take on Google's Play store - sources,1
"Exclusive: Fearing Huawei curbs, Deutsche Telekom tells Nokia to shape up",1
Executives at SoftBank are looking for a way to reduce the size of a $3 billion offer for WeWork stock as part of i…,1
Exelon : Initial Statement of Beneficial Ownership #Exelon #Stock #MarketScreener,1
Expanded use of J&J's Darzalex OK'd in Europe,1
Ex-Stanhope Capital execs land $600m in launch of new firm Eighteen48 Partners,1
Extraordinary/ Special General Meeting::Voluntary #Shinvest #Stock #MarketScreener,1
Exxon and Chevron Targeted by Climate-Activist Shareholder Group,1
"Facebook Bans All Content On Vaccine Awareness, Including Facts About Vaccine Ingredients",1
Facebook co-founder eyes direct listing for Asana,1
Facebook Is Not Making A Key Public Relations Point,1
Facebook is resisting Attorney General William Barr's calls to delay rollout of encryption technology across its pl…,1
Facebook rejects AG Barr's request to stop encryption plans for messaging apps,1
"Fake doctors, misleading claims drive OxyContin China sales",1
Fantasia : FURTHER INFORMATION IN RELATION TO THE CO-OPERATION AGREEMENT WITH SHENGYUAN #Stock #MarketScreener…,1
Fat Prophets Pty : FPP Non-Renounceable Rights Issue #FatProphetsPty #Stock #MarketScreener,1
FDA extends action date for Blueprint's avapritinib,1
FDM : AFL-CIO Endorses USMCA After Successfully Negotiating Improvements #FDM #Stock #MarketScreener…,1
FDM : Beyer Statement On Announced USMCA Agreement #FDM #Stock #MarketScreener,1
FedEx pension plan will close to new hires as company bumps up 401(k) match,1
Fiat Chrysler is in the process of two crucial negotiations at the same time. It needs each set of talks to go well…,1
Fiat looks to thread the needle with UAW deal,1
Fiera Milano : and allestimenti Benfenati sign a business partnership to maximise synergies #FieraMilano #Stock…,1
Fletcher Building : Notice of on-market share buyback #FletcherBuilding #Stock #MarketScreener…,1
FMCSA Increases Random Drug Testing Rate To 50%,1
"For a time, Uber helicopter rides from Manhattan to JFK Airport were cheaper than its cars",1
Forager Funds Management Pty : Indicative NAV COB 22/11/2019 #ForagerFundsManagementPty #Stock #MarketScreener…,1
Ford and McDonald's are turning coffee waste into car parts,1
Ford confirmed its new electric SUV will be called the Mustang Mach-E ahead of a debut event in Los Angeles. More d…,1
Ford is mortgaging its future on the value of its past,1
Ford Mustang Mach-E: The first all-electric Ford is here,1
Ford releases first electric car - a Mustang SUV,1
"Ford reveals new electric SUV, Mustang Mach-E",1
Ford to nearly halve its 2018 before interest and taxes loss in China,1
"Form 8.3 - The Vanguard Group, Inc.: Just Eat plc #JEOL #Stock #MarketScreener",1
"Former Celadon Employees, Drivers Describe Chaos After Abrupt Bankruptcy Filing",1
Former PayPal CFO has bank account closed without warning,1
Fox Says Super Bowl Ads Sold Out at Record $5.6 Million Each,1
Fox Sports has sold out its inventory of Super Bowl ads,1
Foxconn delays return to Shenzhen facility,1
FPT Industrial signs MoU with Microvast,1
French Connection : Form 8.5 (EPT/RI) (pdf) #FrenchConnection #Stock #MarketScreener,1
From the Beltway to Bondi — Our @Nasdaq employees around the world are committed to hours of service with…,1
'Frozen 2' Sets Another Box Office Record For Disney This Year,1
Funko opens new store in Hollywood,1
Gaige Keep: A Former Marine Sergeant-Turned-Marketing Guru Sheds Light On Building A Personal Brand,1
Galileo Mining : Copper - Gold Drilling Underway at Norseman Prospects #GalileoMining #Stock #MarketScreener…,1
Galp Energia SGPS : Who Pays the Tax on Imports from China? #GalpEnergiaSGPS #Stock #MarketScreener…,1
Garmin : Response Team Rescues Imperiled Animals in the Backcountry #Garmin #Stock #MarketScreener…,1
Gartner Guides Light After Ending 2019 on a High Note,1
Gazprom proposes one-year gas transit deal with Ukraine,1
GE may not be crushed by Boeing's 737 Max production halt,1
General Motors to invest $1.5 billion in Missouri plant,1
Generate Capital raises $1bn of LP capital for infra investment,1
GHO Capital pulls in €975m to close Europe’s ‘largest healthcare fund’,1
Global Investments : Daily Share Buy Back Notice #GlobalInvestments #Stock #MarketScreener,1
Global Self Storage starts rights offering,1
Goldman expands company research as other retrench - Bloomberg,1
Goldman Sachs invests over $100M in ‘Launch with GS’,1
Goldman Sachs unveils internal campaign on use of gender identity pronouns #economy #MarketScreener…,1
GoldON Resources : Grants Incentive Stock Options #GoldONResources #Stock #MarketScreener,1
"Goldrea Negotiating Land Package Deal in Dixie Lake, Ontario",1
Google Assistant launches personalized news playlists,1
Google employees demonstrated outside the company’s San Francisco office Friday to protest the internet giant’s rec…,1
"Google has announced new limits on political advertising, but the decision raises broad questions about what types…",1
"Google launched its cloud gaming service Stadia this week, but is it any good?",1
"Google Maps seeks business, transit reviews in new look as it turns 15",1
Google rolls out interpreter to mobile,1
Google wants Cloud dominance by 2023 - report,1
Google Workers Rising Up After Employees Are Fired,1
Grayscale Bitcoin Trust files registration statement with SEC,1
Great Wall Motor and BMW move forward with JV,1
"Greenlane Renewables Signs New $7.0 Million System Supply Contract with the Renewable Natural Gas Company, a Leader in Landfill Gas to RNG Projects",1
"Greenleaf Foods, SPC, and Purple Carrot Partner to Deliver New Plant-based Protein Options to Customers Nationwide",1
"Grifols : December 6, 2019 Grifols presents its latest Alzheimer's clinical trial data #Grifols #Stock…",1
Grubhub founder: ‘I am not staying up at night dreaming about consolidation’,1
GS Acquisition : Vertiv Announcement Call Presentation #GS #Stock #MarketScreener,1
GS Acquisition : Vertiv Investor Presentation #GS #Stock #MarketScreener,1
GSX Techedu announces public offering by selling shareholders,1
Guggenheim Partners LLC : GGM November 2019 Section 19a-1 Letter #GuggenheimPartnersLLC #Stock #MarketScreener…,1
H.I.G. Realty Partners Lends $33.1 million on Denver Metro Industrial/Flex Office Portfolio,1
"Halliburton layoffs driven by 'stark reality' of energy pricing, CFO says",1
Hallmark Pulls Gay-themed Ads,1
"Hallmark Pulls Kissing Brides, and Netflix, DeGeneres Push Back",1
Hallmark Pulls Wedding Ads Featuring Two Brides Kissing,1
Hancock Capital collects $380m for sixth mezzanine fund to follow debut co-invest vehicle close,1
Harbor Capital Advisors Launches Six New Harbor Funds,1
Has The Global Slowdown Affected Ford’s South America’s Volumes?,1
Hawaiian Airlines reports January traffic,1
Hawaiian Electric aims to be 100% renewable energy by 2045 Watch an energy focused #NYSESlice interview with…,1
Heard on the Street: Tiffany accepts a sparklier proposal,1
Here’s the Deal: A Sneak Peek at Amazon’s Biggest Cyber Monday Deals Weekend Ever,1
Here's How Disney+'s 28.6 Million Subscribers Compare to Netflix,1
Here's what @ElonMusk's '200K' tweet is likely hinting at when it comes to the Tesla Cybertruck,1
Here's what WeWork must do to stay alive via @bopinion,1
Hermes GPE raises $603.5m for PEC IV alongside $1bn BTPS mandate,1
Herro Says He's Committed to Credit Suisse But Rohner Should Quit,1
Hexagon Resources : Shareholders Approve Rare Earth Investment #HexagonResources #Stock #MarketScreener…,1
"Hexo Reported Unlicensed Cannabis, Schedules It For Destruction",1
HIG continues busy fundraising year by closing $3.1bn mid-market buyout vehicle,1
Highlight: 'When you look at what Amazon has built... it's this infrastructure and this user base... that allows them t...,1
Highwoods Properties : SCHEDULE 13G #HighwoodsProperties #Stock #MarketScreener,1
HKScan Corporation: SHARE REPURCHASE 25.11.2019 #Stock #MarketScreener,1
"Horizon Media Study Finds Instagram’s Move to Hide Likes is Somewhat of a Collective Shrug, but with a Glimmer of H…",1
How Comcast and Charter Have Used Cellphone Services to Sell Wifi,1
How Huawei became a U.S. government target,1
"How Much Does Costco Spend On Selling, General And Administrative Expenses?",1
How T-Mobile CEO John Legere Changed the Industry,1
Hoxton Ventures ups goal for sophomore fundraise after powering towards initial target,1
"HP Is Playing Hard To Get, But Its Rejection Could Lead To Proxy Wars",1
HP Sends Letter to Xerox,1
HSBC Bank USA rolls out real-time payments to business clients,1
HSBC cashes in some chips on Rockwell Automation,1
HSBC Plans Third Overhaul in a Decade With Investors Seething,1
Huawei gets 90-day extension for doing business with U.S. companies,1
Huawei gets reprieve to do business with US companies: Exclusive,1
Huawei granted 90-day extension to do business with U.S. companies,1
"Hundreds of Nike employees march to protest its treatment of women, reports",1
Hyderabad Metro Rail Becomes The Second-Largest Operational Metro Network In The Country,1
i3 Energy : Price Monitoring Extension #i3Energy #Stock #MarketScreener,1
IBM Has Its Head In The Clouds,1
IBM: one free cloud (and a free ton of copper) with every purchase of cloud what happens to AWS margins now?,1
"ICYMI: Actually, Teslas are among the *least* stolen vehicles.",1
IDG Energy Investment : VOLUNTARY ANNOUNCEMENT INVESTMENT REGARDING MOBILITY SERVICES PLAT... #IDG #Stock…,1
IGL: Strategic Acquisition of Salmat Marketing Solutions #Salmat #Stock #MarketScreener,1
Ilkka-Yhtymä Oyj: Johdon liiketoimet #Stock #MarketScreener,1
Impossible Dream? Uber Aims At Profitability In 2020,1
"In a High-Stakes Labor Showdown, McDonald’s Has Allies in the White House",1
"In this #CNBCClassic clip, Jeff Bezos explained his ambitious vision for Amazon in a 1999 interview: ""There’s no gu…",1
India Asks IndiGo to Gradually Ground Unmodified A320neo Planes,1
India’s aviation regulator asks an airline to ground one unmodified Airbus A320neo for every new addition to its fl…,1
"Insiders Know Best? What Employee Ratings Reveal About Aurora Cannabis, Canopy Growth, and Cronos Group",1
Instagram is willing to pay for celebrities’ IGTV production costs — as long as they avoid politics or elections,1
Instagram Stories Already Generates 10% of Facebook's Ad Revenue,1
Intel : and MediaTek Partner to Deliver 5G on the PC #Intel #Stock #MarketScreener,1
Intel : Autonomous Driving / Mobileye #Intel #Stock #MarketScreener,1
Intel and MediaTek Partner on 5G Laptops for 2021,1
Intel director acquires $5M in shares,1
"Internet Society Foundation Announces $300,000 in Grants for Projects That Promote the Benefits of the Internet",1
Interpublic CEO on competing with tech companies,1
Intertek : launches Cyber Assured #Intertek #Stock #MarketScreener,1
InVivo Therapeutics launches equity offering,1
IPG Team Selected as Global Marketing Agency for LATAM Airlines,1
"iPhone Maker Foxconn Makes Masks For Chinese Employees, Forces Them To Return To Work",1
IPhone Maker Foxconn Warns Staff to Keep Away From Shenzhen Base,1
Iridium Communications Extends Its Internet of Things Coverage Globally,1
IRS investigators scrutinize Bitcoin ATMs and kiosks,1
Is Amazon grocery in the trial-and-error stage?,1
Italy’s newest attempt to rescue failed airline Alitalia has one main objective: rope in German carrier Lufthansa,1
J&J launches innovative study for expanded use of Invokana,1
J&J retests baby powder days after asbestos finding,1
J.C. Penney redesigns its denim brand for size inclusivity,1
Jacobs wins cyber crime and training contract,1
James A. Balfanz Named CEO of City Year,1
Japan’s Friendship Ties Programs JENESYS 2019 ASEAN Inbound Program 23rd Batch,1
Jarvis Securities : Director's Interest #JarvisSecurities #Stock #MarketScreener,1
Jasper Therapeutics Launches with $35 Million Series A Financing to Develop and Commercialize Innovative Conditioni…,1
Jatenergy : Letters to Securityholders - Rights Issue #Jatenergy #Stock #MarketScreener,1
Jeff Bezos & Blue Origin satellite launch protest sustained by GAO,1
JEOL : Form 8.3 - #JEOL #Stock #MarketScreener,1
JEOL : Form 8.5 (EPT/RI)- Just Eat plc AMENDMENT #JEOL #Stock #MarketScreener,1
JetBlue Founder Says New ‘Breeze Air’ on Track to Fly This Year,1
Jones Lang LaSalle Incorporated : JLL closes $15.15M sale of Charlotte-area retail buildin...…,1
JPMorgan restructures ETF sales,1
Juiced Bikes Scorpion Is An E-Bike With A Motorcycle Spirit,1
Just Eat advises shareholders not to accept Prosus offer,1
Just Eat rejects raised offer from Prosus,1
Just Eat urges shareholders to shun Prosus and stick with Takeaway deal,1
Karankawa Wind Farm Achieves Commercial Operation,1
Karelian Diamond Resources : Notice of meeting #KarelianDiamondResources #Stock #MarketScreener…,1
KBR wins $23.7M contract,1
"KFC is offering what's sure to be the hottest commodity of the season: a hunk of flammable, chicken-scented bliss k…",1
KLX Energy to implement cost cuts amid 'abrupt deterioration',1
Korian and Omedys Develop the First Neighborhood Teleconsultation Network in France,1
"Kroger wants to bring in shoppers by offering the freshest greens -- so fresh your kale, parsley or cilantro will b…",1
L BRANDS MEETING WITH BANKS TO CONSIDER ALTERNATIVES: THE DEAL... to the Victoria Secret show?,1
"L&T, IdeaForge Sign Pact For Unmanned Systems",1
L1 Long Short Fund : Net Tangible Asset Backing #L1LongShortFund #Stock #MarketScreener,1
Landmark Partners pulls in $296m for sophomore infra fundraise,1
Larry Ellison Hits the High Seas With Endeavor in Sailing Deal,1
Latrobe Magnesium : Community Briefing for Latrobe Valley Magnesium Plant #LatrobeMagnesium #Stock #MarketScreener…,1
"Layoffs Loom as Canadian Rail Strike Hits Chemicals, Farmers",1
LCI Industries lands Polyplastic,1
"Lee Enterprises plans quarterly call and webcast December 12, 2019",1
Legrand : Total Number of Shares and Voting Rights,1
LHV : Loans of existing Danske Bank clients were transferred to LHV Pank #LHV #Stock #MarketScreener…,1
LIC Chairman MR Kumar Says There’s Hardly Any Stress To Impact Insurer’s Valuation,1
Lithium Americas to give up control of Argentina project,1
Lithium Consolidated : AGM Voting Clarification #LithiumConsolidated #Stock #MarketScreener,1
Lockheed awarded $3.3B to support satcom network,1
Lockheed's LM-100J scores FAA certification,1
Looking Through The Smoke To Altria’s Future,1
"Loss of Trust Led to Thiam's Exit, Credit Suisse Says",1
Low & Bonar : Form 8.5 (EPT/RI) - Low & Bonar PLC #LowBonar #Stock #MarketScreener,1
Lowe's scheduled to report Q3 results before Wednesday's open,1
LSU Quarterback Joe Burrow Wins Heisman Trophy in Landslide Vote,1
"LSU Quarterback Joe Burrow Wins Heisman Trophy, AP Reports",1
Luckin Coffee buzzing and looking to the future,1
Luckin Coffee's Impressive Growth And Retail Model Could Dethrone Starbucks In China,1
Lyft pulls electric scooters from major cities,1
Macquarie : Ceasing to be a substantial holder for ELD #Macquarie #Stock #MarketScreener,1
"Made in the new Shanghai Gigafactory, these Teslas have a starting price of 355,800 yuan ($50,623), making them abo…",1
Magmatic Resources : Appendix 3B #MagmaticResources #Stock #MarketScreener,1
"Mahathir Shows No Sign of Handover of Power, Choice of Successor",1
Maire Tecnimont (BIT:MT) Use Of Debt Could Be Considered Risky,1
MAJOR TRANSACTION: SINGAPORE MRT TEL CONCESSION AGREEMENT #Stock #MarketScreener,1
Malaysia's Mahathir clarifies comments on AirAsia,1
Marathon Patent stockholders approve share issuance for miner purchases,1
Marchex to Attend at Roth Corporate Access Event,1
Markel Takes the Long-Term View After Another Impressive Year,1
Markforged Achieves ISO 27001 Certification,1
Marrone Bio Innovations : Control Invasive Mussel Biofouling to Improve Plant Availability...…,1
Mazda issues recall over Takata airbag inflators again,1
McDonald : Statement of Changes in Beneficial Ownership #McDonalds #Stock #MarketScreener,1
McDonald’s is expected to launch a crispy chicken sandwich in the beginning of next year and Telsey Advisory Group…,1
McDonald's Tells Investors to Expect More Cash Returns,1
McEwen Mining plans stock offering; size not disclosed,1
McEwen Mining prices public offering at $1.325/unit,1
MDU Resources outlines five-year $2.9B capex plan,1
"MEC Resources : Takeovers Panel makes no interim order, meeting to proceed #MECResources #Stock #MarketScreener…",1
MedAdvisor : Lapsing of Hook Options & Appendix 3Y #MedAdvisor #Stock #MarketScreener,1
Mediaset Espana Comunicacion S A : announces an Extraordinary Shareholders Meeting to be h... #Stock…,1
Memebox Rebrands to MBX and Names New Executive Team,1
Merit Medical : Launches ReSolve Mini&trade; Locking Drainage Catheter #MeritMedical #Stock #MarketScreener…,1
Metal Bank : Managing Director's Presentation to Shareholders #MetalBank #Stock #MarketScreener…,1
Metminco : 1st Hole at Chuscal Intersects Impressive 350m Gold Interval #Metminco #Stock #MarketScreener…,1
"MGA Entertainment knows that LOL Surprise toys are creating massive amounts of plastic waste, and now they're tryin…",1
MGE Energy Issues December 2019 &apos;Interim Report&apos;,1
MHI Selected for Inclusion in All Four GPIF ESG Investment Indices for a Second Consecutive Year,1
MICROmega : Sebata - empowerment transaction #MICROmega #Stock #MarketScreener,1
"Micron Analysts Expect Lukewarm Q1, But Project Coming Inflection In Memory Pricing",1
"Microsoft is pushing back the launch of its new Surface Earbuds, meaning it will miss the crucial 2019 holiday shop…",1
Microsoft just launched its new #HoloLens2 augmented reality headset. While it's not quite ready for store shelves…,1
Microsoft updates terms on data privacy amid EU probe,1
"Microsoft, Baker Hughes announce artificial intelligence partnership for oil and gas industry…",1
Minsheng Education : (i) CAPITAL INVESTMENT OF 51% EQUITY INTEREST IN WENDA ELECTRONICS WH... #MinshengEducation…,1
MLM: Nornico Royalty Agreements to be assigned to AUZ #AustralianMines #Stock #MarketScreener…,1
Mobile TeleSystems Public Joint Stock : MTS Unveils Refreshed Strategy at Investor Day #Stock #MarketScreener…,1
Molson Coors takes stake in beverage incubator,1
MongoDB : Form 10-Q #MongoDB #Stock #MarketScreener,1
Monmouth Real Estate boosts credit facility to $300M,1
Moskovskiy Kreditnyi Bank : CREDIT BANK OF MOSCOW will hold a conference call on 9M 2019 r...…,1
Mustang Sally will no longer be driving the iconic muscle car in 2019. Ford will use the name 'Mustang' for their n…,1
"NanoViricides : Annual Meeting of Shareholders to be Held on Saturday, December 7th, 2019 ... #NanoViricides #Stock…",1
National Presto Industries : Form 10-Q #NationalPrestoIndustries #Stock #MarketScreener,1
NBC says it has topped $1 billion in national ad sales for 2020 Summer Olympics,1
Neptune amends and restates processing agreement with Canopy,1
Neptune Wellness and Canopy Growth agree to amend terms of cannabis processing deal,1
Nestle India Accused Of Making Rs 90 Crore Undue Profit By Not Passing On GST Rate Cut Benefits,1
Nestle Passes on Dessert as Its CEO Skips Straight to Coffee,1
Netflix is moving its Latin American headquarters to Mexico City and staffing up in the office,1
"Netflix is spending $420 million to produce more local content in India, CEO Reed Hastings says",1
New Hope reports Q1 activities report,1
New Jersey-Docked Royal Caribbean Ship Screened for Virus,1
New McDonald's CEO rallies the troops,1
New Sports : FURTHER DELAY IN DESPATCH OF CIRCULAR #NewSports #Stock #MarketScreener,1
New U.S. airline expected to launch late this year,1
Newron nabs RPD tag in U.S. for sarizotan for Rett syndrome,1
Newsom rejects PG&E bankruptcy plan,1
NexOptic Shareholders Support all Resolutions at its Annual and Extraordinary General Meeting,1
"NHB Tweaks Rs 30,000 Crore Liquidity Infusion Facility For Housing Finance Companies",1
Nike employees protest treatment of women as company reopens building named for disgraced coach…,1
Nike executive on the future of retail and what's next for her company,1
Nike gets into the medical footwear game,1
Nike to take $425 million charge to move brand business in South America to distributors,1
"Nike will no longer sell its items directly to Amazon, as it looks to revamp its retail strategy by selling just to…",1
"NIKE, Inc. Announces Strategic Distributor Partnerships In Brazil, Argentina, Chile and Uruguay",1
Nike's Alphafly will also avoid Olympic ban,1
Nintendo Is Playing the Long Game in China,1
NIO’s $100 Million Fundraise Falls Short for Cash-Needy Carmaker,1
"No, Boeing Isn’t Ruining Trump's 3% Growth Target",1
Noble Corp. notes little action in latest fleet status report,1
"Nodal Exchange Successfully Completes Migration of U.S. Power Open Interest from Nasdaq Futures, Inc.",1
Nomura : ING working on digital assets custody technology - sources #Nomura #Stock #MarketScreener…,1
Nomura Instinet loses confidence in Extended Stay America,1
"Nordea Bank CEO on Earnings, Reorganization, Negative Rates",1
Nordstrom : Hiring for the Holidays #Nordstrom #Stock #MarketScreener,1
Northrop Grumman : to Advance Integrated Air and Missile Defense Battle Command System #NorthropGrumman #Stock…,1
Northzone pulls in $500m for oversubscribed Fund IX close,1
Nostrum Oil & Gas : Form 8.5 (EPT/RI) - Nostrum Oil & Gas PLC #Stock #MarketScreener,1
"Not appropriate to compare energy stocks to tobacco, Chevron CEO says",1
"Notable Insider Buys In The Past Week: Enterprise Products Partners, PBF Energy, Sage Therapeutics",1
Nova Leap Health Corp. to Present at the ii6 Summit in Toronto,1
Novartis completes certification of initial sites in Ontario for Kymriah,1
Novo Nordisk : Disclosure of transaction data #NovoNordisk #Stock #MarketScreener,1
NOVONIX : BTS WINS DISCOVERY AWARD FOR INNOVATION #NOVONIX #Stock #MarketScreener,1
NPN: NASPERS LIMITED - Statement regarding Just Eat PLC circular #Naspers #Stock #MarketScreener…,1
NTSB wants Boeing to redesign 737s after deadly 2018 Southwest accident,1
"Nu Oil and Gas : Holdings in Company Nov 25, 2019 #NuOilandGas #Stock #MarketScreener",1
"Number of movies on Netflix: 2014: 6,494 2019: 3,849 Number of TV titles: 2014: 1,609 2019: 1,784",1
"Number of shares and voting rights of ADOCIA as of November 30, 2019",1
Nuro Self-Driving Car Scores Federal Regulator Approval(Radio),1
NYSE-Listed is making it easier to shop from small businesses with their new feature: The Pinterest Shop,1
Oaktree Specialty Lending NAV treads water in Q4,1
Ocean Grown Abalone : Results of Meeting #OceanGrownAbalone #Stock #MarketScreener,1
Ocean impact investment fund reaches $92m second close,1
Ocean Wilsons : 3Q19 Conference Call Transcript #OceanWilsons #Stock #MarketScreener,1
Oi S A : Material Fact - Reply to B3 Official Letter (276 Kb) #OiSA #Stock #MarketScreener,1
ON Semiconductor to Demonstrate Intelligent IoT Technologies Including Advanced Audio Processing at CES 2020,1
One American CEO's tortuous path to surviving Trump's trade wars (via @brianreports),1
OneWater Marine Inc. Prices Initial Public Offering,1
OneWater Marine prices initial public offering,1
OPG Power Ventures : Result of AGM & Appointment of Non-Executive #OPG #Stock #MarketScreener…,1
Orchard's OTL-200 nabs accelerated review in Europe for rare nerve cell disorder,1
Orsted : 195 A/S Notification Of Manager's Transaction #Orsted #Stock #MarketScreener,1
"Our Person in the News is Sundar Pichai, the new CEO of Google's parent company Alphabet. This week, the tech execu…",1
Our Take On The Brink's Company's (NYSE:BCO) CEO Salary,1
"Over 92,000 Employees Of BSNL, MTNL Opt For VRS Scheme",1
Oyster Point Pharma Announces Positive Top-Line Results From the Phase 1 “ZEN” Study of Its Lead Nicotinic Agonist…,1
Pacific Star Network : Chairman's and CEO's Address to Shareholders #PacificStarNetwork #Stock #MarketScreener…,1
PagSeguro Digital : Form 13-D #PagSeguroDigital #Stock #MarketScreener,1
Panasonic and KOSÉ Set to Commence Verification Test for Personalized Proposals Utilizing Snow Beauty Mirror…,1
Patrick Industries outlines succession plan,1
Pembina's Kinder Morgan deal cleared by Canadian competition regulator,1
"PennyMac Mortgage Investment Trust (NYSE: PMT) celebrates PMT's 10th anniversary of listing. Stanford L. Kurland, E…",1
PepsiCo's New Coffee Drink Offers Twice As Much Caffeine,1
Perfect Corp. Reveals ‘2020 Global Color Trend Report’,1
Performance Food Group Company to Participate in the 2020 CAGNY Conference,1
Personal Assets Trust : Issue of Equity #PersonalAssetsTrust #Stock #MarketScreener,1
"Personal Data Protection Bill Fails To Deliver On The Promise Of Privacy, Experts Say",1
Petratherm : Lapse of Unlisted Options #Petratherm #Stock #MarketScreener,1
Pfizer- A Stealth Blockbuster in Heart Drugs,1
PG&E boss says it wasn’t fully ready for California outages,1
PG&E Faces a Sprint to Fix Restructuring After Governor’s Rebuke,1
PG&E Faces a Sprint to Fix Restructuring After Governor's Rebuke,1
PG&E Is Dubious of Fire Victim’s Claim for a 500-Pound Emerald,1
PG&E Plays Its $13.5 Billion Hole Card,1
"PG&E, fire victims waive deadline for governor's OK of reorganization plan",1
Pharmaron Beijing : An announcement has just been published by the issuer in the Chinese s... #PharmaronBeijing…,1
Ping An Securities : WITHDRAWAL OF PROPOSED SHARE CONSOLIDATION AND PROPOSED CHANGE IN BOA... #PingAnSecurities…,1
Pinterest launches a small business shop ahead of the holidays,1
Pioneer Resources : Inferred Resource Estimate for Cade Lithium Deposit #PioneerResources #Stock #MarketScreener…,1
"PMC Bank Depositors Held After Protest, CM Assures Help To All",1
"PNB Under-Reported Bad Loans By Rs 2,617 Crore In FY19",1
Popeyes says firing 7 employees for Wisconsin brawl was only first step,1
PORR : starts into 2020 with successful EUR 150 million hybrid issue #PORR #Stock #MarketScreener...,1
Powerhouse Ventures : Chairman's Presentation to AGM #PowerhouseVentures #Stock #MarketScreener…,1
Powerlong Real Estate : PROPOSED SPIN-OFF AND SEPARATE LISTING OF POWERLONG COMMERCIAL MAN... #PowerlongRealEstate…,1
Prime Mining Comments on Recent Promotional Activity,1
Primoris scores $30M of industrial awards,1
"Private Equity Won Big on Lululemon, and It’s Not Done Yet",1
Pro Pac Packaging : 2019 Annual General Meeting Presentation #ProPacPackaging #Stock #MarketScreener…,1
Professional Holding prices initial public offering,1
Profile & Software A E : Announcement 9631/2019 (no English translation available) #Stock #MarketScreener…,1
Prosus N : Statement regarding Just Eat PLC (Just Eat) circular #ProsusNV #Stock #MarketScreener…,1
Prudential to Deepen Presence in China Market; Asia CEO Nicandrou,1
"Public Comment Period on a Proposed Publication of SOFR Averages and a SOFR Index Extended to January 10, 2020 →",1
"Public Sector Banks Collect Rs 1,996 Crore As Minimum Balance Penalty In FY19",1
Publix Commits to $4 Billion in Food Donations to Alleviate Hunger,1
PutWrite Strategies Offer a Buffer Against Losses | NASDAQ,1
"Qantas challenges Airbus, Boeing to offer better deal on ultra-long haul jets",1
Qantas Passengers Evacuated After Hydraulic Issue With Plane,1
Qualcomm forecasts 450 mln in global 5G phone sales in 2021,1
Qualcomm provides three-year targets,1
"Rak Bank CEO on Earnings, Margins, M&A",1
Rare Element Resources Successfully Completes Pilot Plant,1
Read the police report from the incident in which a Tesla Supercharger caught fire at a Wawa store in New Jersey ea…,1
Real Gold Mining : UPDATE ON THE PROCEEDINGS REGARDING GUANGFA BANK ACCOUNTS #RealGoldMining #Stock #MarketScreener…,1
Record Year for the Iberchem Group With the Completion of Two Acquisitions in Flavors and 19% Growth in Revenues,1
"Record-Breaking ""Frozen 2"" Debut Propels Disney Past an Important Milestone",1
Red Hill Iron : Amended Appendix 3B #RedHillIron #Stock #MarketScreener,1
Reebok joins plant-based trend with vegan sneakers,1
REG Blending Partner Becomes Boston’s Official Heating Oil Provider,1
Reliance Global executes contract on 260-unit apartment property,1
Renascor Resources : Expiry of Unlisted Options #RenascorResources #Stock #MarketScreener,1
Renault : New Espace Dimensions & Technical datas #Renault #Stock #MarketScreener,1
Renault : New Renault Espace - Press kit EN #Renault #Stock #MarketScreener,1
Renishaw : Sir David McMurtry awarded James Watt Gold Medal #Renishaw #Stock #MarketScreener,1
Replacing Pratt engines in IndiGo fleet by end of January a challenge - CEO,1
Report: 43% of investors interested in bitcoin are women by @readDanwrite,1
Report: Emirates Pilots Unaware Engines Idle in 2016 Crash,1
Report: FreightCar America Closing Roanoke Plant,1
ResApp Health : 2019 Letter to Shareholders #ResAppHealth #Stock #MarketScreener,1
Researchers designed a thumb-sized patch — containing 50 million stem cells — that can be implanted onto a heart at…,1
Resonant prices underwritten equity offering,1
Response to SGX Queries #ChinaJishan #Stock #MarketScreener,1
Ress Life Investments A/S: Ress Life Investments A/S publishes performance and portfolio data for 2019 #Stock...,1
Restaurant Brands International : Burger King says it never promised Impossible Whoppers w...â€¦,1
Resumen: SFL publica los resultados de 2019,1
Retirement Portfolio With Many Sector And Global Funds. #stocks #finance #investing,1
Reunion Gold Announces Change in Fiscal Year-End,1
Revealing The True Extent Of Exxon’s Natural Gas Blow Out,1
"RevoluGROUP Canada Inc. Correction RedCHAPINA DA For RevoluPAY®, Update RevoluVIP Car Rentals And Cruises",1
Ridley : Managing Directors address to shareholders #Ridley #Stock #MarketScreener,1
Rio Tinto’s Giant Mongolia Project Dealt Another Blow,1
RLH updates on asset sale,1
RoboSense erhält Zertifizierung nach IATF 16949,1
RoboSense Obtains IATF 16949 Certification,1
Roche Presents Spinal Muscular Atrophy Drug Data,1
Ronson Development : Report no 71 Purchase of own shares #RonsonDevelopment #Stock #MarketScreener…,1
Royal Dutch Shell plc Transaction In Own Shares #RoyalDutchShell #Stock #MarketScreener,1
RPT-UPDATE 2-Alibaba to price shares at HK$176 in $12.9 bln Hong Kong listing - sources,1
RRD Partners with Microsoft Store to Boost In-Store Marketing Efforts,1
Ryanair Is a Polluting Airline. There's No Hiding That Fact,1
SAExploration gets Nasdaq non-compliance letter,1
Salarius Pharma files for equity offering,1
Salesforce Conference Interrupted by Immigration Protesters,1
Salesforce on watch as DreamForce event ramps up,1
Salesforce to use Amazon AI technology to improve call center services,1
"Salesforce, Amazon taking on RingCentral",1
"Samenvatting: Japanse NEDO en Panasonic behalen ‘s werelds hoogste conversie-efficiëntie van 16,09% voor grootste zonnecelmodule met Perovskite per gebied",1
San Jose Water Files Application for Investment in Advanced Metering Infrastructure,1
"Santana Minerals : Petrology Confirms Nickel, Cobalt and Copper Sulphides- Laos #SantanaMinerals #Stock…",1
Sappi : joins Cepi in the 4evergreen alliance to boost the contribution of fibre-based pac... #Sappi #Stock…,1
SASA Polyester Sanayi A.Ş. Selects INVISTA PTA Technology,1
SASA聚酯选用英威达PTA技术,1
Schwab aims for more than survival with $26bn Ameritrade deal,1
Schwab bulks up for fee war with $26bn TD Ameritrade deal,1
"Science, tech investor Kairos Ventures launches second fundraise of the year, could collect up to $250m",1
Sears' Eddie Lampert looks to regain full ownership of Sears Hometown and Outlet Stores,1
SeaSpine teams up with 7D Surgical to integrate product offerings,1
SEBI Issues Performance Benchmarking Guidelines For Alternative Investment Funds,1
Sensus Recognized for Innovation at Smart Utility Summit,1
SFL publiceert recordresultaten voor 2019,1
SGS : Helps Uruguay Customs Detect Major Drug Smuggling Operation #SGS #Stock #MarketScreener…,1
Shelf Drilling : USDA's Recommendations for a Safe Thanksgiving #ShelfDrilling #Stock #MarketScreener…,1
Shell pushes to power with plans for first big solar plant,1
Shell to continue search in renewables after losing Eneco tender,1
"Sherwin details $600M plan for new HQ, R&D center",1
Shree Minerals : Golden Chimney Exploration Update #ShreeMinerals #Stock #MarketScreener,1
Sienna Cancer Diagnostics : Key Terms of CEO/Managing Director Employment Contract #SiennaCancerDiagnostics #Stock…,1
"SIIC Environment : to Build 3,800 tonnes per day Waste Treatment Project in Shanghai, PRC #SIIC #Stock…",1
Sino Harbour : VOLUNTARY ANNOUNCEMENT-INCREASE IN SHAREHOLDINGS BY A SUBSTANTIAL SHAREHOLDER #SinoHarbour #Stock…,1
Skanska : Co-creating solutions to reduce the industry's carbon footprint #Skanska #Stock #MarketScreener…,1
Skyworks : Statement of changes in beneficial ownership of securities #Skyworks #Stock #MarketScreener…,1
Smart Cannabis Cultivators are Leveraging Natural Gas to Cut HVAC Costs up to 80%,1
Soapbox: A small business with some big partners,1
SocGen Pledges Higher Returns After Dropping Profit Target,1
SocGen Pledges Higher Returns After Signaling It May Miss Target,1
Societatea Energetica Electrica : Current report &ndash; BoD member renunciation &ndash; 1...…,1
"SoftBank combining Yahoo Japan, Line Corp",1
SoftBank launched a long-awaited $3 billion tender offer for WeWork stock,1
SoftBank launches robotic vacuum in U.S.,1
Softbank leads $140 million funding round for Brazil start-up VTEX #economy #MarketScreener,1
SoftBank Said to Go Ahead With WeWork Stock Tender Offer:Reuters,1
SoftBank to Create Japan Internet Giant to Battle Global Rivals,1
SoftBank to go ahead with WeWork stock tender offer this week #economy #MarketScreener,1
SoftBank unveils a $184 million initiative to accelerate AI research,1
SoftBank-backed Paytm raises $1 billion in fresh funding,1
Software Acquisition prices $130M initial public offering,1
Sophos : Form 8.5 (EPT/RI)Sophos Group plc_Replacement #Sophos #Stock #MarketScreener,1
Sorrento Therapeutics : Simplified registration form #SorrentoTherapeutics #Stock #MarketScreener…,1
Sotherly Hotels Inc. Announces Relocation of Corporate Headquarters,1
Sourcewater Launches DirtWork AlertTM Satellite Intelligence for Permian Basin Sitework,1
"South African Airways Cuts Foreign, Local Routes to Stay Afloat",1
Southern : Georgia Power Says Final Containment Ring Placed at Vogtle Unit Nuclear Project #Southern #Stock…,1
Spence Mullis Named Community Banker of the Year,1
Spill contained at Shell's Puget Sound refinery,1
Spoiling Tesla’s Rally Could Come Down to Upcoming Catalysts,1
Spot on once again! #ES_F guidance matters when it comes to taking individual trades..,1
"Spotify, the world’s most popular paid music streaming service, will suspend political advertisements in 2020. More…",1
Spotify-Backer Northzone Raises $500 Million for New Investments,1
Sprout Social goes public,1
Square's Getting Serious About E-Commerce,1
Standard Life Aberdeen : Form 8.3 - Cobham plc #StandardLifeAberdeen #Stock #MarketScreener,1
Stein Mart looks for edge with jewelry,1
Stride Property : HY20 Interim Report and Results #StrideProperty #Stock #MarketScreener,1
Strike On Tuesday Looms For Canadian National After Teamsters Sends Notice To Company,1
Sunni Waqf Board To Meet On Tuesday To Discuss Ayodhya Review Plea Filing,1
SunPower launches 22M-share public offering,1
SunPower selected to build JFK Airport solar project,1
SunPower to offer 22 mln common shares to the public,1
Sutter Rock Capital Corp. Announces Expiration and Final Results of Modified Dutch Auction Tender Offer to Repurcha…,1
Svante and Chevron Technology Ventures Launch Study for Carbon Capture Pilot Unit,1
Sweden says U.S. interest in Ericsson logical for 5G capability,1
TAAL Announces Appointment of Auditor,1
Tachyum CEO Dr. Radoslav Danilak Discusses ‘Bringing Slovakia to the Forefront of the Digital Age’ at CEO Forum,1
Taco Bell dives into the fried chicken wars with its Crispy Tortilla Chicken by @heidi_chung,1
"Taco Bell wants you to take its tacos, stick them in a blender and serve them as bisque on Thanksgiving…",1
Taiwan Fund : Announces Share Repurchases under its Discount Management Policy from Novemb... #TaiwanFund #Stock…,1
Target steps up same-day delivery options,1
"Tata Steel plans to cut up to 3,000 European jobs",1
TD sees no rate hikes by G-10 central banks next year,1
Teledyne to Present at the Cowen Aerospace/Defense & Industrials Conference,1
Telenor says Huawei will still play role in 5G rollout,1
Telix Pharmaceuticals : Webcast of CEO presentation to Jefferies Conference #TelixPharmaceuticals #Stock…,1
Tencent In Talks to Form Consortium for Universal Music Group Stake,1
Tensions are mounting between Credit Suisse Chairman Urs Rohner and CEO Tidjane Thiam ahead of a board meeting next...,1
Terna S p A : and consumer associations work together to strengthen collaboration and dial... #TernaSpA #Stock...,1
Tesco Asks Thai Tycoons for Next-Round Bids for Asia Unit,1
"Tesla Chief Executive Elon Musk unveils the company’s electric Cybertruck, venturing into the pickup truck market,…",1
Tesla Cybertruck: 5 important questions about the polarizing EV,1
Tesla just unveiled its first electric pickup: The Cybertruck. The truck boasts 300 miles of range and will come wi…,1
Tesla Remotely Removed Autopilot From A User's Car Without Telling Them: Report,1
Tesla Set to Bulk Up the World’s Largest Lithium-Ion Battery,1
Tesla unveiled a new electric pickup truck called Cybertruck yesterday. But the truck’s futuristic design polarized…,1
Tesla: How Much Is Hype and How Much Is Real?,1
Tesla's Autopilot could save millions of lives — but it will also kill some people first. More @BW…,1
Tesla's Cybertruck has arrived and it looks nothing like any pickup truck you've ever seen. But a demonstration of…,1
"Tesla's demo of its first electric pickup didn't go quite according to plan. The ""Tesla armor glass"" windows shatte…",1
"Tesla's made-in-China cars will qualify for subsidies there, a potential boon for the company",1
Teva inks early-stage drug research deals,1
"Teva, drugmakers in talks With U.S. to end generics probes via @business",1
TFF Pharmaceuticals : Corporate Presentation #TFFPharmaceuticals #Stock #MarketScreener,1
That Odd Kroger Partnership With Walgreens Just Got Weirder,1
The David Rubenstein Show: Bank of America CEO Brian Moynihan,1
"The Executive VP & Chief Commercial Officer of Corteva, Inc. (NYSE:CTVA), Timothy Glenn, Just Bought 6.7% More Shares",1
"'The Irishman' drew a solid audience for Netflix with a budget of just over $150 million, despite people complainin…",1
The Medicines Company's inclisiran shows positive effect in HeFH study,1
The salary information released by Intel today isn’t flattering — and is information the company didn't have to sha…,1
The Silver Lining in Ford's Struggling Chinese Market,1
The Splunk Data-to-Everything Platform Brings Speed and Scale to McLaren,1
The three major Democratic committees blasted Google for an ad policy that will allow politicians to run false ads…,1
These 4 Measures Indicate That Odfjell (OB:ODF) Is Using Debt Extensively,1
This company in Dubai is taking the oil used to cook McDonald's fries and chicken nuggets and turning it into biodi...,1
This startup makes a meat alternative out of thin air by @bridgetteAwebb,1
Thomson Resources : AGM - Chairman's Address #ThomsonResources #Stock #MarketScreener,1
Tightrope Thiam: comeback CEO stung by a spying scandal,1
"Tilray Launches Canadian Cannabis 2.0 Products, Completes First Export Of Medical Cannabis Extract To Switzerland",1
Tinyclues accélère sa croissance en 2019,1
T-Mobile CEO: 'Was never having discussions' to run WeWork,1
Tough road seen for LaCroix,1
TPG-backed NewQuest hits $1bn final close for Asia Fund IV,1
Transnet Outlines Plans for Cheaper Coal to Eskom,1
Trayport to provide trading platform for Bulgaria's gas bourse,1
Trevena reports results from special population studies for oliceridine,1
"Troy Income & Growth Trust : U.S. Dairy Industry Commends Breakthrough on USMCA, Urges Swift Passage of Deal…",1
TUI and Royal Caribbean Expand Cruise Partnership With $1.3 Billion Deal,1
Tupperware opens first-ever store in NYC's Soho neighborhood,1
Twitter : Statement of Changes in Beneficial Ownership #Twitter #Stock #MarketScreener,1
Twitter CEO Jack Dorsey is funding a small team to chase his idealistic vision for social media,1
Twitter is now letting people hide unwanted replies to their tweets as part of a broader effort to make the platfor…,1
Two Amazon Locations in Germany Face Strikes Ahead of Christmas,1
Two of the leaders of the online brokerage industry are merging. Charles Schwab agreed to buy TD Ameritrade for $26…,1
Two-Year-Old Cloud-Security Startup Clumio Raises $135 Million,1
Tyson Foods : Nudges Dog Treats Turns Unwanted Holiday Gifts into Fido's Favorite Toy #TysonFoods #Stock…,1
U.K.’s Largest Pension Fund Plans to Halve Hedge-Fund Holdings,1
U.S.-based chip-tech group moving to Switzerland over trade curb fears #economy #MarketScreener…,1
Uber helicopter rides to from Manhattan to JFK International Airport were briefly cheaper than by car,1
Uber Plans to Appeal London License Ban,1
Uber ready to join FANG after earnings - RBC,1
Uber submits appeal to regain London taxi license,1
Uber Technologies : Correction to story on Uber's reports of sexual assault #UberTechnologies #Stock…,1
Uber Technologies : Driving Change- Working Together to End Gender-Based Violence #UberTechnologies #Stock…,1
Uber Technologies : Safety Report Details Sexual Assaults in U.S. Over Two Years -- Update... #UberTechnologies…,1
United Shore gives away Cadillacs to 13 employees after record-breaking year,1
UnitedHealthcare to Open Member Medicare Services Centers in Select Walgreens Stores,1
"Unlike its competitors, @MakerDAO isn't backed by government-issued currencies, but by other cryptocurrencies.",1
Unusual Ventures races to $400m final close for Fund II,1
UPDATE – AffaMed Therapeutics Receives NMPA Approval to Initiate Phase III Clinical Trial in China with Herceptin®…,1
UPDATE 1-Alibaba to close books early in $13.4 bln Hong Kong listing after strong demand -sources,1
UPDATE 1-Alibaba will raise up to $12.9 bln in Hong Kong listing -sources,1
UPDATE 1-Apple starts construction of new $1 billion campus in Texas,1
UPDATE 1-Emirates announces $16 bln order for 50 Airbus A350 planes,1
UPDATE 1-Emirates wants new Boeing jet put through 'hell on Earth' in testing,1
UPDATE 1-Flydubai chairman says could still buy Airbus A320s to replace MAX jets,1
"UPDATE 1-HollyFrontier to build biodiesel plant, buy back $1 bln in shares",1
"UPDATE 1-Russia's Sberbank, Mail.Ru to invest $1 billion in online food, taxi venture",1
UPDATE 1-Russia's Yandex to adjust corporate governance structure,1
UPDATE 1-Saudi airline flynas in talks to exercise Airbus A320neo options,1
UPDATE 1-Singapore's Pavilion cancels U.S. LNG cargo loading as market faces oversupply,1
UPDATE 2-Canada's labor union says no progress in talks with CN Rail; strike threatens grain exports,1
UPDATE 2-Major FirstGroup shareholders call for U.S. asset sale,1
"UPDATE 2-Qantas challenges Airbus, Boeing to offer better deal on ultra-long haul jets",1
Update on Investment for Accounting Purposes in Cascabel,1
Vail Resorts (MTN) Dips More Than Broader Markets: What You Should Know - Nasdaq,1
Vanguard Dividend Appreciation ETF declares quarterly distribution of $0.5985,1
Vanguard Global ex-U.S. Real Estate ETF declares quarterly distribution of $3.6471,1
VC Deals: Alphabet Pushes Duolingo To $1.5B Valuation. Read more and get updates on any stock!…,1
Verizon CEO Hans Vestberg Talks About Melding 5G and the Cloud,1
Verseon : Update on Tender Offer #Verseon #Stock #MarketScreener,1
Vertex teams up with Molecular Templates in HSCT conditioning regimens,1
VF Corporation details coronavirus impact,1
VF Corporation Provides Update on Business Impact of Coronavirus in China,1
Viacom extends cable rights to 'The Office',1
ViacomCBS Plans New Streaming Video Service,1
Vipshop announces business cooperation with SF Holding,1
Vista Outdoor : Federal Ammunition is the Official Ammunition of ACUI Clay Targets Program #VistaOutdoor #Stock…,1
VitalHub Announces Contract to Support EY Engagement in the Kingdom of Saudi Arabia by Delivering Patient Appropria…,1
Vodafone Idea To Drop Brand ‘Idea’ From Postpaid Services,1
Vodafone moving key operations to Google Cloud,1
Vodafone to Hand Management of Ghana Unit to Africa Operation,1
"Vodafone, Bharti Airtel to Hike Prices in India",1
Volkswagen expects economies of scale with ID.3,1
Vote of confidence for 737 MAX as orders inked in Dubai,1
VW CEO says new ID.3 car 40% cheaper to build than electric Golf,1
Walmart hopes its new merchandising look will help convince shoppers that it offers high-quality fruit and vegetabl…,1
"Watch the Tesla Cybertruck's supposedly unbreakable ""armor glass"" windows break after a metal ball was thrown at th…",1
"WATCH: Softbank chief Masayoshi Son and Alibaba founder Jack Ma, two of Asia’s most prominent tech entrepreneurs, t…",1
Water Oasis : Date of Board Meeting #WaterOasis #Stock #MarketScreener,1
Weebit Nano : Leti test results show efficiency improvements #WeebitNano #Stock #MarketScreener…,1
Western Union selects AWS as preferred cloud,1
Westpac Banking : Announces Response Plan #WestpacBanking #Stock #MarketScreener,1
WeWork chairman tells employees the plan is to have positive adjusted earnings by 2021,1
"WeWork names new executives, path to profitability by 2023: report",1
WEWORK TO CHANGE LEASING MODEL IN MANY CITIES: FT,1
WH Smith : Circ re. Proposed Acquisition of Marshall Retail #WHSmith #Stock #MarketScreener,1
What Forms The Bulk Of Newmont-Goldcorp’s Expenses?,1
What Tesla taught Ford by @rickjnewman,1
What To Expect From Tesla's 'Cybertruck' Event,1
What’s Next for the Proteostasis Cystic Fibrosis Pipeline,1
WhatsApp Closes In On Full Fledged UPI Payments Launch,1
Why HP Left the Door Open for Xerox,1
Williams Industrial Services Group Announces Key Dates for $7 Million Rights Offering,1
"Wimbledon Owner Bids for Bank of England Sports Club, Mail Says",1
Wincanton : Form 8.5 (EPT/RI) - Eddie Stobart Logistics plc #Wincanton #Stock #MarketScreener…,1
Wins Finance gets noncompliance letter from Nasdaq,1
Wipro Wins Multi-Year Strategic IT Deal From Marelli,1
With or without Huawei? German coalition delays decision on 5G rollout,1
"With or Without Walsh, British Air Parent Will Welcome Back Boeing’s Max",1
"With Tiffany, LVMH grows in jewelry. And Tiffany gets another chance to shine",1
Would TD Bank benefit from a Schwab-Ameritrade deal?,1
Xoma readies rights offering,1
XPS Pensions : ' Radar wins 'Actuarial Software of the Year' #XPS #Stock #MarketScreener,1
Yangtze Optical Fibre And Cable Joint Stock : ANNOUNCEMENT - PROPOSED RE-ELECTION OR ELECT... #Stock…,1
Yankee Candle Opens New State of the Art Research & Development Facility in Western Massachusetts…,1
"Yes Bank Shareholders Approve Raising Up To Rs 10,000 Crore Through QIP",1
Yestar Healthcare : Next Day Disclosure Returns #YestarHealthcare #Stock #MarketScreener,1
YouTube's Smaller and Growing Slower Than Instagram,1
Zelda Therapeutics : Investor Presentation - Non-deal Roadshow #ZeldaTherapeutics #Stock #MarketScreener…,1
Zijin Mining : State councilor meets ex-Japanese PM on bilateral ties #ZijinMining #Stock #MarketScreener…,1
Kinder Morgan's Elba Island terminal set for first LNG export shipment,1
"Parsley willing to cut oil production 20% if deal reached, CEO says",1
Guyana aims for agreement with Exxon on pricing before first oil export,1
"BP plans deep cuts to its carbon emissions by 2050, setting one of the oil sector's most ambitious targets, as part…",1
Brasileiro S A Petrobras : Petrobras on oil production in April #Stock #MarketScreener…,1
PUCO accepts results of Dominion Energy Ohio's natural gas supply auction #Stock #MarketScreener…,1
CORE GOLD TEMPORARILY SUSPENDS OPERATIONS AT DYNASTY GOLDFIELD,1
Exxon Beaumont cuts run rates until product demand improves,1
Bank of America said that it's seen fierce demand for emergency rescue loans with current applications already acco…,1
Europcar nears rescue deal with lenders - source #economy #MarketScreener,1
Disney responds to data breach after thousands of Disney+ accounts hacked,0
"Disney+ accounts are getting hacked, sold for $3: RPT",0
Hackers Are Targeting Ring Cameras,0
"Hackers have gained access to thousands of Disney+ user accounts, selling them for between $3 and $11, according to…",0
"Macy’s Hit With Malware Attack, Customer Data Stolen",0
Macy's discloses data hack,0
Finablr : Ransomware-hit Travelex says it has recovered its UK website #Finablr #Stock #MarketScreener...,2
"""Never, ever use a debit card,"" warns fraud expert and ex-con artist. (via @CNBCMakeIt)",1
A database aggregating 1.2 billion users’ personal information was discovered unprotected on a server alleged to be…,1
Iran Defuses Second Cyberattack in Less Than a Week: Minister,1
What the Disney+ ‘hack’ should teach you about your own security,1
Dollar & Bond Yields Slide After FOMC Folds,0
10Y yield just 15bps away from all time lows.,0
3Y Auction Tails On Muted Buyer Demand Despite Unlimited Fed QE,0
"As Africa Drowns In Debt To China, IMF Sounds The Alarm",0
Illinois risk seeing its credit rating cut to junk,0
"JPMorgan says bonds to slump, fueling a return to cyclicals via @business",0
Nigeria's government plans to raise as much as $6.9 billion from multilateral lenders to offset the impact of the C…,0
"Riskier investments, including junk bonds and nongovernment-backed mortgages, are being left behind as markets atte…",0
Societe Generale's Subadra Rajappa is concerned treasury yields could quickly snap back,0
South Africa could fall deeper into junk territory after S&P cut the outlook on its assessment of the nation’s debt…,0
South Africa could fall deeper into junk territory after S&P cut the outlook on its assessment of the nation’s debt…,0
Treasury yields hold rise after housing starts,0
Global stock rally spurs selloff of Treasurys ahead of benchmark debt auction,0
Argentine bonds surge after investors call Buenos Aires' bluff,2
Buenos Aires Surrender Sends Argentine Bonds on a Wild Rally,2
Negative-Yield Bond Pool Declines As Hopes For Global Recovery Soar,2
Treasury yields inch higher after economic data,2
Treasury yields pare decline after January jobs report,2
Ardagh Group prices $500M senior secured notes due 2025,1
Brookfield Asset Management announces proposed debt offering,1
Overnight Treasury Market Summary,1
Overnight Treasury Market Summary,1
Overnight Treasury Market Summary,1
Treasury Market Summary,1
Treasury Market Summary,1
Treasury Market Summary,1
Treasury Market Summary,1
Collegium Pharmaceutical commences $125 mln offering of convertible senior notes due 2026,1
Camden Property Trust: 4% Yield With No Near-Term Debt Maturities. #finance #stocks #economy,1
Invesco says counterparties have sold $3.5B in pledged securities,1
Melco Resorts Finance proposes senior notes offering,1
NCR Corporation to offer $400M senior notes due 2025,1
Nasdaq prices 600M of 0.875% senior notes,1
NorthWestern provides COVID-19 response update; announces entry into $100 million 364-day term loan,1
PennyMac's new servicing advance financing to enhance liquidity,1
PennyMac announces new servicing advance financing; Structure enhancement completed with Ginnie Mae to allow…,1
Ryder enhances its liquidity position with $400M public bond offering,1
B. Riley prices upsized $115M offering of notes,1
"Islamic Bond ETF Covers Unique ESG Market, For A Price. #investing #markets #trading",1
"Spirit Realty gets new term loan, boosting liquidity to $700M",1
Titan Machinery amends and restates credit agreement,1
Slack announces $600.0 mln aggregate principal amount of convertible senior notes due 2025 in private offeri…,1
10-year yield at 1.649%; 2-year yield at 1.443%; 30-year yield at 2.126%,1
10-year yield at 1.812%; 2-year yield at 1.606%; 30-year yield at 2.290%,1
A troubled Chinese state-own firm is giving bondholders a stark choice on $1.25 billion of dollar bonds,1
Adani Joins India’s Dollar Bond Frenzy With $1 Billion Sale,1
Airbnb to terminate $1 billion credit facility after private equity deal: sources,1
Allegheny Technologies proposes senior notes offering,1
Ardagh S A : Launch of $200 million Senior Secured Notes #ArdaghSA #Stock #MarketScreener,1
"Argentina is trying to restructure debt with creditors, IMF",1
AT&T : Boosts Liquidity With $5 Billion Term-Loan #ATT #Stock #MarketScreener,1
AT&T supports Pai's public midband auction call; I -40%,1
AT&T takes on $5.5 billion loan to boost 'financial flexibility',1
Aurora Cannabis says 94% of holders of its C$230 million in convertible debt opt for early conversion,1
Aurora sets early conversion price for convertible bonds at discount to Friday's,1
Bank Indonesia : The Republic of Indonesia Issues USD4.3 Billion Notes through SEC-Registe... #BankIndonesia…,1
Biggest Australia bond rally since 2014 drives Japan funds away,1
Bond ETFs for Those Focused On Resurgence in Inflation,1
"Bond Investors Are Back, Even in Indonesia -- 2nd Update #taux #MarketScreener",1
Bond Investors Fume at Price Talk Some Call ‘Bait and Switch’,1
Bond market is focal point of trade war for RBC’s Schaffrik,1
Brian Chappatta on Trade Doubts in the Bond Market (Podcast),1
Carlisle Companies Extends $1 Billion Credit Facility,1
Castor Maritime : Announces $11.0 Million Senior Secured Debt Financing #CastorMaritime #Stock #MarketScreener…,1
"Charlie McElligott: ""The Bull Market In Bonds Is Back On""",1
China Readies U.S. Dollar Bond Sale #taux #MarketScreener,1
"China’s massive pile of soured debt is set to get even bigger, giving foreign investors more opportunities to try t…",1
China’s special-purpose bonds fall short of Beijing’s ambitions,1
Citigroup analysts are standing apart from the Wall Street pack by predicting that the municipal-bond rally may be…,1
Citigroup Announces $1.5 Billion Redemption of 2.450% Notes due 2020 and $1 Billion Redemption of Floating Rate Not…,1
Commercial paper outstanding – a measure of short-term promissory notes issued primarily by corporations – decrease…,1
CommScope redeeming $100M in 5% notes,1
Compass Minerals to offer $500M senior notes due 2027,1
Corporate leverage all time high,1
Dozens of Chinese companies have defaulted on debt obligations even after Beijing launched one of the largest state-…,1
DPW reaches agreement with a family office to resolve debt previously in default,1
"Dreams For A Bond Selloff Are ""Shattering Like Cybertruck Windows""",1
Eskom Yields Fall as Restructure Chief Says Debt Plan Days Away,1
External Commercial Borrowings More Than Doubles At $50 Billion In Two Years,1
Foreign Bondholders Join Lebanese Debt Restructuring Chorus,1
Ghana is selling the longest-dated Eurobond ever issued by a sub-Saharan African government,1
Ghana plans to use $1 billion of newly raised cash to restructure debts with power generators,1
"Goldman Sachs's ""baby bear market"" call on bonds is a little silly via @bopinion",1
Goldman’s ‘Baby Bear Market’ Hides a Mundane Call on Bonds,1
Hercules Capital starts two-part $120M notes offering,1
iHeartMedia announces private offering of senior secured notes due 2028,1
India’s ECB-Like Move to Inject Cash Stokes Short-Term Bonds,1
Indonesia sells Asia's first 50-year dollar bond to fight pandemic,1
"Indonesia sold $4.3 billion of bonds, including one it won't pay off for 50 years",1
Indonesia’s Reserves Jump to Near Record on Bond Sales,1
Japan considers issuing 50-year bonds to support yields,1
Junk bond scare is rising: 'No one cares. People are buying everything',1
Keurig Dr Pepper : Refinances to Extend Maturities #KeurigDrPepper #Stock #MarketScreener,1
Landsbankinn hf.: Covered bond offering results #Stock #MarketScreener,1
London Stock Exchange : Notice Regarding Contemplated Redemption of Notes #LondonStockExchange #Stock…,1
March 2020 Yield Curve Update. #trading #stocks #finance,1
Mattel Brings Back Aborted Bond Deal and Doubles Offering Size,1
Mortgage investors seeks Congress help for guarantee in mortgage-finance companies’ debt,1
"Mortgage Loan Rates Dipped Last Week, Refinancings Dropped",1
MSCI private notes offering rises to $500M,1
MSCI proposes $250M add-on notes offering,1
Nasdaq prices 600M of 0.875% senior notes,1
PAR Technology Corporation Announces Pricing of Upsized $105 Million Offering of Convertible Senior Notes,1
QEP Resources Completes Redemption of Its 6.8% Senior Notes Due 2020,1
Roche to buy back up to $2B of debt,1
Sberbank of Russia : arranges issue of structured bonds worth RUB1 bn on commercial real e... #SberbankRossii…,1
Security Federal Corporation Completes Private Placement of $30 Million of Subordinated Notes,1
Senior Africans propose 'standstill' on eurobond debt payments,1
Soaring bond yields drive states and cities to buy back their own debt,1
States struggling with highest credit card debt? Trump’s South by @SibileTV,1
"Tailing, Mediocre 10Y Auction Prices At Lowest Yield On Record",1
Teva prices upsized $2.1B debt offering,1
The Green Organic Dutchman Declares $41.7 Million Senior Secured Credit Facility,1
The operator of Istanbul's giant new airport is in talks with Chinese and Gulf lenders to refinance $6.2 billion of…,1
The U.S. Treasury Department sets the stage for 20-year bond reboot to start in May,1
Toyota Credit Selling Year's First U.S. Company Green Bond,1
"Treasury Inversion Is Not About the U.S., It Is About the Whole World",1
Treasury Sets Stage for 20-Year Bond Reboot to Start in May,1
Treasury yields retreat as solid bond sale underlines appetite for debt,1
Treasury yields see whipsaw trading after January jobs report,1
"Two key regulators are holding off on easing Wall Street debt limits, leaving billions of dollars locked up that co…",1
U.S. Bonds Are A Tactical Short. #investing #markets #stocks,1
U.S. Junk Bond Rally Will Be More Muted in 2020 After 13.5% Year,1
"U.S. Treasury liquidity on the mend, but without Fed remains fragile #economy #MarketScreener…",1
UKDMO UK Regulatory Announcement: Issue of Debt,1
UKDMO UK Regulatory Announcement: Issue of Debt,1
"Virtu reprices $1.925B term loan, enters floating-to-fixed rate swap",1
Virtu Reprices Senior Secured First Lien Term Loan Lower and Enters into a Floating to Fixed Interest Rate Swap,1
Walgreens Boots Alliance : Enters Into $500 Million Credit Agreement #WalgreensBootsAlliance #Stock #MarketScreener…,1
WeWork Bonds Stumble to New Lows After Review,1
Wynn Resorts Announces Private Offering of $350 million of Wynn Resorts Finance Senior Notes due 2025…,1
"Wynn, NCR deals a sign of yet more risk returning to bond market #Stock #MarketScreener",1
"No Dates Set for Argentine Debt Talks, IMF Spokesman Says",1
China willing to work bilaterally with low-income countries on debt challenges - Chinese official #economy…,1
Fed's bond-buying injecting hope of reprieve to 'fragile' $18 trillion Treasurys market,1
"US households now hold more than $14 trillion of debt, a new record, the New York Federal Reserve said this week.",1
"A. H. Belo halves dividend, cuts capital spending to below $1M",0
Apollo Tactical Income Fund cuts dividend by 9%,0
Apache: Recently Slashed Dividend May Never Stage A Comeback. #economy #markets #stocks,0
Continental Resources announces suspension of quarterly dividend; global crude oil and product demand is...,0
Delaware Investments Dividend & Income Fund cuts dividend by 10%,0
Delaware Enhanced Global Dividend & Income Fund cuts dividend by 7%,0
(+0.2% pre) Macy's may have just signaled a dividend cut - Brian Sozzi,0
Ovintiv: Anticipating A Dividend Cut. #stocks #finance #trading,0
Boeing supplier Spirit cuts dividend to increase liquidity,0
Boeing supplier Spirit slashes dividend due to 737 MAX crisis,0
GFT Technologies : suspends forecast for the current financial year and reviews dividend p... #GFTTechnologies…,0
American Equity Investment Life increases annual cash dividend to $0.30/share from $0.28/share,2
Abbott Labs raises quarterly dividend by 12.5% to 36 cents a share,2
AT&T says 'it has a strong cash position' and will continue to pay a quarterly dividend.,2
AT&T is raising its quarterly dividend to 52 cents a share,2
At*&T raises quarterly dividend by 2% to 52 cents a share,2
Dunkin' Brands lifts dividend and buyback as 2020 outlook shy of estimates,2
"First Bancorp increases dividend, boosts stock buyback program",2
HollyFrontier raises dividend by 6% to 35 cents a share,2
Merck to raise quarterly dividend by 11% to 61 cents a share,2
New York Times board raises quarterly dividend to 6 cents a share vs. 5 cents,2
"OneMain plans to boost dividend, pay special dividends",2
Six Flags raises quarterly dividend by a penny to 83 cents a share,2
American Equity declares $0.30 dividend,1
Amcor goes ex-dividend tomorrow,1
AMEN Properties declares $20.00 dividend,1
Apollo Commercial Real Estate Finance declares $0.46 dividend,1
Ashland declares $0.275 dividend,1
AllianceBernstein Global High Income Fund declares $0.0655 dividend,1
American Water Works declares $0.50 dividend,1
Boise Cascade declares $0.10 dividend,1
Blue Capital Reinsurance declares $0.57 dividend,1
Beach Energy declares AUD 1.00 dividend,1
BankFinancial declares $0.10 dividend,1
BankFinancial goes ex-dividend tomorrow,1
Blackbaud declares $0.12 dividend,1
BOK Financial goes ex-dividend tomorrow,1
Brixmor Property declares $0.285 dividend,1
Contact Energy declares NZ$0.16 dividend,1
CSB Bancorp declares $0.28 dividend,1
BNY Mellon High Yield Strategies Fund declares $0.0215 dividend,1
Danaher Corporation declares $0.17 dividend,1
Deswell Industries goes ex-dividend tomorrow,1
Wells Fargo Advantage Income Opportunities Fund declares $0.05902 dividend,1
Eaton Vance Floating-Rate Income Plus Fund declares $0.0850 dividend,1
Eaton Vance Floating Rate Income Trust declares $0.0840 dividend,1
Eaton Vance New York Municipal Bond Fund declares $0.039 dividend,1
Wells Fargo Advantage Global Dividend Opportunity Fund declares $0.14525 dividend,1
Eaton Vance National Municipal Opportunities Trust declares $0.0717 dividend,1
Wells Fargo Advantage Utilities&High Income Fund declares $0.07922 dividend,1
Eaton Vance Municipal Income Term Trust declares $0.0709 dividend,1
Eaton Vance Limited Duration Income Fund declares $0.10 dividend,1
Eagle Materials declares $0.10 dividend,1
First Trust Specialty Finance&Financial Opportunities Fund declares $0.135 dividend,1
Federated Premier Municipal Income Fund declares $0.05 dividend,1
Franchise Group declares $0.25 dividend,1
Federal REIT declares $1.05 dividend,1
Graco declares $0.175 dividend,1
Gouverneur Bancorp declares $0.17 dividend,1
"Helmerich & Payne: Dividend Safety Improving, Although Concerns Remain. Read more:",1
World Fuel declares $0.10 dividend,1
Inter Pipeline declares CAD 0.1425 dividend,1
Ituran Location declares $0.24 dividend,1
Kilroy Realty declares $0.485 dividend,1
Luminex declares $0.09 dividend,1
McChip Resources declares C$0.02 dividend,1
Macquarie/First Trust Global Infrastructure/Utilities Dividend & Income Fund declares $0.25 dividend,1
MTS Systems declares $0.30 dividend,1
Northern Star Resources declares AUD 0.075 dividend,1
Northfield Bancorp goes ex-dividend tomorrow,1
NorthWest Indiana Bancorp declares $0.31 dividend,1
Newport Exploration Ltd. declares CAD 0.01 dividend,1
Omega Healthcare Investors' Risky Dividend Strategy. Read more and sign up for updates:…,1
OneMain Holdings declares $0.33 dividend,1
Potlatch declares $0.40 dividend,1
PepsiCo declares $0.955 dividend,1
Alpine Income Property Trust declares $0.058 dividend,1
PolyOne declares $0.2025 dividend,1
Invesco S&P SmallCap Financials ETF declares $0.47 dividend,1
Prospect Capital declares $0.06 dividend,1
Phillips-Van Heusen goes ex-dividend tomorrow,1
Assessing If Ryder System's Dividend Is Sustainable. #trading #stocks #economy,1
Riviera Resources declares $4.25 dividend,1
Shore Bancshares declares $0.12 dividend,1
Sunstone Hotel declares $0.57 dividend,1
SIR Royalty Income Fund declares CAD 0.0875 dividend,1
Schlumberger goes ex-dividend tomorrow,1
U.S. Silica Holdings declares $0.02 dividend,1
Sun Life Financial goes ex-dividend tomorrow,1
Schneider National declares $0.065 dividend,1
Source Capital declares $0.25 dividend,1
Tekla Healthcare Opportunities Fund declares $0.1125 dividend,1
Texas Roadhouse declares $0.30 dividend,1
UGI declares $0.325 dividend,1
United States Lime & Minerals declares $5.35 dividend,1
Vivaldi Opp Shs Opportunities Fund declares $0.11642 dividend,1
Westwood increases stock buyback while slashing dividend,1
WestRock declares $0.465 dividend,1
Acorn Capital Investment Fund : Dividend Reinvestment Plan #AcornCapitalInvestmentFund #Stock #MarketScreener…,1
ADTRAN declares $0.09 dividend,1
Advanced Drainage Systems Announces Quarterly Cash Dividend,1
Advanced Drainage Systems declares $0.09 dividend,1
Advanced Emissions Solutions declares $0.25 dividend,1
Amcor goes ex-dividend tomorrow,1
AMEN Properties declares $20.00 dividend,1
Apache declares $0.25 dividend,1
Arch Coal declares $0.50 dividend,1
Bancorp 34 declares $0.05 dividend,1
Barings Corporate Investors declares $0.30 dividend,1
Barings Participation Investors declares $0.27 dividend,1
Baxter declares $0.22 dividend,1
BGC Partners declares $0.14 dividend,1
BlackRock declares $3.30 dividend,1
Boise Cascade declares $0.10 dividend,1
BOK Financial goes ex-dividend tomorrow,1
Brigham Minerals goes ex-dividend tomorrow,1
Brixmor Property declares $0.285 dividend,1
Chemtrade Logistics Income Fund declares CAD 0.10 dividend,1
Chicken Soup for the Soul Entertainment Series A Cumu Perp Red Prfd Stk declares $0.2031 dividend,1
Cineplex declares CAD 0.15 dividend,1
"Clipper Realty Inc. (NYSE:CLPR) Is About To Go Ex-Dividend, And It Pays A 1.0% Yield",1
Clorox declares $1.06 dividend,1
CME declares $0.85 dividend,1
CMUV Bancorp declares $0.08 dividend,1
CNB Community Bancorp declares $0.46 dividend,1
Columbia Property Trust declares $0.21 dividend,1
Cominar Real Estate Investment Trust declares CAD 0.06 dividend,1
Community Healthcare declares $0.4175 dividend,1
Constellation Brands goes ex-dividend on Monday,1
Crombie Reit declares $0.07417 dividend,1
Cross Timbers Royalty Trust declares $0.0621 dividend,1
Deswell Industries goes ex-dividend tomorrow,1
Digital Realty Trust declares $1.08 dividend,1
"Digital Realty Trust, 5.850% Cum Red Pfd Series K declares $0.365625 dividend",1
"Digital Realty Trust, Inc. 5.250% PFD SER J declares $0.328125 dividend",1
"Digital Realty Trust, Inc. PFD SER G 5.875% declares $0.367188 dividend",1
Dividend 15 Split Corp IIA declares CAD 0.10 dividend,1
"Dividend Increases: November 18-22, 2019. Read more: #finance #stocks #stockmarket",1
Dunkin' Brands Group declares $0.4025 dividend,1
Eagle Growth and Income Opportunities declares $0.08 dividend,1
Eagle Materials Declares Quarterly Dividend,1
Ebix declares $0.075 dividend,1
Estee Lauder declares $0.48 dividend,1
Extended Stay America goes ex-dividend tomorrow,1
Federal REIT declares $1.05 dividend,1
Federated Premier Municipal Income Fund declares $0.05 dividend,1
Financial 15 Split declares CAD 0.1257 dividend,1
First Capital declares $0.24 dividend,1
First Choice declares $0.25 dividend,1
First Trust Specialty Finance&Financial Opportunities Fund declares $0.135 dividend,1
Franklin Limited Duration Income Trust declares $0.0839 dividend,1
"FRIEDMAN INDUSTRIES, INCORPORATED ANNOUNCES CASH DIVIDEND",1
General Mills declares $0.49 dividend,1
Genuine Parts Company declares $0.7625 dividend,1
GlobalSCAPE declares $3.35 special dividend,1
Goldman Sachs MLP and Energy Renaissance Fund declares $0.16 dividend,1
GS MLP Income Opportunities Fund declares $0.21 dividend,1
Hammond Power Solutions declares CAD 0.07 dividend,1
Hanesbrands declares $0.15 dividend,1
Harvest Capital Credit declares $0.08 dividend,1
Hawaiian Electric goes ex-dividend tomorrow,1
InfraCap REIT Preferred ETF declares $0.12 dividend,1
IntercontinentalExchange declares $0.30 dividend,1
Interpublic Group of Companies declares $0.235 dividend,1
ItaÃƒÂº Unibanco S A : Payment of Dividends and Interest on Capital #Stock #MarketScreener,1
Just 4 Days Before Silicon Motion Technology Corporation (NASDAQ:SIMO) Will Be Trading Ex-Dividend,1
Kaman declares $0.20 dividend,1
KKR Income Opportunities Fund declares $0.125 dividend,1
Knight-Swift Transportation declares $0.08 dividend,1
Kohl's declares $0.67 dividend,1
Louisiana-Pacific declares $0.145 dividend,1
M&T Bank declares $1.10 dividend,1
Mackinac Financial declares $0.14 dividend,1
Mannatech declares $0.125 dividend,1
Marine Petroleum Trust declares $0.0488 dividend,1
McChip Resources declares C$0.02 dividend,1
Merck declares $0.61 dividend,1
Mesa Royalty Trust declares $0.036724557 dividend,1
Meta Financial declares $0.05 dividend,1
Middlefield Banc declares $0.15 dividend,1
Morneau Shepell declares CAD 0.065 dividend,1
New York Times declares $0.06 dividend,1
Nielsen goes ex-dividend tomorrow,1
Norsk Hydro declares NOK1.25 dividend,1
Northern Star Resources declares AUD 0.075 dividend,1
Nuveen AMT-Free Quality Municipal Income Fund declares $0.0117 dividend,1
Nuveen Maryland Premium Income Municipal Fund declares $0.044 dividend,1
Nuveen Michigan Quality Income Municipal Fund declares $0.0445 dividend,1
Nuveen Minnesota Quality Municipal Income Fund declares $0.049 dividend,1
Nuveen Virginia Quality Municipal Income Fund declares $0.0445 dividend,1
Oaktree Specialty Lending declares $0.095 dividend,1
Oaktree Strategic Income declares $0.155 dividend,1
Old Dominion Freight Line declares $0.23 dividend,1
Page Industries Limited (NSE:PAGEIND) Stock Goes Ex-Dividend In Just 3 Days,1
Patterson-UTI Energy declares $0.04 dividend,1
Peoples Financial Services declares $0.36 dividend,1
PepsiCo declares $0.955 dividend,1
Permian Basin Royalty Trust declares $0.038987 dividend,1
PermRock Royalty Trust declares $0.0373 dividend,1
Phillips-Van Heusen goes ex-dividend tomorrow,1
PJT Partners declares $0.05 dividend,1
PolyOne declares $0.2025 dividend,1
Public Service declares $0.47 dividend,1
PulteGroup declares $0.12 dividend,1
Ralph Lauren Corporation Declares Quarterly Dividend,1
Richards Packaging Income Fund declares CAD 0.11 dividend,1
Royal Gold declares $0.28 dividend,1
SmartCentres REIT declares CAD 0.1542 dividend,1
Source Capital declares $0.25 dividend,1
Spirit AeroSystems declares $0.01 dividend,1
Steris declares $0.37 dividend,1
Sun Life Financial goes ex-dividend tomorrow,1
Suncor Energy declares CAD 0.465 dividend,1
Superior Plus declares CAD 0.06 dividend,1
Superior Uniform declares $0.10 dividend,1
Telephone and Data Systems declares $0.165 dividend,1
The Estée Lauder Companies Inc. Declares Quarterly Dividend of $.48 Per Share,1
Timken declares $0.28 dividend,1
Total S.A. declares EUR 0.68 final dividend,1
U.S. Bancorp declares $0.42 dividend,1
U.S. Silica Holdings declares $0.02 dividend,1
United Bancorporation of Alabama declares $0.10 dividend,1
US Bancorp Deposit Shs Repr Non-Cum Perpetual Pfd Shs Series B declares $0.3219 dividend,1
Victory Bancorp declares $0.025 dividend,1
Virtus InfraCap U.S. Preferred Stock ETF declares $0.19 dividend,1
Walker & Dunlop goes ex-dividend tomorrow,1
Waste Management declares $0.5125 dividend,1
Worthington declares $0.24 dividend,1
Xenia Hotels declares $0.275 dividend,1
Xilinx goes ex-dividend on Monday,1
Xylem declares $0.26 dividend,1
"AECOM: Given Disappointing Earnings And No M&A News, ACM Is A Trading Sell. #stockmarket #markets #stocks",0
Starbucks Likely Range Bound After Inconclusive Q4 2019 Earnings. Sign up for updates on Seeking Alpha!…,0
3M Stock Is a Toxic Stock After Earnings,0
Conn's did not CONNect on earnings today as comps were weak,0
Exxon and Chevron posted the weakest results in years because of disappointing results in almost all of their busin...,0
Medigene AG Just Missed Earnings With A Surprise Loss - Here Are Analysts Latest Forecasts,0
"Mohawk Industries, Inc.'s (NYSE:MHK) Earnings Dropped -19%, Did Its Industry Show Weakness Too?",0
Not So Happy Holidays for Kohl’s After Earnings,0
"Österreichische Post AG's (VIE:POST) Earnings Dropped -16%, How Did It Fare Against The Industry?",0
Twitter users explain why Kohl's stock just got obliterated after reporting earnings,0
Twitter users explain why Kohl's stock just got obliterated after reporting earnings by…,0
Vitasoy International Holdings Limited Earnings Missed Analyst Estimates: Here's What Analysts Are Forecasting Now,0
Market Expects Good Earnings For Lululemon. Keep reading: #economy #stockmarket #investing,2
"XPO Logistics tops Q4 earnings view, hires Wyshner as new CFO",2
AbbVie Reports Estimate-Beating Fourth-Quarter Earnings Results,2
Allergan Reports Fourth-Quarter 2019 Results That Plow Past Expectations,2
Amazon hits $1 trillion on blowout earnings beat what the pros are watching now (via @TradingNation),2
Amazon's market value tops $1 trillion following the company's strong earnings report,2
Amkor Technology (AMKR) Surpasses Q4 Earnings and Revenue Estimates,2
Bristol-Myers earnings rise due to Celgene deal,2
Coca-Cola's Earnings: Outperforming Its Peers,2
CrowdStrike reported better-than-expected fiscal Q3 2020 results yesterday. “We think of ourselves as beyond just a…,2
DaVita HealthCare (DVA) Tops Q4 Earnings Estimates,2
DocuSign signs off on another solid earnings result,2
Opera Limited Just Beat Earnings Expectations: Here's What Analysts Think Will Happen Next,2
Prospect Capital (PSEC) Meets Q2 Earnings Estimates,2
"Restaurant Brands Int'l tops Q4 estimates, but company not ""clucking"" on all cylinders (QSR)",2
Results: Digi International Inc. Beat Earnings Expectations And Analysts Now Have New Forecasts,2
Results: Synaptics Incorporated Exceeded Expectations And The Consensus Has Updated Its Estimates,2
Taubman Centers (TCO) Tops Q4 FFO and Revenue Estimates,2
Vista Outdoor Beats Estimates on Improving Firearms Market,2
Why Target Earnings Are Phenomenal,2
Canada Goose Reports Results for Third Quarter Fiscal 2020,1
Agilent Q4 2019 Earnings Preview,1
Akamai Q4 2019 Earnings Preview,1
Amcor 1H 2020 Earnings Preview,1
AMEN Properties reports Q3 results,1
Ark Restaurants reports Q1 results,1
Ashtead Group PLC's (ASHTF) CEO Brendan Horgan on Q2 2020 Results - Earnings Call Transcript. Subscribe to…,1
"The Buckle, Inc. (BKE) CEO Dennis Nelson on Q3 2019 Results - Earnings Call Transcript. Get more updates her…",1
"BlackLine, Inc. 2019 Q3 - Results - Earnings Call Presentation. Follow this and any other stock on Seeking Al…",1
Piraeus Bank S.A. (BPIRY) CEO Christos Megalou on Q3 2019 Results - Earnings Call Transcript. Read more:…,1
Piraeus Bank S.A. 2019 Q3 - Results - Earnings Call Presentation. Subscribe to Seeking Alpha…,1
"BellRing Brands, Inc. (BRBR) CEO Darcy Davenport on Q4 2019 Results - Earnings Call Transcript. Read more a…",1
Brunswick Bancorp reports Q4 results,1
Brainsway Ltd. (BWAY) CEO David Zacut on Q3 2019 Results - Earnings Call Transcript. Continue reading:…,1
Blackstone Mortgage Trust Q4 Earnings Preview,1
China Customer Relations Centers reports 1H results,1
Celanese Corp (CE) CEO Lori Ryerkerk on Q4 2019 Results - Earnings Call Transcript.,1
"Charter Communications, Inc. 2019 Q4 - Results - Earnings Call Presentation. #markets #finance #trading",1
CNA Financial Corporation 2019 Q4 - Results - Earnings Call Presentation. #trading #economy #finance,1
Contact Energy reports 1H results,1
"Conn's, Inc. 2020 Q3 - Results - Earnings Call Presentation. Read more and sign up for updates:…",1
Criteo S.A. Q4 2019 Earnings Preview,1
More on Culp's Q2 results,1
Chevron Corporation 2019 Q4 - Results - Earnings Call Presentation. #trading #stockmarket #finance,1
"NTT Docomo, Inc. (DCMYY) on Q3 2019 Results - Earnings Call Transcript.",1
DCP Midstream Q4 Earnings Preview,1
Denso reports Q3 results,1
Diamond Offshore Drilling Inc. (DO) CEO Marc Edwards on Q4 2019 Results - Earnings Call Transcript.…,1
Diamond Offshore: Q4 2019 Earnings And Fleet Status Report Analysis. #business #stocks #investing,1
"Domo, Inc. (DOMO) CEO Josh James on Q3 2020 Results - Earnings Call Transcript. Continue reading:…",1
"Destination XL Group, Inc. (DXLG) CEO Harvey Kanter on Q3 2019 Results - Earnings Call Transcript. Read mor…",1
Elite Pharmaceuticals reports Q3 results,1
Enzo Biochem reports Q1 results,1
EXACT Sciences Q4 2019 Earnings Preview,1
Exelon Q4 2019 Earnings Preview,1
Flushing Financial Corporation (FFIC) CEO John Buran on Q4 2019 Results - Earnings Call Transcript....,1
"Foot Locker, Inc. (FL) CEO Richard Johnson on Q3 2019 Results - Earnings Call Transcript. Continue reading:…",1
Flame Seal Products&nbsp; reports Q3 results,1
Francesca's Holdings Corporation (FRAN) Q3 2019 Results - Earnings Call Transcript. Get more updates here:…,1
"Great Elm Capital Group, Inc. (GEC) CEO Peter Reed on Q2 2020 Results - Earnings Call Transcript.…",1
Geospace Technologies Corporation (GEOS) CEO Rick Wheeler on Q4 2019 Results - Earnings Call Transcript. Co…,1
Assessing If Gap's Earnings Beat Can Launch Shares Higher. Get more info on Seeking Alpha:…,1
Goodyear Tire & Rubber Q4 2019 Earnings Preview,1
Hilton Worldwide Q4 2019 Earnings Preview,1
Hewlett Packard Enterprise Q4 2019 Earnings Preview,1
"Hilltop Holdings, Inc. (HTH) CEO Jeremy Ford on Q4 2019 Results - Earnings Call Transcript....",1
IDT Corporation 2019 Q3 - Results - Earnings Call Presentation. Subscribe to Seeking Alpha for more:…,1
"IES Holdings, Inc. 2019 Q4 - Results - Earnings Call Presentation. Follow this and any other stock on Seeki…",1
India Globalization Capital reports Q3 results,1
Ingredion Q4 2019 Earnings Preview,1
IMPACT Silver reports Q3 results,1
Itau Unibanco reports Q4 results,1
Illinois Tool Works Inc. 2019 Q4 - Results - Earnings Call Presentation. #business #stockmarket #trading,1
Invacare Corporation 2019 Q4 - Results - Earnings Call Presentation. #business #trading #finance,1
Johnson Controls International plc 2019 Q4 - Results - Earnings Call Presentation.,1
Jacobs Engineering Group Inc. 2019 Q4 - Results - Earnings Call Presentation. Sign up for updates on Seeking…,1
Jacobs Engineering Q4 2019 Earnings Preview,1
Jones Lang Lasalle Q4 2019 Earnings Preview,1
Johnson Outdoors Inc. (JOUT) CEO Helen Johnson-Leipold on Q1 2020 Results - Earnings Call Transcript....,1
Johnson Outdoors Inc. (JOUT) CEO Helen Johnson-Leipold on Q4 2019 Results - Earnings Call Transcript. Follo…,1
Juniata Valley Financial reports Q4 results,1
James E Wagner Cultivation reports Q4 results,1
Kentucky First Federal Bancorp reports Q1 results,1
Klabin S.A. (KLBAY) CEO Cristiano Teixeira on Q4 2019 Results - Earnings Call Transcript.…,1
Katipult Technology reports Q3 results,1
"LightInTheBox Holding Co., Ltd. (LITB) CEO Jian He on Q3 2019 Results - Earnings Call Transcript. Sign up f…",1
Live Ventures reports FY results,1
Logansport Financial reports FY results,1
"Liquidity Services, Inc. (LQDT) CEO Bill Angrick on Q4 2019 Results - Earnings Call Transcript. Read more a…",1
Lanesborough Real Estate Investment Trust reports Q3 results,1
Lattice Semiconductor Q4 Earnings Preview,1
Lyft Q4 2019 Earnings Preview,1
ManpowerGroup Inc. 2019 Q4 - Results - Earnings Call Presentation. #stocks #finance #investing,1
Masco Q4 2019 Earnings Preview,1
Matthews International Corporation (MATW) CEO Joseph Bartolacci on Q1 2020 Results - Earnings Call Transcri...,1
Centaurus Energy reports Q3 results,1
Compagnie GÃƒÂ©nÃƒÂ©rale des Ãƒâ€°tablissements Michelin reports FY results,1
MJardin Group reports Q3 results,1
MakeMyTrip Q3 2020 Earnings Preview,1
"Motorcar Parts of America, Inc. (MPAA) CEO Selwyn Joffe on Q3 2020 Results - Earnings Call Transcript.…",1
Marlin Business Services Corp. (MRLN) CEO Jeff Hilzinger on Q4 2019 Results - Earnings Call Transcript....,1
Northern Star Resources reports 1H results,1
Navios Maritime Holdings Inc. 2019 Q3 - Results - Earnings Call Presentation. Continue reading:…,1
Navios Maritime reports Q3 results,1
Nutanix Q1 2020 Earnings Preview,1
Cannabis Strategic Ventures reports Q2 results,1
Novo Nordisk A/S 2019 Q4 - Results - Earnings Call Presentation. #finance #investing #business,1
"New York Community Bancorp, Inc. 2019 Q4 - Results - Earnings Call Presentation. #business #markets #finance",1
"Okta, Inc. (OKTA) CEO Todd McKinnon on Q3 2020 Results - Earnings Call Transcript. Read more:…",1
"Okta, Inc. 2020 Q3 - Results - Earnings Call Presentation. Subscribe to Seeking Alpha for more:…",1
OnDeck Capital Q4 2019 Earnings Preview,1
Optex Systems Holdings reports Q1 results,1
Ottawa Savings Bancorp reports Q4 results,1
"PagerDuty, Inc. (PD) CEO Jennifer Tejada on Q3 2020 Results - Earnings Call Transcript. Get more updates here…",1
Healthpeak Properties Q4 Earnings Preview,1
"Phreesia, Inc. (PHR) CEO Chaim Indig on Q3 2020 Results - Earnings Call Transcript. Get more updates here:…",1
Piper Sandler Companies (PIPR) CEO Chad Abraham on Q4 2019 Results - Earnings Call Transcript....,1
PennantPark Investment's (PNNT) CEO Art Penn on Q4 2019 Results - Earnings Call Transcript. Get more info o…,1
Prairiesky Royalty reports Q4 results,1
Primerica Q4 2019 Earnings Preview,1
Prosus N.V. 2020 Q2 - Results - Earnings Call Presentation. Keep reading:,1
Plato Gold reports Q3 results,1
Pretium Resources Q4 2019 Earnings Preview,1
The RMR Group Inc. (RMR) CEO Adam Portnoy on Q4 2019 Results - Earnings Call Transcript. Continue reading:…,1
Sealed Air Q4 2019 Earnings Preview,1
The J. M. Smucker Company 2019 Q2 - Results - Earnings Call Presentation. Get more info on Seeking Alpha:…,1
ReneSola Ltd 2019 Q3 - Results - Earnings Call Presentation. Keep reading: #markets #finance #economy,1
Sequans Communications S.A. (SQNS) CEO Georges Karam on Q4 2019 Results - Earnings Call Transcript.…Â,1
Sensata Technologies Q4 2019 Earnings Preview,1
Inc. 2019 Q3 - Results - Earnings Call Presentation. Get more updates here:…,1
Earnings Out Next Week,1
Earnings Out This Afternoon/Tomorrow Morning,1
"Bancorp, Inc. (TBBK) CEO Damian Kozlowski on Q4 2019 Results - Earnings Call Transcript....",1
TFI International reports Q4 results,1
Textainer Group Holdings Q4 2019 Earnings Preview,1
TEGNA Q4 2019 Earnings Preview,1
TOMI Environmental Solutions reports Q3 results,1
Transurban Group reports 1H results,1
US Foods Q4 2019 Earnings Preview,1
Viper Energy Q4 2019 Earnings Preview,1
Varex Imaging Q1 2020 Earnings Preview,1
"Varonis Systems, Inc. 2019 Q4 - Results - Earnings Call Presentation. #finance #stockmarket #economy",1
Western Union Q4 2019 Earnings Preview,1
Zumiez Inc. (ZUMZ) CEO Rick Brooks on Q3 2019 Results - Earnings Call Transcript. Follow this and any other…,1
4 Things to Look For When General Mills Reports Earnings,1
A Preview Of Philip Morris Intl's Q4 Earnings,1
AbbVie Wows Again With Q4 Results,1
ADM Tronics Unlimited reports Q2 results,1
Advantego reports Q3 results,1
"AG Mortgage Investment Trust, Inc. Schedules Fourth Quarter 2019 Earnings Release and Conference Call",1
AGCO Reports Fourth Quarter Results,1
Akbank T.A.S. reports Q4 results,1
Aker Solutions ASA reports Q4 results,1
Albany International Reports Fourth-Quarter 2019 Results,1
Alnylam Pharmaceuticals Reports Fourth Quarter and Full Year 2019 Financial Results and Highlights Recent Period Activity,1
Alpha Bank reports Q3 results,1
Alpine 4 Technologies reports Q3 results,1
Ambarella's Q3 Earnings Preview,1
American Resources reports Q3 results,1
"American Water Announces 10 Year Capital Spending Plan, Sets Long Term Growth Targets and Announces 2020 Earnings G…",1
Amkor Technology Reports Financial Results for the Fourth Quarter and Full Year 2019,1
APi Group Corporation reports Q3 results,1
Ark Restaurants : Announces Financial Results for the First Quarter of 2020play_arrow #ArkRestaurants #Stock…,1
Ark Restaurants Announces Financial Results for the First Quarter of 2020,1
Arrow Electronics Reports Fourth-Quarter and Year-End 2019 Results,1
Atico Mining reports Q3 results,1
AU Optronics reports Q4 results,1
AutoNation Q4 2019 Earnings Preview,1
Azrieli Group ADR reports Q3 results,1
Babcock International Group reports 1H results,1
Banca Monte dei Paschi di Siena S.p.A. reports FY results,1
Beach Energy reports 1H results,1
BergenBio reports Q3 results,1
BioSyent reports Q3 results,1
Bioteq Environmental Technologies reports Q3 results,1
Bonal International reports Q2 results,1
Brighthouse Financial Announces Fourth Quarter and Full Year 2019 Results,1
"BrightView Reports First Quarter Fiscal 2020 Results, Reaffirms Full Year Fiscal 2020 Guidance",1
Bristol-Myers Squibb Reports Fourth Quarter and Full Year Financial Results for 2019,1
Can Lowe’s Recapture Lost Ground from Home Depot with Earnings?,1
Canaccord Genuity reports Q3 results,1
Cancer Genetics reports Q3 results,1
Cannabis Sativa reports Q3 results,1
Cardiff Lexington Corporation reports Q3 results,1
Cedar Realty Trust Inc (CDR) Q4 2019 Earnings Call Transcript,1
Cellect Biotechnology reports Q3 results,1
Celyad reports Q3 results,1
"Central European Media Enterprises Ltd. Reports Results for the Full Year and Fourth Quarter Ended December 31, 2019",1
Central European Media reports Q4 results,1
Ciner Resources LP : to Release 4th Quarter and Year... #CinerResourcesLP #Stock #MarketScreener…,1
CNA Financial Corp (CNA) Q4 2019 Earnings Call Transcript,1
CNFinance reports Q3 results,1
Coloplast ASB reports Q1 results,1
Columbia Sportswear Company Reports Fourth Quarter and Record Full Year 2019 Financial Results; Provides 2020 Financial Outlook,1
"Commonwealth Bank of Australia : Capital, Margins in Focus -- Earnings Preview #CommonwealthBankofAustralia #Stock…",1
Compass Minerals Reports Fourth-Quarter and Full-Year Results,1
Contact Energy reports 1H results,1
Cordy Oilfield Services reports Q3 results,1
Core Molding reports Q3 results,1
CoreSite Reports Fourth Quarter 2019 Financial Results,1
Credicorp reports Q4 results,1
Cubic Energy reports Q3 results,1
Dassault Systemes reports Q4 results,1
Deluxe Reports Fourth Quarter 2019 Results and Record Full Year Revenue,1
Did IDEX Corporation's (NYSE:IEX) Recent Earnings Growth Beat The Trend?,1
DNB ASA reports Q4 results,1
Do FDC's (NSE:FDC) Earnings Warrant Your Attention?,1
Domtar Corporation Reports Preliminary Fourth Quarter and Fiscal Year 2019 Financial Results,1
Donaldson to Webcast Second Quarter 2020 Earnings Conference Call,1
Eagle Point Income Company reports Q3 results,1
Earnings Preview: What To Expect From Home Depot On Tuesday,1
Earnings Preview: What To Expect From Macy’s On Thursday,1
"Earnings Scheduled For December 12, 2019",1
Edited Transcript of 2882.TW earnings conference call or presentation 18-Nov-19 9:00am GMT,1
Edited Transcript of 8766.T earnings conference call or presentation 19-Nov-19 7:00am GMT,1
Edited Transcript of ABEO earnings conference call or presentation 13-Nov-19 3:00pm GMT,1
Edited Transcript of ADN.TO earnings conference call or presentation 31-Oct-19 5:00pm GMT,1
Edited Transcript of AKBA earnings conference call or presentation 12-Nov-19 2:00pm GMT,1
Edited Transcript of ALIM earnings conference call or presentation 30-Oct-19 1:00pm GMT,1
Edited Transcript of ALPHA.AT earnings conference call or presentation 19-Nov-19 4:30pm GMT,1
Edited Transcript of AMK.N earnings conference call or presentation 5-Nov-19 10:00pm GMT,1
Edited Transcript of APT.AX earnings conference call or presentation 28-Aug-19 12:30am GMT,1
Edited Transcript of ARWR earnings conference call or presentation 5-Feb-20 9:30pm GMT,1
Edited Transcript of ASH.N earnings conference call or presentation 19-Nov-19 2:00pm GMT,1
Edited Transcript of ASND earnings conference call or presentation 18-Nov-19 9:30pm GMT,1
Edited Transcript of ASPN earnings conference call or presentation 31-Oct-19 9:00pm GMT,1
Edited Transcript of ATKR earnings conference call or presentation 22-Nov-19 1:00pm GMT,1
Edited Transcript of BDX earnings conference call or presentation 6-Feb-20 1:00pm GMT,1
Edited Transcript of BMY earnings conference call or presentation 31-Oct-19 12:30pm GMT,1
Edited Transcript of BREW earnings conference call or presentation 13-Nov-19 4:30pm GMT,1
Edited Transcript of CB earnings conference call or presentation 5-Feb-20 1:30pm GMT,1
Edited Transcript of CNO earnings conference call or presentation 6-Nov-19 4:00pm GMT,1
Edited Transcript of CPA earnings conference call or presentation 14-Nov-19 4:00pm GMT,1
Edited Transcript of CSL earnings conference call or presentation 6-Feb-20 10:00pm GMT,1
Edited Transcript of CTK.N earnings conference call or presentation 18-Nov-19 1:00pm GMT,1
Edited Transcript of CTSH earnings conference call or presentation 5-Feb-20 10:00pm GMT,1
Edited Transcript of DCM.TO earnings conference call or presentation 18-Nov-19 4:00pm GMT,1
Edited Transcript of DSSI.N earnings conference call or presentation 13-Nov-19 1:00pm GMT,1
Edited Transcript of EKTA B.ST earnings conference call or presentation 15-Nov-19 10:00am GMT,1
Edited Transcript of EROS earnings conference call or presentation 15-Nov-19 1:30pm GMT,1
Edited Transcript of ESE earnings conference call or presentation 19-Nov-19 10:00pm GMT,1
Edited Transcript of ESI.TO earnings conference call or presentation 12-Nov-19 9:00pm GMT,1
Edited Transcript of ESTE earnings conference call or presentation 7-Nov-19 5:00pm GMT,1
Edited Transcript of FCR.TO earnings conference call or presentation 6-Nov-19 7:00pm GMT,1
Edited Transcript of FHER3.SA earnings conference call or presentation 13-Nov-19 3:00pm GMT,1
Edited Transcript of FTT.TO earnings conference call or presentation 5-Nov-19 4:00pm GMT,1
Edited Transcript of GFF earnings conference call or presentation 13-Nov-19 9:30pm GMT,1
Edited Transcript of GGAL.BA earnings conference call or presentation 12-Nov-19 4:00pm GMT,1
Edited Transcript of GLOG earnings conference call or presentation 6-Feb-20 1:30pm GMT,1
Edited Transcript of GLUU earnings conference call or presentation 5-Feb-20 10:00pm GMT,1
Edited Transcript of GSK.L earnings conference call or presentation 5-Feb-20 2:00pm GMT,1
Edited Transcript of GTS earnings conference call or presentation 7-Nov-19 1:30pm GMT,1
Edited Transcript of GTX.N earnings conference call or presentation 8-Nov-19 1:30pm GMT,1
Edited Transcript of HI earnings conference call or presentation 14-Nov-19 1:00pm GMT,1
Edited Transcript of ICON earnings conference call or presentation 12-Nov-19 10:00pm GMT,1
Edited Transcript of IWSY earnings conference call or presentation 12-Nov-19 9:30pm GMT,1
Edited Transcript of JKS earnings conference call or presentation 19-Nov-19 12:30pm GMT,1
Edited Transcript of KWR earnings conference call or presentation 13-Nov-19 1:30pm GMT,1
Edited Transcript of LEE earnings conference call or presentation 12-Dec-19 3:00pm GMT,1
Edited Transcript of LEVE3.SA earnings conference call or presentation 18-Nov-19 3:00pm GMT,1
Edited Transcript of LINC earnings conference call or presentation 14-Nov-19 3:00pm GMT,1
Edited Transcript of LXP earnings conference call or presentation 6-Nov-19 1:30pm GMT,1
Edited Transcript of MAC earnings conference call or presentation 6-Feb-20 6:00pm GMT,1
Edited Transcript of MANU earnings conference call or presentation 18-Nov-19 1:00pm GMT,1
Edited Transcript of MFA earnings conference call or presentation 6-Nov-19 3:00pm GMT,1
Edited Transcript of MGP earnings conference call or presentation 5-Nov-19 5:30pm GMT,1
Edited Transcript of MMS earnings conference call or presentation 19-Nov-19 2:00pm GMT,1
Edited Transcript of MSG earnings conference call or presentation 8-Nov-19 3:00pm GMT,1
Edited Transcript of NANO.OL earnings conference call or presentation 19-Nov-19 7:30am GMT,1
Edited Transcript of NCM.AX earnings conference call or presentation 16-Aug-19 12:00am GMT,1
Edited Transcript of NE earnings conference call or presentation 31-Oct-19 1:00pm GMT,1
Edited Transcript of NEW.N earnings conference call or presentation 18-Nov-19 1:00pm GMT,1
Edited Transcript of NG.L earnings conference call or presentation 14-Nov-19 9:15am GMT,1
Edited Transcript of NGVC earnings conference call or presentation 14-Nov-19 9:30pm GMT,1
Edited Transcript of NHI earnings conference call or presentation 7-Nov-19 5:00pm GMT,1
Edited Transcript of NSPR earnings conference call or presentation 12-Nov-19 1:30pm GMT,1
Edited Transcript of NTR.TO earnings conference call or presentation 5-Nov-19 3:00pm GMT,1
Edited Transcript of NVMI earnings conference call or presentation 7-Nov-19 2:00pm GMT,1
Edited Transcript of NVU.UN.TO earnings conference call or presentation 8-Nov-19 7:00pm GMT,1
Edited Transcript of OHL.MC earnings conference call or presentation 14-Nov-19 5:00pm GMT,1
Edited Transcript of OTEL earnings conference call or presentation 6-Nov-19 4:30pm GMT,1
Edited Transcript of PIRS earnings conference call or presentation 11-Nov-19 1:00pm GMT,1
Edited Transcript of PLZ.UN.TO earnings conference call or presentation 7-Nov-19 7:00pm GMT,1
Edited Transcript of PPC earnings conference call or presentation 31-Oct-19 1:00pm GMT,1
Edited Transcript of PRI earnings conference call or presentation 7-Nov-19 3:00pm GMT,1
Edited Transcript of PROS.N earnings conference call or presentation 7-Nov-19 3:00pm GMT,1
Edited Transcript of PTN earnings conference call or presentation 13-Nov-19 4:00pm GMT,1
Edited Transcript of RLGT earnings conference call or presentation 12-Nov-19 9:30pm GMT,1
Edited Transcript of RRR earnings conference call or presentation 4-Feb-20 9:30pm GMT,1
Edited Transcript of SBPH earnings conference call or presentation 11-Nov-19 9:30pm GMT,1
Edited Transcript of SGLB earnings conference call or presentation 14-Nov-19 9:30pm GMT,1
Edited Transcript of SLF.TO earnings conference call or presentation 7-Nov-19 3:00pm GMT,1
Edited Transcript of TDG earnings conference call or presentation 19-Nov-19 4:00pm GMT,1
Edited Transcript of TIPT earnings conference call or presentation 7-Nov-19 2:00pm GMT,1
Edited Transcript of TWOU earnings conference call or presentation 6-Feb-20 9:30pm GMT,1
Edited Transcript of VK.PA earnings conference call or presentation 14-Nov-19 5:30pm GMT,1
Edited Transcript of VLA.PA earnings conference call or presentation 31-Oct-19 1:00pm GMT,1
Edited Transcript of VNET earnings conference call or presentation 19-Nov-19 1:00am GMT,1
Edited Transcript of YGYI earnings conference call or presentation 18-Nov-19 9:15pm GMT,1
Edited Transcript of YRD earnings conference call or presentation 15-Nov-19 12:00am GMT,1
Edited Transcript of ZNGA earnings conference call or presentation 5-Feb-20 9:30pm GMT,1
Edited Transcript of ZTO.N earnings conference call or presentation 19-Nov-19 1:00am GMT,1
eDreams ODIGEO S.A. reports Q2 results,1
Elite Pharmaceuticals reports Q3 results,1
Ellington Residential Mortgage REIT Reports Fourth Quarter 2019 Results,1
Eltek reports Q3 results,1
"EMCOR Group, Inc. Fourth Quarter Conference Call to Be Broadcast Over the Internet",1
Encision reports Q3 results,1
Endonovo Therapeutics reports Q3 results,1
Energy & Environmental Services reports Q3 results,1
"Entercom Communications to Report 2019 Fourth Quarter Financial Results, Host Conference Call on February 25",1
Everest Re Group Reports Full Year and Fourth Quarter 2019 Results,1
Exxe Group reports Q2 results,1
FalconStor Software reports Q3 results,1
First Savings Financial reports Q1 results,1
"FLIR Systems to Release Fourth Quarter and Full Year 2019 Financial Results on Thursday, February 27, 2020",1
Fortum Oyj reports Q4 results,1
Friendly Hills Bank reports FY results,1
Gilat Satellite reports Q3 results,1
Gorman-Rupp Reports Fourth Quarter and Full-Year 2019 Financial Results,1
GrafTech Reports Unaudited Full Year and Fourth Quarter 2019 Results,1
Grom Social Enterprises reports Q3 results,1
Grupo Aval Acciones y Valores S.A. reports Q3 results,1
GTX reports Q3 results,1
Havilah Resources : Quarterly Activities & Cashflow Reports - Ending 31/10/19 #HavilahResources #Stock…,1
Healthpeak Properties Q4 Earnings Preview,1
HEICO Q4 2019 Earnings Preview,1
Here's What to Like About Lannett's Q2 Earnings Results,1
Hexagon AB (publ) (STO:HEXA B): Should The Recent Earnings Drop Worry You?,1
Hilton Worldwide Q4 2019 Earnings Preview,1
Idorsia reports Q4 results,1
"IGC Reports Financial Results for the Quarter Ended December 31, 2019",1
IMPACT Silver reports Q3 results,1
India Globalization Capital reports Q3 results,1
ING Groep reports Q4 results,1
"Ingles Markets, Incorporated Reports Sales and Net Income for First Quarter Fiscal 2020",1
Innerscope Hearing Technologies reports Q3 results,1
Innovest Global reports Q3 results,1
International Isotopes reports Q3 results,1
Internet Gold reports Q3 results,1
Itau Unibanco reports Q4 results,1
Item 9 Labs reports Q4 results,1
J2 Global Reports Fourth Quarter and Year End 2019 Results and Provides 2020 Outlook,1
Japan Tobacco reports FY results,1
"Jumia to Announce Fourth Quarter and Full Year 2019 Results on February 25, 2020",1
Just Energy Group Inc (JE) Q3 2020 Earnings Call Transcript,1
Kala Pharmaceuticals to Report Fourth Quarter and Full Year 2019 Financial Results and Host Conference Call,1
Kentucky First Federal Bancorp Releases Earnings,1
Kinnevik Investment ABB reports Q4 results,1
Klabin reports Q4 results,1
KonaTel reports Q3 results,1
Konecranes reports Q4 results,1
KT Corporation reports Q4 results,1
Lattice Semiconductor Q4 Earnings Preview,1
"Lawson Products, Inc. to Report Fourth Quarter 2019 Financial Results",1
Lee reports Q4 results,1
Live Ventures reports FY results,1
LiveWorld reports Q3 results,1
"Logansport Financial Corp. Reports Earnings for the Three and Twelve Months Ended December 31, 2019",1
Magal Security reports Q3 results,1
MakeMyTrip Q3 2020 Earnings Preview,1
Manchester United Plc Announces Second Quarter Fiscal 2020 Earnings Report Date,1
"Marcus & Millichap, Inc. to Report Fourth Quarter 2019 Financial Results on Thursday, February 20, 2020",1
Martin Marietta Materials Q4 2019 Earnings Preview,1
MAXIMUS Reports Fiscal Year 2020 First Quarter Results,1
MediaTek reports Q4 results,1
Molina Healthcare Reports Fourth Quarter and Year-End 2019 Financial Results,1
More on Worthington Q2 earnings,1
mPhase Technologies reports Q1 results,1
"MSC Industrial Direct Co., Inc. (NYSE:MSM): Should The Recent Earnings Drop Worry You?",1
Nathan's Famous reports Q3 results,1
Navios Maritime Acquisition reports Q4 results,1
Navios Maritime reports Q3 results,1
Neste Oyj reports Q4 results,1
NeuroVive Pharmaceutical AB reports Q3 results,1
New Jersey Resources Reports First Quarter Fiscal 2020 Results,1
New Residential Investment Corp. Announces Fourth Quarter and Full Year 2019 Results,1
Newgioco reports Q3 results,1
Nexus REIT reports Q3 results,1
NGL Energy Partners LP Announces Record Third Quarter Fiscal 2020 Financial Results,1
NICE Provides Dial-in Details for Its Fourth Quarter and Full Year 2019 Results Teleconference,1
Nicholas Financial reports Q3 results,1
Nike earnings preview: what investors should watch,1
Nippon Telegraph and Telephone Corporation reports Q3 results,1
NMC Health Plc (LON:NMC): Has Recent Earnings Growth Beaten Long-Term Trend?,1
Nordea Bank AB ADR reports Q4 results,1
Nordic Semiconductor ASA reports Q4 results,1
Northern Star Resources reports 1H results,1
Old Dominion Freight Line Reports Fourth Quarter 2019 Earnings Per Diluted Share Of $1.80,1
Omnicom Q4 2019 Earnings Preview,1
OMV Aktiengesellschaft reports Q4 results,1
"OneMain Holdings, Inc. Reports Fourth Quarter 2019 Results",1
OSRAM Licht AG reports Q1 results,1
Ottawa Savings Bancorp reports Q4 results,1
Outotec Oyj reports Q4 results,1
"Owens & Minor will Report Fourth Quarter & Full Year 2019 Financial Results on Wednesday, March 4, 2020",1
Panoro Energy ASA reports Q3 results,1
PetroTal reports Q3 results,1
Phathom Pharmaceuticals Reports Third Quarter 2019 Financial Results and Provides Corporate Update,1
Philip Morris International Inc. Reports 2019 Fourth-Quarter & Full-Year Results,1
PJT Partners Inc. Reports Full Year and Fourth Quarter 2019 Results,1
"Premium Earnings 2-10-20: Mercadolibre and Under Armour, on the blog and here",1
Pretium Resources Q4 2019 Earnings Preview,1
Protolabs Reports Financial Results for the Fourth Quarter and Full Year 2019,1
Public Joint Stock Company Gazprom Neft reports Q3 results,1
PURE Bioscience Reports Fiscal 2020 Q1 Financial Results,1
Puxin reports Q3 results,1
Q1 Earnings Outlook For Tyson Foods,1
Q1 Earnings Preview For Palo Alto Networks,1
Q3 Earnings Outlook For TJX Companies,1
RedHawk reports Q1 results,1
Reminder: Altice USA to Hold Conference Call to Discuss Q4 and Full Year 2019 Results,1
RingCentral : Q4 2019 Earnings Presentation #RingCentral #Stock #MarketScreener,1
RingCentral Announces Fourth Quarter 2019 Results,1
RRD to Announce Fourth Quarter Results on February 25th and Host a Conference Call on February 26th,1
Saab AB reports Q4 results,1
Sampo Oyj reports Q4 results,1
Securitas AB reports Q4 results,1
Security National reports Q3 results,1
Singing Machine reports Q2 results,1
Sirius XM Holdings Inc. Just Released Its Annual Earnings: Here's What Analysts Think,1
SK Telecom reports FY results,1
Skanska AB reports Q4 results,1
Sonoco Products Company (NYSE:SON): Has Recent Earnings Growth Beaten Long-Term Trend?,1
Sonova Holding AG reports 1H results,1
Spectacular Solar reports Q3 results,1
Strauss reports Q3 results,1
Superior Gold reports Q3 results,1
Swisscom AG reports Q4 results,1
SWK Holdings reports Q3 results,1
Taronis Technologies reports Q3 results,1
Teekay Offshore Partners L.P. (TOO) Q4 2019 Earnings Call Transcript,1
Tennant Company to Webcast Fourth Quarter Conference Call,1
TerrAscend reports Q3 results,1
Terumo reports 9M results,1
The Good Business Portfolio: 2019 3rd Quarter Earnings And Performance Review. Read more:,1
The New York Times Company Reports 2019 Fourth-Quarter and Full-Year Results and Announces Dividend Increase,1
Titanium reports Q3 results,1
TOMI Environmental Solutions reports Q3 results,1
Top Earnings Mon 11/25 Aft:,1
Top Earnings Tu 11/26 Pre: …,1
Tornado Global Hydrovacs reports Q3 results,1
Total: Fourth Quarter and Full-year 2019 Results,1
ToughBuilt Industries reports Q3 results,1
Transat reports Q4 results,1
Transurban Group reports 1H results,1
U.S. Xpress Enterprises Reports Fourth Quarter 2019 Results,1
Ubiquiti Inc. Reports Second Quarter Fiscal 2020 Financial Results,1
Umicore reports FY results,1
UniCredito Spa reports Q4 results,1
United Insurance Holdings Corp. Schedules 2019 Fourth Quarter and Year End Financial Results and Conference Call,1
United Utilities Group reports 1H results,1
Universal Security Instruments reports Q2 results,1
Upcoming #earnings reports …,1
Urovant Sciences to Report 2019 Third Fiscal Quarter Financial Results,1
Vallourec S.A. Just Released Its Third-Quarter Earnings: Here's What Analysts Think,1
Vans parent VF Corp. to update FY20 outlook on Q4 conference call,1
Vecima Networks reports Q2 results,1
Vecima Reports Q2 Fiscal 2020 Results,1
Viper Energy Q4 2019 Earnings Preview,1
Vir Biotechnology reports Q3 results,1
Wereldhave N.V. reports Q4 results,1
Weston George reports Q3 results,1
What to expect in FedEx 2Q 2020 results,1
Xylem Reports Fourth Quarter and Full-year 2019 Earnings,1
Yara International reports Q4 results,1
Natural gas sinks 5% to near four-year lows,0
"Oil slides amid output uncertainty, forecast for big Cushing stockpile gain",0
A global glut of LNG might force U.S. export plants to go idle,0
API data show a 6 million-barrel weekly rise in U.S. crude supply: sources,0
"API data show a roughly 6 million-barrel weekly rise in U.S. crude stocks, sources say",0
Berry Petroleum's stock plunges to 2-year low after California prohibits using steam to extract oil,0
Commodity Chaos Deepens as China LNG Buyer Invokes Force Majeure,0
Coronavirus Hits Oil's Weakest Credits Hardest,0
Crude Holds Below $50 as OPEC Dithers Over Virus Response,0
"Dec. WTI oil at $55.12/bbl in electronic trade, down from $55.21 Nymex settlement",0
"Dec. WTI oil down $1.84, or 3.2%, to settle at $55.21/bbl",0
"EIA forecasts U.S. shale oil output to climb by 49,000 barrels a day in December",0
Energy Down As Oil Rally Stalls -- Energy Roundup #economy #MarketScreener,0
Energy Down With Energy Futures -- Energy Roundup #NYMEX #Stock #MarketScreener,0
"Energy names lag on lower commodity prices for oil, gas",0
Goldman's Currie Sees Worst Oil Demand Shock in a Decade,0
"Industrial goods, oil, gas get slammed as China coronavirus slashes demand",0
Investors line up against Mizuho support for coal,0
"March WTI oil continues its decline, down 49 cents, or 1%, at $50.46/bbl",0
Mine Delays in China Are Buttressing Beleaguered Coal Bulls,0
"Nat gas prices plunge on milder weather, ample supplies",0
Natural gas futures tumble 5% and are poised to close at a nearly 4-year low,0
Natural Gas Price Fundamental Daily Forecast – Early Weakness as Forecasts Indicate Return to Seasonal Temperatures,0
Natural Gas Price Prediction – Prices Tumble on Warm Weather Forecast,0
Natural gas production in the U.S. is expected to drop by the fastest pace ever next year,0
Oil Bankruptcies Are Reaching Worrying Levels,0
Oil Begins To Move Lower – Will Our Predictions Come True?,0
Oil Dips as China Concern On Impeachment Adds Another Twist To Trade Deal,0
Oil ends at its lowest level in more than a year as U.S. prices sink below $50,0
Oil futures finish lower after posting 2 consecutive weekly gains,0
Oil majors cut 2020 spending by 22% after prices slump #CNOOC #Stock #MarketScreener,0
Oil prices fall but hold near three-month high on trade deal agreement,0
"Oil prices fell Monday, paring some of their recent rebound after a virtual summit for producers to discuss supply…",0
Oil resumes decline as investors monitor back-and-forth trade talks,0
Oil slides as Russia reportedly may not seek deeper cuts at OPEC meeting,0
Oil slips as concerns over U.S.-China trade talks drag on,0
Oil slips but holds near 2-month high as looming OPEC meeting expected to yield deeper cuts,0
Oil trades at 3-month low,0
Oil tumbles as U.S. gasoline supplies rise by most since January via @business,0
"Oil, copper remain well below peaks hit in mid-April, a sign investors remain skeptical about demand without an ove…",0
"OPEC and Russia have postponed a meeting to discuss #oil output cuts until April 9, sparking a price drop in overni…",0
OPEC+ deal is much weaker than it looks,0
Rising Short Interest Has Primed The Pumps For A Reversal In Energy ETFs. #business #investing #markets,0
Shale gas producers have a lot of problems. Count hog manure and chicken guts among them.,0
Shale's Debt-Fueled Drilling Boom Is Coming To An End,0
Stock Market Update: Energy sector down nearly 3% this week,0
Stock Market Update: WTI crude falls 3% amid concerns about oversupply,0
Stock Market Update: WTI crude falls back below $50 per barrel,0
Stock Market Update: WTI crude gives back 1% amid nervous-sounding trade headline,0
Stocks Are Going Nowhere as Hope for a China Trade Deal Wavers - Barron's,0
The coronavirus is hitting renewable energy supply chains and could hurt global energy transition,0
The global oil market is drowning in excess crude as demand plummets. Insights via @CMEGroup,0
Trade Alert - Crude Oil Downside. Read more: #investing #stockmarket #trading,0
U.S. oil futures mark lowest finish so far this month,0
"US oil prices tumbled 9% to $23.63 a barrel, reflecting nervousness ahead of this week's pivotal OPEC meeting",0
Why These Top Oil Stocks All Tumbled More Than 10% in January,0
Gas prices could soon drop to 99 cents a gallon in parts of the Midwest,0
"Oil is down, gold is up. Rates are flashing warnings. But someone forgot to tell stocks",0
$1 gasoline is back -- and it's a terrible sign for the economy,0
$1 gasoline is back -- and it's a terrible sign for the economy,0
Top Canadian oil producers foresee further cuts,0
Interest rates and oil carve out new lows as stocks slip,0
Natural gas hits the skids on warm winter weather outlook,0
Crude inventories build sharply,0
Crude inventory unexpectedly rise,0
"U.S. crude supply rose 6M barrels last week, API says",0
US Energy Information Administration.. projects US cuts of 2million BPD of crude oil,0
"1:COM U.S. gasoline futures in freefall, close at all-time lows",0
Energy extends YTD loss to 15% as oil prices plunge,0
Abrupt Reversal Of Shale Oil's Fortunes Points To A Radical Reset Of Oil Prices. #finance #markets #trading,0
"Almost 40% of oil and natural gas producers face insolvency within the year if the oil rout persists, a new Federal…",0
Canadian oil shipments are getting snarled once again,0
Commodities including crude oil and copper fell on concerns that the coronavirus would pare Chinese demand for raw…,0
Concern about the spread of the coronavirus has energy stocks falling along with the broader market. @TonyTheStreet…,0
"Cramer sees oil stocks in the 'death knell phase,' says they are the new tobacco",0
Energy Down Sharply As Depressed Oil Prices Seen Squeezing Shale Producers -- Energy Roundup #economy…,0
Exxon Baton Rouge refinery fire threatens oil demand,0
Falling Oil Prices An Economic Warning Sign | Zero Hedge,0
"For the global oil market, the coronavirus epidemic couldn't have hit a worse place",0
Gasoline futures tumbled 17% to touch 50 cents a gallon for the first time since 2001,0
"'Hurricane-force headwinds' pull oil lower, but the losses aren't built to last",0
Jet fuel demand takes a hit as coronavirus leads to travel restrictions,0
JUST RELEASED: Oil Price Dynamics Report Oil prices fell over the past three weeks owing to decreased demand and…,0
JUST RELEASED: Oil Price Dynamics Report Oil prices fell over the past week owing to increased supply.…,0
"Lower oil prices typically boost global growth, but the recent decline to an 18-year low will likely provide less s…",0
Midstream Prices Crash: Maybe We Have Seen This Before. #business #finance #markets,0
Natural Gas Continues To Dig A Deeper Bottom. #stocks #investing #trading,0
"Oil - If Demand Drops, Exports Drop. #markets #stockmarket #investing",0
"Oil Algos Confused After Huge Crude Build, Record Production, & OPEC Demand Cut | #FreeZeroHedge",0
Oil drops after U.S. inventory data,0
"Oil falls more than 4%, sliding into bear market territory as coronavirus sparks demand fears",0
"Oil Slips After OPEC, EIA Reports Forecast Robust Supply #WTI #Stock #MarketScreener",0
"Oil Slips After OPEC, EIA Reports Forecast Robust Supply #WTI #Stock #MarketScreener",0
OPEC slashed forecasts for global oil demand as the coronavirus hits fuel use in China,0
Sales of Latin American oil cargoes to China have ground to a halt this week,0
Some expect natural gas prices to fall to levels not seen in three years,0
"Stranded tankers, full storage tanks: coronavirus leads to crude glut in China #economy #MarketScreener…",0
"The coronavirus is a 'black swan' for oil and energy markets, says Ned Davis Research",0
"The crash in energy prices has hit Norway, Europe's biggest oil producer, forcing it to prop up its currency for th…",0
The Danger Of Deeper OPEC+ Cuts,0
"The deepening crisis at debt-ridden Eskom shut down South Africa's key mining industry for 24 hours, hitting gold a…",0
The resistance levels to watch as oil falls from its highest close in almost 12 weeks,0
Tullow Oil: diminishing reserves,0
Two Canadian rail terminal owners are unable to take oil deliveries amid the rail strike,0
U.S. gasoline futures tumbled to their lowest level since 1999-with some pump prices already below $1-as coronaviru…,0
U.S. LNG producers fear more price drops as they await China buys under Phase 1 deal,0
U.S. Oil Inventories Rise More Than Expected #WTI #Stock #MarketScreener,0
U.S. shale gas investors brace for write-downs amid price plunge,0
"US Gasoline Crashes To 50c - Lowest Since 2001 - Amid ""Unprecedented"" Demand Collapse",0
WTI crude oil slides 1.5% after surprise build in U.S. inventories,0
WTI Slips From 12-Week Highs After Surprise Crude Inventory Build,0
U.S. rig count falls for seventh straight week,2
U.S. rig count trimmed by 2 in Baker Hughes survey,2
OPEC+ confirms deeper oil production cut; crude oil jumps,2
COM Uranium likely to benefit as top miner cuts output,2
Brent crude climbs after OPEC and its allies confirmed the new production pact,2
Declining Rig Counts Point To Higher Energy Prices And A Headwind For The U.S. Economy,2
"Energy stocks might be due for a rebound, but a set of conundrums make the sector's potential a tricky question",2
Energy tops sector leaderboard on trade optimism,2
Energy Up As Exxon Cuts CapEx Spending -- Energy Roundup #economy #MarketScreener,2
Energy Up On Hopes For Thursday OPEC + Deal -- Energy Roundup #economy #MarketScreener,2
"For All the Talk of Coal's Demise, It Still Powers the World",2
Investors hope Thursday's OPEC+ meeting will signal an end to the Saudi-Russian oil-price war,2
"Jan. natural gas traded at $2.289/mln Btus, up 4.7 cents, or 2.1%",2
"Jan. WTI oil up $1.25, or 2.1%, to $60.43/bbl",2
JUST RELEASED: Oil Price Dynamics Report Oil prices rose over the past week owing to decreased supply.…,2
Liquefied Natural Gas : Magnolia LNG EPC Contract Extended #LiquefiedNaturalGas #Stock #MarketScreener…,2
Natural Gas Price Forecast – Natural Gas Markets Finding Support Again,2
"Natural Gas: Production Hits All-Time High, But Prices Supported By Bullish Weather. Continue reading:…",2
Oil boosted by renewed hopes for global production cut,2
Oil gains on fresh hopes for U.S.-China trade talks,2
"Oil Hits 3-Month High, Catching up on U.S.-China News",2
Oil holds above $63 on U.S.-China trade talks optimism - SI,2
Oil Jumps After OPEC Agrees To 500Kbpd Production Cut,2
Oil Markets Poised To Rise With U.S.-China Trade Deal,2
"Oil nears three-month high as trade hopes, UK election boost sentiment",2
Oil prices steady after two-day drop as growth concerns weigh,2
Oil resumes gain as investors monitor back-and-forth trade talks,2
Oil rises 1% on Trump's optimism for a deal with China,2
Oil rises a second day in 'relief rally' over China coronavirus,2
Oil rises on likely OPEC+ output cuts amid coronavirus outbreak,2
"Oil Spikes After Russia Says Ready For ""Substantial Output Cut"", But Warns 10MMb/d Cut Not Enough",2
Oil trades at 3-month high,2
Oil's Biggest Bullish Boost Since 2016 Scores on Trade Armistice,2
OPEC Delivers Bigger Cut With ABS Surprising The Market. Get more info on Seeking Alpha:,2
Qatar plans to boost LNG production to 126 million T by 2027,2
Rising Crude Inventories Fail To Halt Oil Rally,2
Russia backs OPEC+ oil output cuts,2
Saudi Arabia surprised the oil market by pledging to implement significant additional production cuts beyond what w…,2
"Saudi, Russia win over oil producers to deeper cuts",2
Semis Vs. Energy - A New High. #stocks #finance #trading,2
Stock Market Update: WTI crude rises on trade deal,2
U.S. crude flows to Europe set to rise as virus hits Asia demand,2
U.S. weekly active oil-rig count edges up by 1 to 676: Baker Hughes,2
WTI crude oil up just 1.2% and still below 60.,2
WTI oil futures touch fresh intraday highs on Nymex,2
Natural gas inventory showed a draw of 115 bcf vs a 137 bcf draw last week,2
Natural gas inventory showed a draw of 201 bcf vs a 92 bcf draw last week,2
U.S. rig count falls for fifth straight week,2
A lot of flows over past week been positioning for Energy groups to rally Q1 2020,2
Brent +4%,2
"CapEcon: If Iran Closes The Strait Of Hormuz, Crude Would Jump To $150",2
China's Need To Import LNG Is Slowing Down. #stocks #stockmarket #trading,2
Crude heads for weekly advance as coronavirus worries recede,2
Crude rose for a second day after the U.S. signalled it was open to the possibility of an alliance with Saudi Arabia,2
Energy Up After OPEC+ Deal Confirmed -- Energy Roundup #economy #MarketScreener,2
Energy Up Ahead Of Exxon Earnings -- Energy Roundup #economy #MarketScreener,2
Energy Up as Commodities Recoup Some Losses -- Energy Roundup #economy #MarketScreener,2
Europe's LNG imports expected to soar to 100 mln tonnes in 2020 #economy #MarketScreener,2
Glencore almost doubles its LNG trade in 2019 on surge in Asian volumes,2
Investment in Canada's oil-sands is on track to grow for the first time since prices crashed in 2014,2
"Natural Gas with a bounce today seeing 28,000 March $14 calls active early today",2
Natural Gas Storage: Expecting A Relatively Bullish Draw. #markets #stocks #stockmarket,2
Natural Gas: Long Set Up Ahead But Timing Is Important. Read more: #stockmarket #stocks #markets,2
Oil and gold rise after a U.S. airstrike in Baghdad killed a top Iranian commander -Asian stocks including Hong Ko…,2
Oil lower but trims early loss as report on China trade talks sparks fresh hope,2
"Oil prices, which had skyrocketed nearly 4%, appear to have stabilized around 3% higher.",2
"Oil skyrockets, U.S. stock futures sink after Iranian general killed in Iraq airstrike",2
Oil stocks continue to show improvement.,2
The amount of oil needed to run the global economy will decline sharply in the first quarter of this year as the co…,2
The First Oil Company Bailout Of 2020 Is Happening In Canada: Select Shares Soar. #trading #investing #stockmarket,2
The high in WTI in September following the drone strikes on Saudi oil facilities was 63.40. Crude oil right now is at 63.38.,2
"Time for more OPEC cuts Crude +822K, Exp. -3MM Gasoline +5.405MM Distillate +4.118MM Cushing -3.393MM Production -100Kbpd",2
"Algeria to cut oil output by 12,000 bpd under new OPEC deal #economy #MarketScreener",2
ICYMI: Oil spiked after the U.S. airstrike killed a top Iranian commander in Baghdad. The strike escalates an alre…,2
"Natural Gas Demand Is Rising, But Production Has Reached A Major Long-Term Peak. Keep reading:…",2
"OPEC, Russia and other oil producing nations have agreed to deeper production cuts in an attempt to support crude p…",2
OPEC's New Year's Gift To Oil Bulls. Follow this and any other stock on Seeking Alpha! #business #finance #markets,2
"Qatar, the world's biggest supplier of liquefied natural gas, plans to boost output capacity by almost two thirds",2
Energy Settlement Prices,1
.A .B - Shell-led Lake Charles LNG gets five more years to reach in-service date,1
A Five-Decade Rivalry Is Playing Out at OPEC+,1
Baker Hughes Announces January 2020 Rig Counts,1
Canadian crude reportedly stable so far at start of CN Rail strike,1
China LNG Force Majeure Rejected as Virus Chaos Sparks Dispute,1
Coconut Oil Market Procurement Intelligence Report | Increase in Supplier OPEX to Impact Procurement Spend,1
Commodity Chaos Deepens as China Buyers Invoke Force Majeure,1
Crude Oil Price Update – Direction Controlled by $51.84 Pivot,1
Eni CEO Sees Oil Market Stabilizing on U.S.-China deal,1
Forget OPEC: China Now Moves The Oil Markets,1
Global oil majors seeking combined $27B in asset sales - report,1
Goldman Sachs Curbs New Lending on Coal and Arctic Oil,1
Here are the biggest risks to OPEC+ efforts to balance oil,1
IAEA International Atomic Energy Agency : Fostering the Safe and Secure Transport of Spent... #IAEA #economy…,1
Iran Demands $6 Billion Oil Payment From South Korea: Chosun,1
IRAQ DIDN'T AGREE TO MORE OIL CUTS DUE TO SAUDI PRESSURE: MIN,1
Iraq’s Largest Oil Fields Threatened By Anti-Government Protests,1
"Keystone leak affected 10x more land than thought, regulator says",1
New California fracking permits blocked pending scientific review,1
News Highlights : Top Energy News of the Day #WTI #Stock #MarketScreener,1
News Highlights : Top Energy News of the Day #WTI #Stock #MarketScreener,1
Oil Majors Go On $27 Billion Selling Spree,1
Oil Price Fundamental Weekly Forecast – We’ll Find Out This Week if Traders Liked the Trade Deal,1
Oil Stocks: What I Got Right (and Wrong) About the Oil Market in 2019,1
OPEC+ Deal Isn't Worth the Paper It's Written On,1
OPEC+ technical meeting drags on,1
OPEC's share of Indian oil imports in October hits lowest since 2011,1
"Saudi Arabia, Russia and other large oil producers are racing to negotiate a deal to stem the historic price crash…",1
Saudi energy minister defends US shale producers: 'They are creating jobs',1
The Best And Worst Oil Predictions Of 2019,1
The Expected and Thrilling Resolution of Oil’s Consolidation,1
The Five Biggest Enemies Of Oil & Gas,1
Trump Proposes Selling 15 Million Barrels From U.S. Oil Reserve,1
Trump proposes selling 15 million barrels of oil from the U.S. emergency stockpile as part of his fiscal 2021 budge…,1
Trump's budget proposes sale from emergency oil reserve,1
U.S. Revokes WTO Subsidy Preferences for Some Developing Nations,1
U.S. total weekly active drilling-rig count unchanged at 790: Baker Hughes,1
Will Crude Oil Ever Bottom?,1
"ZYEN Chairman, David Greenberg, discusses OPEC’s Power in the Oil Market; the Potential of Renewable Energy Project…",1
EIA petroleum data for the week ended December 6,1
EIA petroleum data for the week ended February 7,1
Energy Settlement Prices,1
Energy Settlement Prices,1
Energy Settlement Prices,1
Energy Settlement Prices,1
Energy Settlement Prices,1
Energy Settlement Prices,1
Energy Settlement Prices,1
Energy Settlement Prices,1
Energy Settlement Prices,1
"Summary of Weekly Petroleum Data for the week ending December 6, 2019",1
"Summary of Weekly Petroleum Data for week ending February 7, 2020",1
Work starts in Montana on Keystone XL pipeline,1
Sector Briefing: Energy,1
Sector Briefing: Energy,1
Sector Briefing: Energy,1
Sector Briefing: Energy,1
A controversial $1 billion shale gas pipeline won the backing of the nation's top energy regulator,1
Alberta agrees to sale of crude by rail contracts: premier #CanadianPacificRailway #Stock #MarketScreener…,1
Brazil's energy minister to attend G20 oil meeting after Saudi invite,1
Canada's oil-sands industry may have already built its last big mine,1
"Chevron/shale gas: Atlas, shrugged off",1
Crown Prince Mohammed bin Salman is reportedly unhappy with progress on the country's move away from oil,1
"Crude oil futures rise, but support seen weak #crudeoil #matprem #MarketScreener",1
"Despite OPEC+ deal collapse, Saudi oil exports yet to rise-sources",1
EEX European Energy Exchange : will introduce action limits on gas spot trading #EEX #economy #MarketScreener…,1
EIA Natural Gas Report is due in 5 minutes and the Petroleum Report is due 30 minutes after that.,1
EIA Petroleum Status Report due in 5 minutes.,1
EIA Petroleum Status Report is due in 5 minutes.,1
Everything That's Wrong About The IEA Oil Market Report. #stockmarket #stocks #trading,1
February 2020: Natural Gas Supply-Demand Balance Overview And Forecast. #investing #stockmarket #stocks,1
G-7 finance chiefs urge oil-producing nations to support international efforts to stabilize world markets rocked by…,1
"How coronavirus, climate change and OPEC will continue to move crude oil prices by…",1
Is oil in the middle of a perfect storm? @MaleehaMBCC looks at the Aramco IPO:,1
Kremlin says efforts to persuade Mexico to join oil cuts deal persist - TASS,1
Libyan economic experts will study the distribution of crucial oil revenue as efforts continue to solve the war-rav…,1
Market Snapshot: Canadian crude oil is mainly exported to two regions in the United States #Stock #MarketScreener…,1
Market Snapshot: Retail pump sales of gasoline and diesel make up most of the transportation sector's energy demand…,1
Materials And Energy Dashboard - Update. #finance #stocks #business,1
Mexican president's nationalist oil vision fuels standoff with Saudis,1
Mexico's giant oil find may not be a cure-all for ailing Pemex,1
"Most North Sea oil output 'in the money', but decom bill looms - Woodmac",1
Natural Gas Prices To Trade Sideways With Near-Term Weather Being Variable; Upside Potential Still On Table Longer…,1
News Highlights : Top Energy News of the Day #WTI #Stock #MarketScreener,1
News Highlights : Top Energy News of the Day #WTI #Stock #MarketScreener,1
News Highlights : Top Energy News of the Day #WTI #Stock #MarketScreener,1
News Highlights : Top Energy News of the Day #WTI #Stock #MarketScreener,1
News Highlights : Top Energy News of the Day #WTI #Stock #MarketScreener,1
News Highlights : Top Energy News of the Day #WTI #Stock #MarketScreener,1
News Highlights : Top Energy News of the Day #WTI #Stock #MarketScreener,1
News Highlights : Top Energy News of the Day #WTI #Stock #MarketScreener,1
News Highlights : Top Energy News of the Day #WTI #Stock #MarketScreener,1
News Highlights : Top Energy News of the Day #WTI #Stock #MarketScreener,1
News Highlights : Top Energy News of the Day #WTI #Stock #MarketScreener,1
"Nigeria's petroleum bill to be passed by mid-2020, says oil minister #economy #MarketScreener…",1
Norway considers attending OPEC+ meeting on April 9 - oil ministry #AkerBP #Stock #MarketScreener…,1
Occidental Petroleum opposes possible Texas oil curtailments: letter,1
Oil Price Might Go Negative - Bullish For WTI. #stockmarket #stocks #business,1
Oil producers still in talks over extending output cut -Algeria minister #economy #MarketScreener…,1
Oil Search : 2019 Full Year Results Presentation #OilSearch #Stock #MarketScreener,1
Oil workers from the United States are leaving Iraq after Iranian military leader Qasem Soleimani was killed in a U…,1
One man is the surprise holdout to a global oil production deal,1
OPEC Cannot And Will Not Cut Production In March. #investing #markets #stockmarket,1
OPEC+ Output Cuts May be Contingent on G-20 Cooperation - DJ @Street_Insider,1
OPEC+ will adjust its output target and redistribute production cuts between its members under pressure from Saudi…,1
OPEC+ won't meet until oil output numbers agreed - Iran oil minister #economy #MarketScreener…,1
Record oil production cut hangs in the balance as G20 meeting concludes with no specifics,1
Russia's key oil producers voiced support for extending OPEC+ output cuts into the second quarter,1
Saudi Arabia and others in OPEC are working to convince oil producers there will be little space left to store thei…,1
Saudi Arabia Does Not Have Much Incentive To End The Oil Price War. #trading #markets #finance,1
Saudi Arabia is ramping up crude oil production in a bid to win a price war. Insights via @CMEGroup,1
"Saudi crown prince, Russia's Putin discuss efforts to stabilize oil markets: SPA #economy #MarketScreener…",1
"Saudi, others resist Mexican plan to make small oil output cuts - sources #economy #MarketScreener…",1
Spot prices for crude oil are little changed in the week ending Nov. 15: Brent ticks up to $62.56 per barrel and WT…,1
Take Five: Crude awakening #Samp;P500 #economy #MarketScreener,1
The burning and releasing of vast amounts of natural gas into the atmosphere in America's top shale basin is much b…,1
The Oil Industry's Radioactive Secret,1
The U.S. steps up pressure on Saudi Arabia to seal a historic deal to cut global oil production,1
The world's largest oil producers are hammering out the terms of an unprecedented deal to mitigate the devastating…,1
Timing And Sizing The Oil Glut. #markets #stockmarket #economy,1
To Tackle Petroleum-Related Issues: Crisis Committee Established #Stock #MarketScreener,1
Trump agrees to help Mexico meet global oil cut target,1
"Trump said that OPEC had not pressed him to ask U.S. oil producers to reduce their output to support global prices,…",1
Turkey's recent maritime pact with Libya adds a snarl to eastern Mediterranean plans for gas exports,1
"With the shackles of OPEC's output limits thrown off and a price war under way, the group's biggest oil producers a…",1
"World Coal Association : CCS regains momentum, but more ambition is needed #WorldCoalAssociation #economy…",1
"Yemen Oil and Gas Market, Size, Share, Outlook and Growth Opportunities, 2016-2019 & 2020-2026 -…",1
"ZYEN Chairman, David Greenberg, discusses OPEC's Power in the Oil Market; the Potential of Renewable Energy Project…",1
#Oil #markets react in a hefty way to short-term news. The #coronavirus panic has made many already inexpensive…,1
Artelo Biosciences EPS misses by $0.13,0
Bellerophon Therapeutics EPS misses by $0.33,0
Celanese Q4 profits almost halved,0
"Compass Minerals EPS misses by $0.12, misses on revenue",0
"Darden Restaurants provides COVID-19 update, reports quarter-to-date Q4 comps of -39.1%",0
"Greenbrier beats by $0.20, misses on revs; suspending FY20 guidance",0
"GameStop EPS misses by $0.66, misses on revenue",0
"LRAD EPS misses by $0.01, misses on revenue",0
"Green Plains Partners EPS misses by $0.01, misses on revenue",0
Garrett Motion withdraws FY 20 guidance,0
"Ituran Location EPS misses by $0.08, misses on revenue",0
"Invacare misses by $0.15, misses on revs",0
Just Energy reports lower than expected Q3 Base EBITDA and free cash flow; revises 2020 guidance,0
Matthews International Corp: Weak Growth And High Debt To Weigh On Sentiment. #markets #finance #trading,0
"Nordic American Tankers EPS misses by $0.04, misses on revenue",0
NAPCO reports preliminary Q3 revenue slightly below estimates,0
Napco Security Systems sees Q3 revs below consensus,0
NXP's preliminary Q1 revenue misses estimates,0
"Park City Group EPS misses by $0.01, misses on revenue",0
Phathom Pharmaceuticals EPS of -$9.30,0
Pyxus International misses on revenue,0
Rent-A-Center provides update - March revenues were off by about 5% versus last year,0
"SeaChange EPS misses by $0.05, misses on revenue",0
"Sasol warns of 20% profit drop, secures new debt agreements",0
Alkaline Water misses on revenue,0
21Vianet Group misses on revenue,0
"AGCO EPS misses by $0.61, misses on revenue",0
"Aker Solutions swings to surprise Q4 net loss, expects drop in 2020 revenue",0
ArcelorMittal misses on revenue,0
"Ashland EPS misses by $0.19, misses on revenue",0
Avantor misses on revenue,0
"BCE EPS misses by $0.01, misses on revenue",0
"Beyond Air EPS misses by $0.09, misses on revenue",0
"BioHiTech Global EPS misses by $0.11, misses on revenue",0
BJ's Wholesale cuts same-store sales outlook to up 1.3%-1.5% from up 1.5%-2.5%,0
BJ's Wholesale narrows 2019 EPS outlook to $1.42-$1.50 from $1.44-$1.48,0
Brixmor 2020 FFO guidance comes in on the light side,0
"Canada Goose sees hit to 2020 profit, sales from coronavirus",0
"Caterpillar reported lower sales across all three primary segments in the last quarter, adding to the industrial gl...",0
Cboe's Q4 results slide on lower market volatility,0
"Civista Bancshares EPS misses by $0.01, misses on revenue",0
"CNH Industrial EPS misses by $0.01, misses on revenue",0
Costco quarterly revenue misses estimates on weak e-commerce growth,0
Dassault Systemes Profit Outlook Lags After Virus Warning,0
DLH Holdings reports weak margins for Q4,0
"Earnings Miss: Neurocrine Biosciences, Inc. Missed EPS By 52% And Analysts Are Revising Their Forecasts",0
"Earnings Miss: Village Farms International, Inc. Missed EPS And Analysts Are Revising Their Forecasts",0
Equinor misses on revenue,0
Equinor swings to surprise loss; impairments total $1.4B,0
"Estee Lauder Cuts Profit Outlook Again, Citing Coronavirus",0
Estee Lauder Q2 EPS $1.52 vs. $1.55 a year go,0
Exponent reports weak margins for Q4,0
FLEX LNG misses on revenue,0
"ForeScout Technologies EPS misses by $0.03, misses on revenue",0
"Frequency Therapeutics EPS misses by $0.05, misses on revenue",0
GameStop reports earnings: Net sales: $1.38 billion; decrease of 25.7% Diluted loss per share of $1.02,0
GameStop plunges more than 17% after missing on EPS and revenue expectations and reporting comp sales down 23.2% vs…,0
"Gorman-Rupp EPS misses by $0.06, misses on revenue",0
Grubhub’s Growth Decelerates for the Fifth Straight Quarter,0
Hanesbrands Q4 sales down 1% to $1.75 bln; FactSet consensus $1.75 bln,0
Henkel : Withdraws 2020 View; 1Q Sales Were Hit by Virus #Stock #MarketScreener,0
Home Depot 3Q sales miss expectations,0
Home Depot cuts sales goal as online push not delivering as expected,0
Home Depot’s Lower Sales Growth Forecast Highlights The Lack Of Growth In U.S. Corporate Earnings,0
ICE profit drops 27% on weak growth in transaction and clearing unit,0
"iMedia Brands EPS misses by $0.03, misses on revenue",0
"Kellogg Q4 North America sales fell 7%, Europe sales up 3% and Latin America sales down 2%",0
Kellogg Q4 reported sales $3.22 vs. $3.32 bln a year ago,0
Kohl’s Plunges Most in Almost Three Years on Profit Forecast,0
Kohl's now sees full-year adj. EPS $4.75 to $4.95 vs. prior $5.15 to $5.45,0
Kohl's Q3 adj. EPS 74 cents; FactSet consensus 86 cents,0
"Liquidity Services EPS misses by $0.03, misses on revenue",0
"Lovesac EPS misses by $0.04, misses on revenue",0
"LRAD EPS misses by $0.01, misses on revenue",0
Macy's lowers fiscal 2019 sales and earnings guidance,0
"Macy's lowers full-year sales guidance, now sees same-store sales down 1.5% to down 1%",0
Macy's now sees full-year sales down 2.5% to down 2.0% vs. prior about flat,0
Macy's Q3 EPS 1 cent vs. 20 cents,0
Macy's Q3 sales $5.173 bln vs. $5.404 bln; FactSet consensus $5.321 bln,0
Madison Square Garden Q2 revenue $628.8 mln vs. $632.2 mln,0
"MAXIMUS EPS misses by $0.01, misses on revenue",0
"Monte Paschi Misses Full-Year Income Target, May Cut Costs More",0
Nissan's China sales fell 12% in January as coronavirus epidemic weighs,0
Nokia's surprise profit rise fails to salvage 2019 dividend,0
Norsk Hydro reports lower Q4 earnings on weak aluminum prices,0
"Oaktree Specialty Lending NII misses by $0.02, misses on total investment income",0
"Oaktree Strategic Income NII misses by $0.02, misses on total investment income",0
"Orion Energy Systems EPS misses by $0.03, misses on revenue",0
"PagSeguro EPS misses by R$0.02, misses on revenue",0
"Park City Group EPS misses by $0.01, misses on revenue",0
"Paschi Misses Full-Year Income Target, May Cut Costs More",0
"Perceptron EPS misses by $0.02, misses on revenue",0
Phathom Pharmaceuticals EPS of -$9.30,0
"Philip Morris Q4 $1.04, down 15.4%",0
Pyxus International misses on revenue,0
"Q3 Results: India Inc.’s Revenue Contracts In The Worst Show In 16 Quarters, Says ICRA",0
"Royal Caribbean cuts earnings guidance, warns more cruises may be canceled amid coronavirus uncertainty",0
RYB Education EPS misses by $0.01,0
"Sally Beauty EPS misses by $0.09, misses on revenue",0
"Sun Pharma Q3 Results: Profit Falls 27% On Higher Costs, Lower Other Income",0
"Suzuki considers China supply options, third-quarter profit falls 11%",0
Tata Steel Q3 Results: Surprise Loss As Weak Demand Conditions Persist,0
"The Brink's EPS misses by $0.05, misses on revenue",0
"Ubiquiti EPS misses by $0.06, misses on revenue",0
Vans parent VF Corp. says China stores still open have seen 'significant' declines in retail traffic,0
"Yum Brands misses same-store sales, profit estimates as Pizza Hut battles rivals",0
Yum Brands Q4 Pizza Hut same-store sales down 2%; FactSet consensus down 0.9%,0
"Aethlon Medical EPS beats by $0.75, beats on revenue",2
"Albany EPS beats by $0.24, beats on revenue",2
Airbnb had $46M profit in 2018,2
Aston Martin revs higher again,2
"Amkor Technology EPS beats by $0.18, beats on revenue",2
"Aspen EPS beats by $0.04, beats on revenue",2
"Blackbaud EPS beats by $0.01, beats on revenue",2
BioPharmX EPS beats by $0.08,2
Brainsway beats on revenue,2
"Danaos EPS beats by $0.34, beats on revenue",2
"Euroseas EPS beats by $0.02, beats on revenue",2
"EXFO EPS in-line, beats on revenue",2
"Fluidigm EPS beats by $0.06, beats on revenue",2
Golub Capital beats by $0.01,2
"Green Plains EPS beats by $0.15, beats on revenue",2
Harsco Q1 adjusted EBITDA to be above expectations,2
Harsco sees Q1 adjusted EBITDA at high end of guidance range of $43-48 mln,2
"Investcorp Credit Management BDC NII beats by $0.01, beats on total investment income",2
"i3 Verticals EPS beats by $0.01, beats on revenue",2
"Jacobs beats by $0.17, beats on revs; initiates $250 mln accelerated share repurchase program, offers FY20...",2
"Kemper EPS beats by $0.04, beats on revenue",2
"Levi Strauss EPS beats by $0.05, beats on revenue",2
"Levi Strauss beats by $0.05, beats on revs",2
Limelight Networks issues in-line 2020 guidance,2
"Luminex EPS beats by $0.08, beats on revenue",2
"Lindsay Corp beats by $0.04, reports revs in-line",2
"Ollie's Bargain Outlet EPS beats by $0.03, beats on revenue",2
"OneMain Holdings EPS beats by $0.21, beats on revenue",2
"Dave & Buster's EPS beats by $0.03, beats on revenue",2
Perrigo reports preliminary 1Q20 revenue above consensus estimate; does not modify full-year guidance,2
"Prospect Capital NII in-line, beats on total investment income",2
"Everest Re Group EPS beats by $0.62, beats on revenue",2
"RingCentral EPS beats by $0.01, beats on revenue",2
"Rapid7 EPS beats by $0.04, beats on revenue",2
SMART Global guides in-line May quarter,2
"SMART Global beats by $0.02, beats on revs; guides Q3 EPS in-line, revs in-line",2
"ReneSola EPS beats by $0.01, beats on revenue",2
"Steris EPS beats by $0.03, beats on revenue",2
"Taubman Centers beats by $0.07, beats on revs -- co to be acquired by Simon Property (SPG) for $52.50/share i…",2
"Taubman Centers beats by $0.07, beats on revs -- co to be acquired by Simon Property (SPG) for $52.50/share i…",2
Taronis Q4 Fuels Generates Sales $11M,2
"Twilio beats by $0.03, beats on revs; guides Q1 EPS below consensus, revs above consensus; guides FY20 EPS...",2
Voya Financial EPS beats by $0.04,2
"Varonis EPS beats by $0.01, beats on revenue",2
"Watts Water Technologies EPS beats by $0.02, beats on revenue",2
Zynex reports 126% order growth and raises Q1 and FY2020 revenue outlook,2
"58.com EPS beats by $0.13, beats on revenue",2
"AbbVie EPS beats by $0.02, beats on revenue",2
AbbVie leans on new treatments to forecast upbeat 2020 profit,2
AbbVie Q4 EPS $1.88 vs. loss per share $1.23,2
"Aethlon Medical EPS beats by $0.75, beats on revenue",2
"Airbnb business outside U.S., China had $46 million profit in 2018",2
"Alcon EPS in-line, beats on revenue",2
Avantor Q4 non-GAAP EPS up 90%,2
Avid Tech +11.5% after upside EPS forecast,2
"Becton, Dickinson EPS beats by $0.01, beats on revenue",2
"Bilibili EPS beats by $0.01, beats on revenue",2
BJ's Wholesale Q3 EPS 40 cents vs. 39 cents a year ago,2
BJ's Wholesale Q3 same-store sales up 1.1%; FactSet consensus up 2.0%,2
BJ's Wholesale Q3 total revenue $3.32 bln vs. $3.22 bln a year ago; FactSet consensus $3.30 bln,2
"Brighthouse Financial EPS beats by $0.27, beats on revenue",2
"BrightSphere Investment EPS beats by $0.06, beats on revenue",2
"BrightView Holdings EPS beats by $0.08, beats on revenue",2
"Bristol-Myers Squibb EPS beats by $0.28, beats on revenue",2
Britannia Q3 Results: Profit Meets Estimates On Lower Tax Expense,2
Buckle posts strong comp for January,2
"Canada Goose Holdings EPS beats by C$0.01, beats on revenue",2
Cancom SE Just Recorded A 42% EPS Beat: Here's What Analysts Are Forecasting Next,2
Cannabis producer Curaleaf revenue tops analyst expectations,2
"Cboe Global Markets EPS beats by $0.08, beats on revenue",2
"CDW EPS beats by $0.09, beats on revenue",2
"Chegg EPS beats by $0.06, beats on revenue",2
"China Distance Education EPS beats by $0.22, beats on revenue",2
"CIGNA EPS beats by $0.11, beats on revenue",2
Coach Owner Tapestry Sales Top Estimates; Virus Impacts Forecast,2
CORRECT: Tapestry Q2 Coach sales up 2% to $1.27 bln; FactSet consensus $1.26 bln,2
CORRECT: Tapestry Q2 Kate Spade sales $430 mln vs. $428 mln; FactSet consensus $420.4 mln,2
CORRECT: Tapestry Q2 sales $1.82 bln vs. $1.80 bln a year ago; FactSet consensus $1.81 bln,2
Curaleaf Q3 top line up 27%; non-GAAP EBITDA up 169%,2
"Danaos EPS beats by $0.34, beats on revenue",2
Dave & Buster's reports earnings: Total revenues increased 6.1% to $299.4 million from $282.1 million Net EP…,2
"Defying Soft Automotive Market, Outsell Closes 2019 With 16 Percent Direct Revenue Increase",2
Delta Air sees 2020 revenue up 4% to 6%,2
Deluxe delivered record FY2019 revenue,2
Disney Q1 Revenue Up 36%,2
Drugmaker Sanofi expects further profit growth from narrowed focus,2
"Dunkin' Brands Group EPS beats by $0.03, revenue in-line",2
Dynex Capital beats on revenue,2
"Estee Lauder EPS beats by $0.21, beats on revenue",2
Estee Lauder Q2 sales $4.62 bln vs. $4.01 bln; FactSet consensus $4.35 bln,2
"Fiat Chrysler EPS beats by €0.02, beats on revenue",2
Fiat Chrysler's profit rises ahead of Peugeot merger,2
"Fluidigm EPS beats by $0.06, beats on revenue",2
Foresight Autonomous EPS beats by $0.11,2
General Motors' Q4 Profit Beat Estimates Despite Huge Strike Costs,2
Genpact beat estimates in Q4,2
Global Logistics Company Agility Reports Over $1.32 Billion Third Quarter Revenues,2
Hanesbrands EPS and revenue in-line,2
"Hanesbrands matches profit and sales expectations, sets new 40 million share buyback program",2
Hanesbrands Q4 EPS 51 cents vs. 41 cents a year ago; FactSet consensus 51 cents,2
Harvest Health & Recreation beats on revenue,2
"Honda raises profit forecast, sticks to Wuhan plant closure schedule",2
"Honda raises profit forecast, sticks to Wuhan plant schedule",2
"i3 Verticals EPS beats by $0.01, beats on revenue",2
"Intercontinental Exchange Q4 results in-line, data revenue +4%",2
IntercontinentalExchange EPS and revenue in-line,2
"Investcorp Credit Management BDC NII beats by $0.01, beats on total investment income",2
Investors are betting China's central bank will follow others in unleashing large-scale monetary stimulus,2
"JinkoSolar Holding EPS beats by $0.056, beats on revenue",2
"JinkoSolar shines with Q3 beat, strong shipments guidance",2
"Kellogg Q4 Asia Pacific, Middle East and Africa sales up 8%",2
Kellogg Q4 EPS 42 cents vs. per-share loss 24 cents a year ago,2
Kellogg Q4 organic sales $3.22 bln vs. $3.14 bln a year ago; FactSet consensus $3.18 bln,2
"Kemet EPS beats by $0.10, beats on revenue",2
"Kemper EPS beats by $0.04, beats on revenue",2
Kemper Reports Strong Fourth Quarter and Full Year 2019 Operating Results,2
Kohl's Q3 same-store sales up 0.4%; FactSet consensus up 0.9%,2
LAIX beats on revenue,2
"Macerich FFO in-line, beats on revenue",2
Macy's Q3 adj. EPS 7 cents; FactSet consensus breakeven,2
Madison Square Garden blows past Q4 earnings estimates,2
"Malibu Boats EPS beats by $0.25, beats on revenue",2
"MAXIMUS EPS in-line, beats on revenue",2
Medtronic beats profit estimates and raises its 2020 forecast again,2
"Medtronic EPS beats by $0.03, beats on revenue",2
"Mimecast EPS beats by $0.02, beats on revenue",2
"Neste tops Q4 profit, dividend forecasts",2
"New Residential Investment EPS beats by $0.09, beats on revenue",2
New York Times Q4 EPS 41 cents vs. 33 cents,2
New York Times Q4 revenue $508.4 mln vs. $502.7 mln; FactSet consensus $502 mln,2
New York Times sees Q1 subscription revenue up in mid-single digits,2
Nokia posts surprise quarterly profit rise on cost cuts,2
Norwegian Air's January passenger income jumps,2
NTPC Q3 Results: Profit Meets Estimates As Other Income Rises,2
NVIDIA Corporation Just Beat EPS By 16%: Here's What Analysts Think Will Happen Next,2
Organigram Posts Positive Adjusted EBITDA For 2019,2
"Philip Morris EPS beats by $0.01, beats on revenue",2
Philip Morris Forecasts Higher Profit as IQOS Sales Rise,2
Philip Morris Q4 sales $7.713 bln vs. $7.499 bln; FactSet consensus $7.661 bln,2
Plus500 revenue soars nearly 500% as volatility fuels boom in bets,2
Plus500 revenue soars nearly 500% as volatility fuels boom in bets,2
Popeyes Sandwich Demand Fuels Profit Beat at Burger King Owner,2
"Prestige Brands Holdings EPS beats by $0.06, beats on revenue",2
PriceSmart reports 0.3% gain in comparable sales,2
Proto Labs EPS and revenue in-line,2
Q4 sales of Alnylam's Onpattro up 361%,2
"Rapid7 EPS beats by $0.04, beats on revenue",2
"Restaurant brands beats, Popeyes sales surge",2
"Results: Jack Henry & Associates, Inc. Exceeded Expectations And The Consensus Has Updated Its Estimates",2
RingCentral (RNG) Q4 Earnings and Revenues Beat Estimates,2
"Samsung, the world's largest smartphone maker, predicts it eked out a rise in profit last quarter, as the coronavir…",2
Sanofi Sees Profit Rising in 2020,2
"Seattle Genetics Smashes Wall Street Estimates in Q4, but Its 2020 Guidance Disappoints",2
"Steris EPS beats by $0.03, beats on revenue",2
"Tapestry EPS beats by $0.11, beats on revenue",2
Tapestry Q2 EPS $1.08 vs. 88 cents a year ago,2
"Target EPS beats by $0.17, beats on revenue",2
Target Q3 revenue $18.67 bln vs. $17.82 bln a year ago; FactSet consensus $18.45 bln,2
"TJX EPS beats by $0.02, beats on revenue",2
TJX Q3 EPS 68 cents vs. 61 cents a year ago,2
TJX Q3 HomeGoods same-store sales up 1%; FactSet consensus up 1.7%,2
TJX Q3 Marmaxx same-store sales up 4%; FactSet consensus up 2.3%,2
TJX Q3 sales $10.45 bln vs. $9.83 bln a year ago; FactSet consensus $10.32 bln,2
TJX Q3 same-store sales up 4%; FactSet consensus up 2.3%,2
TJX Q3 TJX International same-store sales up 6%; FactSet consensus up 4.1%,2
TJX sees Q4 same-store sales up 2%-up 3%; FactSet consensus up 2.7%,2
"Total beats quarterly forecasts despite low oil price, lifts payout",2
"Total beats quarterly forecasts despite low oil price, raises payout",2
"Total beats quarterly forecasts, lifts dividends despite low oil price",2
Total Profit Beats Estimates on Rising Oil and Gas Output,2
Total Profit Beats Estimates on Rising Oil and Gas Output,2
Total tops Q4 earnings outlook as production climbs 8%,2
"Toyota lifts annual profit forecast, looking at alternate sources for China-made parts",2
"Toyota lifts profit outlook, mulls alternatives to China-made parts amid virus outbreak",2
"Triumph EPS beats by $0.03, beats on revenue",2
"Twitter Beats Revenue, User Growth Estimates in Fourth Quarter",2
"Twitter Beats Revenue, User Growth Estimates; Shares Rally",2
Twitter quarterly revenue tops $1B for first time,2
Twitter reports first quarter of $1 billion in revenue,2
"Twitter tops expectations with first $1 billion quarterly revenue, but outlook lags",2
Tyson Foods Q1 adj. EPS $1.66 vs. $1.58 a year ago; FactSet consensus $1.63,2
Tyson Foods Q1 EPS $1.52 vs. $1.50 a year ago,2
Tyson Foods Q1 international/other sales rose 220% to $498 mln,2
Tyson Foods Q1 pork sales rose 7.3% to $1.38 bln,2
Tyson Foods Q1 sales $10.82 bln vs. $10.19 bln a year ago; FactSet consensus $11.06 bln,2
"U.S. Xpress EPS beats by $0.04, beats on revenue",2
"Umicore reports 2019 profit beat on converters, recycling",2
UniCredit Profit Gains Momentum as Capital Buffers Improve,2
"Upland Software Acquires Localytics, Raises Guidance",2
Valens GroWorks Guides To Near-Doubling Of Quarterly Revenue,2
"Voya Q4 beats, sees 10% normalized EPS growth in 2020, 2021",2
"Willis Towers Watson EPS beats by $0.04, beats on revenue",2
Yum Brands Q4 adj. EPS $1.00 vs. 40 cents a year ago; FactSet consensus 99 cents,2
Yum Brands Q4 EPS $1.58 vs. $1.04 a year ago,2
Yum Brands Q4 KFC same-store sales up 3%; FactSet consensus up 2.7%,2
Yum Brands Q4 revenue $1.69 bln vs. $1.56 bln; FactSet consensus $1.81 bln,2
Yum Brands Q4 same-store sales up 2%; FactSet consensus up 2%,2
Yum Brands Q4 Taco Bell same-store sales up 4%; FactSet consensus up 3.2%,2
"Argan EPS misses by $0.38, beats on revenue",1
"Cambium Networks EPS beats by $0.04, misses on revenue",1
"DaVita HealthCare Partners EPS beats by $0.26, misses on revenue",1
"Elevate Credit EPS beats by $0.03, misses on revenue",1
"Callaway Golf EPS misses by $0.03, beats on revenue",1
"Federal Realty Q4 FFO misses, comparable POI rises 2.4%",1
"MercadoLibre EPS misses by $0.34, beats on revenue",1
Motorcar Parts of America reports Q3 EPS of $0.28 vs $0.43 S&P Capital IQ Consensus; revs +1.2% yr/yr to...,1
New York Mortgage estimates year-end BV at $5.77-$5.79 per share,1
"Rapid7 reports beats, mixed outlook",1
"Rayonier beats by $0.02, misses on revs",1
Sonoco issues FY2020 financial guidance,1
"XPO Logistics EPS beats by $0.11, misses on revenue",1
AbbVie Q1 FactSet EPS consensus $2.12; 2020 consensus $9.45,1
Abiomed Announces Q3 FY 2020 Revenue of $222 Million and 31.7% Operating Margin,1
"Abiomed EPS beats by $0.03, misses on revenue",1
"Aramark EPS misses by $0.01, beats on revenue",1
"Armada Hoffler Properties FFO beats by $0.01, misses on revenue",1
"Ball EPS beats by $0.04, misses on revenue",1
"BJ’s Wholesale Club EPS beats by $0.01, misses on revenue",1
"BJ's Wholesale beat profit expectations, but misses on sales and lowers guidance",1
Bristol-Myers Squibb 2020 FactSet EPS consensus $6.12; revenue $42.2 bln,1
Bristol-Myers Squibb now sees 2020 revenue $40.5 bln to $42.5 bln,1
"Bristol-Myers Squibb reports 33% jump in Q4 revenue, Opdivo sales fall 2%",1
"Cameco EPS beats by $0.13, misses on revenue",1
"Ciena EPS misses by $0.05, beats on revenue",1
Coach parent Tapestry reports earnings beat but coronavirus outbreak weighs on guidance,1
CORRECT: Tapestry Q2 adj. EPS $1.10; FactSet consensus 99 cents,1
"Eagle Point NII in-line, misses on total investment income",1
"Eicher Motors Q3 Results: Profit Falls, Realisation Improves",1
Endologix sees Q4 revenue of ~$35.8M,1
"Evoqua Water EPS misses by $0.12, beats on revenue",1
Fire & Flower Reports Q3 Net Income Of $10.2M,1
"First Savings Financial EPS misses by $0.02, beats on revenue",1
"Hain Celestial EPS beats by $0.01, misses on revenue",1
"Hecla Mining EPS misses by $0.03, beats on revenue",1
Hero MotoCorp Q3 Results: Profit Beats Estimates Despite Lower Sales,1
"Home Depot EPS in-line, misses on revenue",1
"Honda Motor EPS misses by ¥10.43, beats on revenue",1
Honeywell reaffirms guidance,1
"Kohl's EPS misses by $0.12, beats on revenue",1
"LiveXLive Media EPS beats by $0.01, misses on revenue",1
Macy's now sees full-year adj. EPS $2.57 to $2.77 vs. prior $2.85 to $3.05,1
"Madison Square Garden EPS beats by $1.47, misses on revenue",1
Madison Square Garden Q2 FactSet EPS consensus $2.63; revenue $583 mln,1
Magic Software Enterprises Ltd. Just Missed EPS By 9.1%: Here's What Analysts Think Will Happen Next,1
"Medical Properties FFO in-line, misses on revenue",1
"Meridian Bioscience EPS beats by $0.04, misses on revenue",1
"Mobile TeleSystems EPS misses by RUB7.49, beats on revenue",1
NeuroMetrix announces one-for-ten reverse split,1
"New Jersey Resources EPS in-line, misses on revenue",1
New York Mortgage estimates year-end BV at $5.77-$5.79 per share,1
New York Times Q4 adj. EPS 43 cents; FactSet consensus 29 cents,1
"Nvidia said it sees fourth-quarter revenue in the region of $2.95 billion, with a margin for error of 2%",1
"Patterson-UTI Energy EPS misses by $0.02, beats on revenue",1
"Penn National Gaming Reports Fourth Quarter Revenues of $1.34 Billion, Net Loss of $92.9 Million, Adjusted EBITDA of $304.0 Million, and Adjusted EBITDAR of $399.4 Million",1
Philip Morris now sees full-year add. EPS $5.50; FactSet consensus $5.60,1
Philip Morris Q4 adj. EPS $1.22; FactSet consensus $1.21,1
"Qudian EPS misses by $0.04, beats on revenue",1
"Rada Electronics EPS in-line, misses on revenue",1
"RedHill EPS beats by $0.21, misses on revenue",1
"Sanofi EPS beats by €0.06, misses on revenue",1
"ShiftPixy EPS misses by $0.15, beats on revenue",1
"Snap On EPS in-line, misses on revenue",1
SoftBank's Oyo reveals over $330 million annual loss; revenue surges: valuation report,1
"Total S.A. EPS beats by $0.16, misses on revenue",1
"TransDigm Group EPS beats by $0.34, misses on revenue",1
Trulieve Reports Record Q3 Revenue,1
"Twitter EPS misses by $0.02, beats on revenue",1
"Tyson Foods Q1 beef sales fell 8% to $3.84 bln, chicken sales rose 4.5% to $3.29 bln",1
Vans parent VF Corp. says Asia Pacific region accounted for 12% of total revenue in FY19,1
Vans parent VF Corp. says mainland China accounted for 6% of total revenue in FY19,1
Veidekke ASA Just Missed EPS By 9.3%: Here's What Analysts Think Will Happen Next,1
"World Wrestling Entertainment EPS beats by $0.07, misses on revenue",1
WWE® Reports 2019 Results and 2020 Business Outlook,1
"Yum Brands Q4 27% of KFC sales, 17% of Pizza Hut sales from China",1
"ZTO Express EPS beats by $0.02, misses on revenue",1
Australia’s dollar is set for a turbulent 2020,0
British pound slumps against dollar intraday Monday as U.K. Prime Minister Boris Johnson moved to ICU with coronavi…,0
Canadian dollar slips to 4-month low as virus worries offset housing gains #economy #MarketScreener…,0
Dollar Hits 1-Week Low as Trade Developments Awaited,0
EUR/USD Bearish Impulse And Flag Aims at 1.0940 Target,0
EUR/USD Daily Forecast – Euro Falls Into a Range Near Trendline Support,0
EUR/USD Daily Forecast – Euro Near 4-Month Low Ahead of NFP Report,0
EUR/USD Daily Forecast – Euro Rally Halted at Major Resistance,0
EUR/USD Weekly Price Forecast – Euro Slams Into Major Resistance,0
EUR/USD: COVID-19 Could Tip Currency Below Parity. #economy #trading #investing,0
Euro off 0.1% at $1.0965,0
"Euro Slumps to 4-Month Low Amid Weaker Data, Virus Fallout Fears",0
EURUSD remains below broken swing area - ForexLive,0
Franc’s Ascent Versus Struggling Euro Shows Few Signs of Fading,0
Funds Look to Take Down New Zealand Dollar After Runaway Gains,0
"FX strategists aren’t expecting a repeat of the loonie’s outperformance in 2020, casting doubt on its run as one of…",0
GBP/JPY Price Forecast – British Pound Fails To Break Out,0
GBP/USD Price Forecast – British Pound Fails To Break Major Barrier,0
ICE Dollar Index off less than 0.1% at 97.774 after data,0
NZD/USD Falls to 3-Month Low Ahead of RBNZ Rate Decision -- Market Talk #currency #MarketScreener…,0
Pound falls as Boris Johnson taken to intensive care for COVID-19 by @OscarWGrut,0
Pound Remains Lower as Poll Shows U.K. Debate Was Almost a Tie,0
Russian ruble falls as central bank cuts key rate by 25 basis points to 6%,0
The euro is approaching record-low levels vs. the Swiss franc,0
Turkish Lira Slides Past 6 Per Dollar to an Eight-Month Low,0
Turkish lira weakens past key 6-per-dollar level,0
U.S. dollar down 0.1% at 109.88 Japanese yen,0
U.S. Dollar Falls as Trade Deal Uncertainty Spreads,0
UPDATE 1-Brazil's real posts lowest ever close of 4.2061 per dollar,0
Hawkish FOMC sends dollar lower.,0
holding overnight..... its a matter of time here... Chart looks perfect.,2
A sterling surge after the UK election could be short-lived as Brexit gets even more complicated,2
"AUD/USD and NZD/USD Fundamental Daily Forecast – Aussie, Kiwi Rebound Amid Increasing Demand for Higher Yields",2
"AUD/USD, NZD/USD, USD/CNY – Greenback Showing Slight Gains",2
AUD/USD: There Could Be Some Upside Once Markets Calm Down. #business #economy #markets,2
Brazilian real spikes after BCB signals rate cut pause,2
Dollar rises as U.S.-China relations worsen over Hong Kong and tariffs,2
"Emerging-market currencies offer the best buying opportunity in more than two decades, according to Renaissance Cap…",2
EUR/USD Daily Forecast – Euro Bounces From Support Area,2
EUR/USD Price Forecast – Euro Grind Higher,2
Forex Reserves Soar $2.3 Billion To Touch All-Time High Of $453 Billion,2
GBP/USD Full Steam Ahead with 1.30 Resistance Nearby,2
GBP/USD Price Forecast – British Pound Rallies After Election Results,2
"GBP/USD, EUR/GBP, USD/CAD – Limited Gains for Euro, U.S. Dolllar",2
Sterling climbs as Tories extend polling lead,2
Sterling hits a seven-month high as election nears #economy #MarketScreener,2
Sterling rallies as Tories unite behind Brexit plan,2
Strong Breakout To New Trend High For EUR/JPY Points To Further Upside,2
"The British pound hit two-and-a-half year highs, on growing confidence that next week's UK election will give the C…",2
The pound is ending a tumultuous month on a high note just hours before Britain exits the European Union,2
"U.S. Dollar to Strengthen Further, Says Ark Capital's Abukarsh",2
U.S. dollar up 0.1% at 109.92 Japanese yen,2
XAU/USD Bullish ABC Pattern Aims at $1500 Resistance,2
AUD/USD Price Forecast – Australian Dollar Continues To Grind,1
"AUD/USD, NZD/USD, USD/CNY – Markets Quiet as Investors Look for Trade Talk Clues",1
"AUD/USD, NZD/USD, USD/CNY – Pacific Currencies Trading Sideways",1
"Brexit, the Pound and Its All Too Brief Visit to $1.35 Levels",1
Dollar little changed versus major rivals after economic data,1
"EUR/USD Mid-Session Technical Analysis for November 18, 2019",1
"EUR/USD, Tuesday forecast, November 19",1
Euro flat at $1.1003,1
"Euro up 0.1% at $1.1080; British pound at $1.2947, down 0.1% against dollar",1
HSBC Says British Pound May Soar. Or Crash,1
The Economic Calendar Puts the EUR and the Greenback in Focus,1
The pound is caught in a tug-of-war between a run of improving economic data and fears that Brexit will damage the…,1
"USD/JPY Forex Technical Analysis – Likely to Strengthen Over 108.866, Weaken Under 108.690",1
"""A Once In A Decade Divergence"" Warns This Global Macro Fund",0
"""Fade The Rip"": BofA Warns ""Bear Market Far From Over Unless We Escape A Recession""",0
".@GitaGopinath: #COVID19 has pushed the world into recession. For 2020, the economic impact of COVID-19 will be wor…",0
"“Innovation in the United States is highly concentrated, and vast swaths of our population are not fully participating""",0
A Booming Corner of Private Credit Has Some Investors on Edge,0
A shift in the labor force may have left the U.S. economy much more vulnerable than it was during the 1918 pandemic,0
"Airlines are facing their biggest ever peacetime crisis because of the coronavirus outbreak, and figures show that…",0
Allstate CEO: Driving is way down due to coronavirus and 'we don't know' if trend will last,0
"Americans are increasingly worried about losing their jobs and expect to curb their growth in spending, according t…",0
Americans aren't having as much sex or as many children as they used to. That could be a serious economic problem…,0
Americans hurt by the pandemic are skipping home-loan payments. The trusts that own the mortgages are feeling the p…,0
And now we sell,0
"As the coronavirus crisis persists, economic optimism among voters in critical 2020 swing states is deteriorating s…",0
Behind hedge fund Bridgewater’s massive bet on a stock-market decline,0
Billionaire Nelson Peltz's Trian Partners saw its portfolio of investments decline by more than 16% in March,0
Blackstone CEO Steve Schwarzman says the virus could wipe $5 trillion from GDP,0
Blackstone CEO Steve Schwarzman says the virus could wipe $5 trillion from GDP,0
"Broader issues remain, from the trade war with China to weakness in manufacturing. And there are fewer people left…",0
"Cannabis stocks are starting to go up in smoke, stifled by thwarted legalization and dried-up financing",0
Carmakers brace for crisis as virus wreaks havoc in China,0
Cash Woes at India Shadow Lenders Risk More Bad Debt at Banks,0
Cash-out refis are making a comeback -- and that's bad news. OPINION,0
China’s Banks Are Going to Suffer. But Not Equally,0
China's divorce rate spiked as couples emerged from quarantine - and it's a warning to the rest of the locked-down…,0
"Cooperstown, New York among the many tourism-dependent small towns bracing for a hard year",0
Coronavirus crisis spells trouble for many Egyptian breadwinners #economy #MarketScreener,0
Coronavirus muddies U.S. economic data as business closures push down response rates,0
Coronavirus Task Force Declares Public Health Emergency,0
Disruptions caused by #COVID19 are starting to ripple through #emergingmarkets. March data show sharp slowdowns in…,0
DIY stock indices pose challenge to investment heavyweights,0
Dizzying swings are torching Wall Street predictions,0
Ealing’s downturn hits high-priced houses,0
Economic indicator dulls allure of haven assets,0
"Energy has gone nowhere in the past decade, and it could get worse before it gets better",0
"Era of ‘stratospheric profits’ for banks is over, Bradesco CE0 says",0
Even those who go down to the sea in ships are being affected by #COVID19 as demand drops and distribution channels…,0
Everything Is Broken: The Most Profitable Trade Since 1993 Is Now Upside Down,0
Expect A Weaker Dollar In 2020. Read more and sign up for updates: #economy #stockmarket #trading,0
Facing Catastrophe: Loss Of Working Hours To Equal 195m Full-Time Jobs According To UN Agency,0
Fewer international students are coming to the United States. That's cost the US economy $11.8 billion and more tha…,0
FirstFarms A/S (CPH:FFARMS) Delivered A Weaker ROE Than Its Industry,0
"Forget 'Ides Of March', Washington 'Storms Of December' Loom Over ""The Holidays""",0
From @BreakingViews: Why Italy and France have bad economic headaches,0
Fun fact: there are about 35 million people still in credit-card debt from last year’s round of holiday shopping. H…,0
Goldman Sachs Says Wealthiest to Back off Stocks,0
GoPro's share price has had a ride as turbulent as some of the heart-stopping stunt videos the camera is responsibl…,0
Gundlach: Trouble Brewing In Debt Markets As The 'Real Turmoil' Is Only Beginning,0
Here's a warning about negative interest rates and how they can do a lot more damage,0
Highlight: “The number one challenge facing small and medium-sized enterprises there’s not enough labor — willing a…,0
Highlight: “There’s going to be a bloodbath in terms of synergy savings and retrenchment…” @InvescoUS's…,0
"Highlight: “We’ve see again and again that Tesla can’t live up to Elon Musk’s promises,"" @NewConstructs Investment…",0
"Highlight: 'January has been very warm ” it has had a negative impact on a lot of stocks,â€ @Jefferies Analyst TJ Th...",0
"Historically, a down January significantly increases the odds of a down year. These is the S&P's January and full y...",0
Holiday Season In Jeopardy As Consumers Reign In Spending Amid Economic Downturn,0
How did the vaping industry go from viral status to crisis control?,0
How South Korea’s low birth rate adds to the case for QE,0
In case you need another reason to delete your Facebook:,0
Influential U.S. doctors group calls for ban on vaping products,0
Inside the PBOC’s struggle to balance China’s growth and debt,0
"Investors should prepare for a coronavirus-induced 'vicious spiral' more than twice as bad as the financial crisis,…",0
"Investors should prepare for a coronavirus-induced 'vicious spiral' more than twice as bad as the financial crisis,…",0
Iranian Strike on U.S. Forces Roils Markets #index #MarketScreener,0
Jamie Dimon expects fallout from the coronavirus pandemic to include a major economic downturn and stress similar t…,0
JPMorgan Chase CEO Jamie Dimon said he sees a 'bad recession' in 2020. More here:,0
"JPMorgan Chase chief Jamie Dimon said he expects the coronavirus crisis to include a ""bad recession"" and elements o…",0
"Just when it seemed like things couldn't get worse for Tesla after the botched unveiling of its Cybertruck, the int…",0
Latin America's economy was already going backward when the coronavirus hit. Now it's at risk of losing a whole dec…,0
"Market bounce is an 'aftershock' with 'pretty horrific' earnings to come, Citi analyst says",0
Miners Are Facing Challenges Globally,0
"More stockmarket volatility, less buying the dip, and slower earnings per share growth ahead, Goldman Sachs says",0
"More than $56 billion of dividends have been scrapped by businesses based in Western Europe, the U.S. and Canada",0
"Once ambitious to expand into the US, some Chinese firms are now scaling back",0
Pandemic isn't a boon for meal delivery firms #economy #MarketScreener,0
Piper on SaaS Lessons from 2008-2009 suggests SaaS billings growth might not bottom for six months after an economic shock,0
Protests Against India’s Citizenship Law Turn Violent in Delhi,0
Protests over pensions show reform is needed,0
Qatar Insurance may have its ratings cut by one level at S&P Global Ratings,0
Quant pioneer Winton suffers in coronavirus-driven sell-off,0
"Ray Dalio says the global economy is heading for a ""great sag."" The billionaire investor says the world is dealing…",0
Rush to Green Sparks Concern of Bubble in ESG Assets,0
S&P may cut Qatar Insurance ratings over a $310 million loan,0
Some Bad News From JPM: This Is What Happens After We Pass The Virus Peak,0
"Some jobless Americans will start seeing heftier unemployment checks as soon as this week, depending on where they…",0
"Study Finds Most Packaged Foods Contain Dangerously High Levels Of Salt, Fat",0
Sympathy strikes ground flights and bring havoc to commuters in Finland,0
"The airline industry is nearing the end of a miserable year, with profit missing forecasts by almost $10 billion",0
"The China-driven growth in beef consumption may soon be over, @davidfickling shows (via @bopinion)",0
The consensus of professional forecasters is that U.S. real GDP growth will dip below 2% in 2020…,0
"The coronavirus crisis will leave 3 long-term scars, even if the economy recovers in the fourth quarter, Pimco warns",0
"The coronavirus will create an ""unprecedented decline in economic activity"" in emerging markets, says Alessandro Re…",0
The economic costs of the coronavirus contagion have started to show up in the data for the Middle East…,0
"The equity rally that’s built on hopes for a growth rebound won’t last as the U.S. economy is heading for a “mild recession""…",0
The global travel slump could cost 25 million jobs worldwide according to air-travel trade association @IATA. More…,0
"The job loss reflected in Friday's report is a shock that is unprecedented, as is the uncertainty surrounding it-wh…",0
The largest hedge fund in the world has reportedly staked more than $1 billion that global equity markets will fall…,0
The new governor of Buenos Aires province warned he doesn’t have enough money to meet debt obligations and pay sala…,0
"The next downturn will be a ""smorgasbord recession,"" Paul Krugman said.",0
"The rally is running out of steam, and for good reason",0
The Retail Apocalypse Is Accelerating. #business #trading #stocks,0
"The solar panel market could drop by 34% this year, analysts said, as residential installations plummet. Read more…",0
"The strike by about 3,200 Canadian conductors and railyard operators enters its 7th day",0
The underlying trend remains to the downside #Stock #MarketScreener,0
"The Unhappy “New Lows” Of 4 Brand Names: Sprint, Tupperware, Overstock And Dropbox",0
This economic trend could revive recession fears,0
"Trade Reigns Supreme: Despite Strong Target, Lowe’s Results, Market On Defensive",0
"Traders are worried after seeing Canada's ""terrible"" jobs numbers",0
"U.S. consumers fear for jobs, debt payments because of coronavirus: New York Fed survey",0
What Happens When The Economic Momentum Ends?,0
"When ‘idjits’ mock Warren Buffett, the stock market could be in trouble",0
"When Chinese Consumers Stay Home, the World’s Retailers Take Hit",0
Why pensions across the world are in crisis,0
Why the chances for a 'V'-shaped economic recovery are getting less likely by the day,0
"With milk prices plunging to lows, dairy farmers are dumping the product to curb an oversupply during the…",0
"""The worst is behind us for this cyclical bear market that began two years ago, not last month,"" said a Morgan Stan…",2
"""Things are normalizing"": ETF market action is ""encouraging"" despite economic worries, investor says. (via…",2
⚡️ Wind speeds are up globally. That's good news for renewable energy.,2
"A 16,700% return in 50 years makes Hong Kong's benchmark stock index the world's best",2
A Little Less Trade Uncertainty as 2019 Winds Down: Economy Week,2
A signal that investors may be ready to take on more risk,2
AutoZone has benefited from a variety of factors such as a healthy U.S. consumer and more older vehicles on the road,2
Blockbusters like ‘Frozen 2’ will make Disney the first studio to earn $10 billion at the global box office in a si…,2
Buy-the-Dip Becomes Buy Into Strength As Reports Of Virus Treatment Provide New Boost,2
Canada’s ‘Big Six’ banks are staging a comeback,2
"Coronavirus update: New York possibly near apex, markets open the week higher by @AnjKhem",2
"Demand for U.K. Office Space as Strong as Ever, Says JLL U.K. CEO",2
Economic volatility is at a record low: Morning Brief,2
"Fifteen days ago, the S&P 500 was mired in a bear market. On Tuesday, at least technically, it rocketed into a new…",2
"Financial markets latched on to figures suggesting that New York's coronavirus cases may have plateaued. As it is,…",2
"For decades, the U.S. was the unquestioned leader in space travel. Now, the private space industry is taking off ar…",2
"From record Cyber Monday sales to a blowout jobs report, these are this week's top stories:",2
Get Excited About U.S. Economy And Stocks – Senate To Regain Tariff Powers,2
Good News for Everyone - Private Equity is Set to Grow at the Stock Market's Expense,2
Growing investor interest in space,2
Here's why Americans will probably spend more than $2 billion on Christmas trees this year:,2
"Highlight: ""We have high confidence that we've seen what we call the internal low for the market,"" @suntrust Chief…",2
"Highlight: ""We have high confidence that we've seen what we call the internal low for the market,"" @suntrust Chief…",2
"Highlight: ""We've seen video conferencing... [spike] from a couple of hundred thousand monthly active users to over…",2
"Highlight: “About 21 million investors in the U.S. would have an interest in investing in bitcoin,”…",2
"Highlight: “There's very little not to like about this report,"" @WellsFargo Acting Chief Economist Jay Bryson says…",2
"Highlight: “They had record-breaking advance sales,"" Box Office Guru Founder @GiteshPandya says about Frozen 2. ""Th…",2
"History shows that the Dow, S&P 500, and the Nasdaq could be in for another huge run in 2020.…",2
"India Online Test Preparation Markets, 2020-2024: Anticipated to Witness a Massive Growth of 39% CAGR -…",2
Investors are right to be pleased with November’s strong jobs report. But there are also some things to puzzle over.,2
Investors are shrugging off weak data and trade snags that would have roiled markets just months ago,2
Investors cheered the blockbuster November jobs report,2
"James Dinsmore attributes Bancroft Fund's unusually strong 2019 to falling rates, judicious use of leverage and a m…",2
"Jim Cramer predicts 'U' shape recovery, says economy 'will bounce back gradually'",2
Jobless Americans to see extra payments as soon as this week #economy #MarketScreener,2
Last month Bill Ackman said 'hell was coming.' Now he's 'optimistic.',2
"Life Is Good, Say 90% of Americans",2
"LISTEN NOW: A blockbuster November jobs report was released this morning, with job numbers beating estimates and un…",2
"LISTEN NOW: Wall Street sees some positive coronavirus news, with signs the curve may be bending in parts of the wo…",2
Long-Term: Lean Hog Prices Set To Rebound. #markets #finance #investing,2
Market's Reaction To Trade News Is Encouraging. Read more: #investing #business #finance,2
"New for subscribers: Strategist Jeff Saut says the stock market bottom in, predicts new S&P 500 record before year…",2
Nokia is Preparing to Come Roaring Back in the New Decade,2
"October Architectural Billings Index: Finally, Signs Of Strength. Read more and get updates on any stock!…",2
OPINION: Why did markets shrug off Boris Johnson's hospitalization? Because of robust confidence in U.K.'s parliame…,2
Precious Metals' Golden Year To Continue. Continue reading: #finance #trading #business,2
Rains bring drought relief and hope to Australian farmers,2
Since we rallied today due to the virus slowing down in KEY STATES (NY) will the Cuomo pressers be market-moving events?,2
"Stocks could rocket higher from here, history shows: Morning Brief by @SamRo",2
Tech Breakthrough Could Spark A Geothermal Energy Boom,2
"Teens could be a saving grace for malls, new research says",2
"The ‘great rotation’ will arrive in 2020 and bring another strong year for stocks, JP Morgan says",2
The Big Picture: No fundamental reason for 2019 holiday sales to disappoint -,2
The Bull Market Almost No One Saw Coming,2
The bullish case for stocks with major averages already up more than 20% from the lows,2
"The global economy and earnings will stabilize in 2020, allowing riskier assets to flourish even with central banks…",2
The mood is upbeat on markets ahead of Thanksgiving #Stock #MarketScreener,2
"The number of 401(k) millionaires hits a record high — here's how you can get there, too.",2
"These stocks could get a boost from the millions working from home, traders say. (via @TradingNation)…",2
"'Things are normalizing': ETF market action is 'encouraging' despite economic worries, investor says (via…",2
"This winning stock-market bet was soured by the coronavirus crisis, and now it's setting up for a rebound",2
Trade deal removes major hurdle for rally in Apple and tech,2
U.S. Marriages Rising as Same-Sex Couples Now Counted in Report,2
"Video game revenue is projected to reach $174,000,000,000 this year, according to IDC. But there’s an issue many de…",2
Wall Street Weekahead: Conditions may be set for Santa Claus rally,2
WATCH: Why is 2019 on pace to be the largest year ever for healthcare technology? @GoldmanSachs Investment Banking…,2
What Bad News? Investors Keep Stocks Rising--Update #economy #MarketScreener,2
While market strain triggered by the coronavirus pandemic has eased since the Federal Reserve's historic interventi…,2
While market strain triggered by the coronavirus pandemic has eased since the Federal Reserve's historic interventi…,2
�� Here's why one great whale offers more in the fight against climate than a forest of trees,1
�� Here's why Trump Tower is now one of the least-desirable luxury buildings in NYC,1
- Time: 15:00 #Stock #MarketScreener,1
"""1/3 of all women in the world have experienced some kind of violence."" Here's how @UN_Women is working to end tha…",1
"""Be nice to people"" is the mantra that has guided @justbobbibrown through: • Disruption of the beauty industry •…",1
"""Be nice to people"" is the mantra that has help guide @justbobbibrown through: • Disruption of the beauty industr…",1
"""Bloomberg Daybreak: Middle East"" Full Show (12/15/2019)",1
"""Frozen II"" is expected to heat up a cold box office, with $130 million in sales expected over its opening weekend",1
"""How To Use Stochastics to Spot Market Reversals"" Educational video!! Enjoy!",1
"""I almost burst into tears, but I held on. I'm so proud."" The Pacific people of Bougainville are deciding if they…",1
"""I say, let's go carbon-neutral by 2050 and Corbyn-neutral by Christmas."" Boris Johnson touted clean energy propos…",1
"""I wasn't there to photograph a woman being beaten."" In 1982, documentary photographer Donna Ferrato took the phot…",1
"""If It Walks Like A Duck And Talks Like A Duck, Then It Probably Is QE""",1
"""In 10 years from now, investors will be looking at & evaluating #ESG scoring as a part of the overall performance…",1
"""it is the fear of infection, not the ultimate death rate, which is the most likely cause of economic damage"" - MK",1
"""Let’s do push-ups, man.""",1
"""Most consumers want vehicles that can match gas-powered vehicles in range, utility, cost and ownership ease,"" writ…",1
"""No water. No water. How could you have no water?"" 84-year-old Max Atkins tells how he fought to save his home in...",1
"""Nobody's Traveling For Next Two Months"" -œ Airlines Dumping Chemicals In Fuel Tanks To Prevent Algae",1
"""Start by doing what’s necessary; then do what’s possible; and suddenly you are doing the impossible,” said Christi…",1
"""The big threat is not so much the number of outstanding cash-out refis as it is the total dollar amount — $3.1 tri…",1
"""The fact that the public market rejected the private market valuation on WeWork, I think was a very healthy develo…",1
"""The separation will better empower each company to fully embark upon its unique path for growth.""",1
"""They All Knew!"" - Chinese Furious At Virus-Fighting Officials Who Lied About Human Transmission",1
"""They Have Stolen From All Saxons!"" - Thieves Steal 100s Of Priceless Jewels From Dresden Museum",1
"""This game came out of nowhere... Effectively they just surprise launched on everyone, and the entire gaming world…",1
"""This is a gorgeous vehicle. It kinda looks like a hallucination""",1
"""This truck Doesn’t look like a truck I don’t think it’s a truck for me."" One country music star came up with thos…",1
"""We are only scraping the surface."" The British inventor who built his own 'Iron Man'-style suit has doubled the s…",1
"""We are only scraping the surface."" The British inventor who built his own 'Iron Man'-style suit has doubled the s…",1
"""We know what we have to do — reduce emissions, offset what cannot be reduced and adapt to new climate realities. N…",1
"""Why not take the opportunity to turn Thanksgiving dinner into a discussion of something many Trump supporters agre…",1
#FlashbackFriday: We take a look back at our #Seattle branch employee sorting through currency in this #throwback f…,1
#FridayReads: Thinking about joining the remote workforce? Our own project consultant Courtney Obi shares her five…,1
"#FridayReads: What determines #interestrate fluctuations? Our latest #EconomicLetter ""Riders on the Storm"" analyzes…",1
"#HOLIDAY #SPECIALOFFER: Take 33% OFF streaming #market intelligence, #earnings #news coverage, sophisticated…",1
#HunterBiden is just killing my life .... it's so hard to be White now in America ..... it's like being William hun…,1
"#NYGiants @Giants I'm sure the Giants defense will make Trubisky look like Tom Brady today, It's sad to watch",1
#SnackFact of the day: @RobinhoodSnacks won Best Business Podcast 2019 from @Discover_Pods Awards. This has got to…,1
#SouthAfrica suffers among the highest levels of inequality in the world. #Inequality manifests itself through a sk...,1
#SpecialOffer 33% OFF live streaming #market #analysis of #earnings #economic #news #stocks…,1
"#SpecialOffer: Just in time for the holidays! Take 33% OFF live, streaming #market #analysis & #investing #ideas…",1
"#Water is life. Too little, and we cannot survive. Too much could be deadly. #Climatechange is increasing droughts…",1
"$500-$30,465 in 9 weeks time. Goal is 40k by end of month. Just need to play smart, buy time and take those profits…",1
going to close red on the month?,1
On The Wires,1
(Free to read) Over 60% of Americans say that stock market performance has little or no impact on their personal fi…,1
"*Friends theme song voice*: So someone told Jennifer Aniston that she'd never ""make a dime."" (via @CNBCMakeIt)",1
.@aztecs99 has your shortlist...of shorts,1
".@bcope51 wishes he'd learned more about budgeting and basic personal finance skills in college, so he started teac…",1
".@CNBCselect usually doesn't recommend signing up for a store credit card, but here's one big exception.…",1
".@Coldplay says they won't be touring their new album #EverydayLife, which drops tomorrow. Is climate change to bl…",1
".@Coldplay says they won't be touring their new album #EverydayLife, which drops tomorrow. Is climate change to bl…",1
.@JimCramer says @realDonaldTrump just found a real reason to want to win rather than just end the trade war with C…,1
".@JimCramer's latest thought on U.S.-China trade negotiations? ""I think it's time to walk away."" Read his full reas…",1
".@JimCramer's solution for a lack of market participation? ""Raise the roof on IRA:""",1
".@MakerDAO is the darling of the decentralized finance movement. Unlike its competitors, it's backed not by other g…",1
".@realDonaldTrump on jobs number? ""Phenomenal""",1
.@RevShark breaks down 3 things to be thankful for heading into the holiday week,1
.@RevShark breaks down 7 things to be thankful for:,1
.@Roku is here to tell you that you can still watch the Super Bowl,1
.@SecAzar and I will soon release a plan to let Florida and other States import prescription drugs that are MUCH CH…,1
".@SussexUni scientists developed a 3D image that moves, recreates sounds, and even mimics the sensation of touch",1
.@Sweetgreen is taking a different approach to winning the delivery space. Here's what co-founder and CEO Jonathan…,1
:),1
"@HeyTammyBruce “This seems personal. That it is deeply unfair, that has not changed. This has become a matter of th…",1
@MikeCaymanTrades sometimes,1
@RobInTheBlack Great to read your son is better.,1
"@SpeakerPelosi ""degenerate gambler""",1
@TicToc,1
@tictoc @telefenoticias @teleSUR_Chile @PaoladrateleSUR @monlaferte @inddhh,1
@tictoc @telefenoticias @teleSUR_Chile @PaoladrateleSUR @monlaferte @telefenoticias @inddhh @mbachelet,1
@TicToc Taxpayer Treatment UNFAIR TAX MONEY COLLECTED by IRS Recognized as LOAN to the IRS ALL MONEY be returned to…,1
@TicToc TRUMP WARNING by Trump appointment of military departments Leaders NOW TRUMP can CONTROL them and tell them…,1
{Free} Dragonfly Capital Bull Scan for 11-25-19,1
"{Free} Macro Week in Review/Preview November 22, 2019, on the blog and here …",1
"{Free} Top Trade Ideas for the Week of November 25, 2019: The Rest Premium, on the blog and here…",1
‘Frozen 2’ Breaks Box Office Records With $350 Million Worldwide Debut,1
‘Great Recession’ a decade ago is one reason your Christmas tree will cost more this year.,1
‘Joker’ officially becomes first billion-dollar R-rated movie,1
"‘Panic Shopping’ In Hong Kong, While Mainland China Depends On E-Commerce",1
‘Perfect Result’ for Unsung Stocks: Strategists on U.K. Vote,1
"‘Phase 1’ Trade Deal Is Progress, Says Hills & Co.’s CEO",1
"‘Priceless’ Jewelry, Artifacts Stolen From German Museum",1
‘Significant relationships will be noted in our corporate love register’,1
"“All Lam does is promise to listen, then ignores critical voices. These last six months have made it clear we need…",1
“All of us who came here under a legal obligation also felt we had a moral obligation to do so”,1
"“Call the Cybertruck a Hummer for the green millennial generation, really the ultimate virtue and vice signaling ma…",1
"“No one really has the full amount of money needed to buy the Treasurys they want to hold, or all of the mortgage-b…",1
"“Robinhood disrupted this industry in a way that no one thought could happen,” @MadMoneyOnCNBC's @JimCramer says fo…",1
"“There is a perception among investors that these protests will fizzle out,” one executive says.",1
"“We have seen a horrifying global surge in domestic violence."" UN Secretary-General @antonioguterres is urging gov…",1
"“You can’t contradict that these numbers are the best numbers of our lives,” @MadMoneyOnCNBC’s @JimCramer said in r…",1
☀️ Cranberry farmers turn to solar power for extra income,1
❄@GitHub is storing open source code in an Arctic vault to protect it from the apocalypse,1
"⚡️ @sussexuni scientists have developed holograms out of soundwaves that can be seen, heard and felt",1
"⚡️ Iman, the last Sumatran rhinoceros in Malaysia, has died at 25 after succumbing to cancer",1
⚡️ Today is the International Day for the Elimination of Violence against Women. Here are some of the demonstration…,1
1 Great Reason to Claim Social Security Benefits as Early as You Can,1
10 Easiest Instruments For Adults To Learn On Their Own,1
10 Most Profitable Franchises In The World,1
100% Correct!,1
16-year-old Carlos Gregorio Hernandez Vasquez died in U.S. Border Patrol care in May this year. Officials say he w…,1
"1-Day Conference: Semiconductor Market Forecast 2020 (London, United Kingdom - January 15, 2020) -…",1
2 Additions To My Retirement Portfolio. Subscribe to Seeking Alpha for more: #investing #stockmarket #trading,1
201 books to add to your reading list.,1
2020 could be the year everything changes for people with student debt,1
2020 Q1 Portfolio Review. #trading #stocks #economy,1
2020: the year investors fall in love with stocks again?,1
2020's Biggest Risks,1
23 Million Reasons to Doubt This Bank Cleanup,1
25 Worst Holiday Storms of All Time,1
"3 Great Mutual Fund Picks for Your Retirement - February 06, 2020",1
"3 Great Mutual Fund Picks for Your Retirement - February 07, 2020",1
3 key pillars to ensure school infrastructure planning factors in disaster preparedness and resilience: 🏫Resilien…,1
"3 Magnificent Mutual Funds to Maximize Your Retirement Portfolio - February 07, 2020",1
"3 Mutual Fund Misfires to Avoid - February 06, 2020",1
"3 Mutual Fund Misfires to Avoid - February 07, 2020",1
3 Mutual Funds to Make the Most of This Holiday Season,1
3 Reasons the Roth IRA Is the Best Retirement Savings Tool Out There,1
3 Social Security Strategies When You're Low on Savings,1
3 Steps Every Senior Must Take to Safeguard Themselves Against Financial Abuse,1
3 ways that Washington is set to take on the 'scourge' of robocalls,1
3 Ways to Calculate How Much to Save for Retirement,1
30 American Beaches That May Soon Disappear,1
"30% of Americans Are Willing to Consider a Meat-Free Thanksgiving, According to New Research From Meatless Farm",1
33 genius travel hacks to upgrade your holiday trips,1
"35 credit cards are a lot for one person to manage. Here's how one couple handles it, and uses their rewards to tra…",1
"36% of millennials polled say that they approve of communism, which is up significantly from 28% in 2018.",1
"3D Printer Black Friday 2019 Deals: List of Comgrow, ELEGOO & FlashForge 3D Printer Deals by Deal Stripe",1
4 factors that'll drive economic acceleration in 2020: Goldman Sachs,1
4 Money Moves That'll Make You Richer in 2020,1
4 Observations From The First Ever 'Cannabis Investor Day',1
4 of the Most Exclusive Credit Cards in the World -- and Their Rumored Benefits,1
4 Things the Richest Retirees Have in Common,1
4 ways to help blended families navigate finances #investinyou (In partnership with @acorns.),1
4 ways Washington is set to change how you save for retirement,1
"401(k) Contribution Limits Increase in 2020, but That Won't Matter to the Average American",1
42 arrested after protest delays Harvard-Yale football game,1
"44,000 hotels with 1.2 million rooms on four continents. Meet 26-year-old Ritesh Agarwal, a college dropout who fou…",1
45% of Airline Loyalty Program Members Don't Know How to Use Their Rewards,1
"4-Day Programme: The Mini MBA for In-house Lawyers (London, United Kingdom - June 23-26, 2020) -…",1
5 Bad Decisions That Could Cost You Money at Tax Time,1
5 Life Milestones Millennials Are Delaying Because of Student Debt,1
5 minutes with... Ernest Hemingway’s pocket watch,1
5 things to know before the stock market opens Monday,1
500 Million Pieces of Trash Cover This State’s Roads,1
5G : wins CRN award and new Indirect Sales Channel #5G #Stock #MarketScreener,1
"5G coverage will span two thirds of the global population in 6 years, Ericsson predicts",1
5G Trials To Start In January-March Quarter This Fiscal: Telecom Official,1
6 Reasons Why The 'Most-Hated Politician' In Latin America Became President Of Brazil,1
6 Ways to Boost Your Savings in 2020,1
7 of the Best Brokerages for Handling Cash Reserves,1
7 Reasons Your Credit Card May Be Declined -- and How to Resolve Them,1
73% of Americans Are Making This Big Tax Mistake,1
8 Sources of Income Social Security's Payroll Tax Can't Touch,1
80% of Pre-Retirees Think They'll Work in Retirement -- Here's How Many Actually Do,1
9 secrets I never knew about airports until I worked at LAX,1
A 2020 gift guide for the tech-savvy traveler,1
"A 6,000-square-foot, 10-bedroom Victorian mansion could've been yours for only $50,000, but there was one catch: Yo…",1
A Beginner's Guide to Weathering the Next Recession,1
A Big Step Forward For the Treatment of ALS,1
A Book That Helped Nestle’s Suresh Narayanan Tide Over The Maggi Crisis,1
A California city designed as an anti-wildfire fortress is at risk of burning to the ground,1
"A Californian church depicted Jesus, Mary and Joseph in cages at the U.S.-Mexico border for their nativity display.…",1
"A disclaimer from the fast food company says the burger is ""not vegetarian due to our cooking method,"" with the pat…",1
A Dividend Growth Strategy Based On Gold. Get more info on Seeking Alpha: #finance #economy #business,1
A few things to watch heading into the holiday week:,1
A former car salesman advises that you never say this 1 thing when negotiating a deal. (via @CNBCMakeIt),1
'A free pass to paedophiles': Australian lawmaker slams Westpac,1
A garlic and citrus feed supplement that lowers the greenhouse gases burped out by cows is giving farmers the chanc…,1
A Global Guide To (US-Backed) Uprisings,1
A global guide to stimulus in 2020,1
A Healthier Alternative to Luxurious Chocolate This Valentine’s Day,1
A Healthy Consumer A Positive For The Economy. Get more updates here: #stockmarket #investing #markets,1
A kiss on the hand May be quite continental But M&A is a girl's best friend.... Here's what you need to know about…,1
"A modern president? - cape-coral-daily-breeze.com | News, sports, community info. - Cape Coral Daily Breeze",1
A Montreal satellite company makes a major breakthrough in monitoring pollution from oil and gas fields,1
"A New NSTA Book Shows How Amazing Things Can Happen With a Blend of Biology, Engineering, and Serendipity…",1
A New Problem for Clean Energy: Dealing With Old Windmill Blades,1
A new study finds great whales are carbon-capturing titans,1
A New Zealand man has been found guilty of murdering 22-year-old British backpacker Grace Millane. Millane was kil…,1
"A Nike executive is worried the Michael Avenatti trial may turn into a ""circus""",1
A Painting Stirs Controversy in Mexico,1
A psychologist shares the 5 phrases parents should never say to their kids. (via @CNBCMakeIt),1
A psychologist shares the 7 biggest parenting mistakes that destroy kids' confidence and self-esteem. (via…,1
A Quarter of Americans Are Making a Big Mistake This Holiday Season,1
"A rare Patek Phillipe watch sold for over $7 million at a @Christiesinc auction. Believe it or not, that's actuall…",1
"A record 31.6 million passengers will travel on US airlines during the Thanksgiving holiday period, according to a…",1
A Report Card For 2019's (Non) Predictions: Macro Man (Audio),1
A rift between regulators over the Boeing 737 Max could hold back new plane programs,1
A secretive startup backed by Bill Gates says it has discovered a way to use artificial intelligence and a field of…,1
A service called TeaTV lets people watch seemingly pirated content from HBO or Netflix for free with ads.,1
A Sexist Joke Cost Ken Fisher $4 Billion in Assets. He Still Runs $121 Billion,1
A shortage of Christmas trees is driving up prices this year -- and you can blame the 2008 financial crisis,1
A Solar Boom Without the Subsidy Gloom,1
"A take-private is exactly what it sounds like, but here's a more in-depth explanation",1
A tense showdown over college vaping and its health risks is roiling Duke University,1
"A Tokióban található teamLab Planets, a múzeum, ahol a víz a kiállítási közeg, idén tavasszal egy kis időre cseresznyevirág-szirmokba öltözik. A kiállítás 2020. március 1-től tekinthető meg.",1
A toxic foam caused by sewage overflow is settling on roads and water in New Delhi,1
A trainee day trader in France once made $11.6 million in one day on what he thought was just a “demo.”,1
"A U.S. official says the Florida Naval station shooting suspect was an aviation student from Saudi Arabia, the AP r…",1
"A Week In North Florida On A $24,960 Salary",1
"A Week In San Francisco, CA, On A $65,000 Salary",1
"A year after arrest, Ghosn seeks trial date, access to evidence",1
"Absurdity Update: British Academic Union Rules Members Can 'Identify' As ""Black"" And ""Disabled""",1
"Access LIVE #market #analysis, exclusive #investingideas, #earnings coverage and more. Take a #FreeTrial of Briefin…",1
Active Versus Passive Investing: The Fallout. Continue reading: #investing #markets #trading,1
"Activism Engulfs Japan as Firms Go Hostile, Investors Speak Out",1
Activist Greta Thunberg in Tweetstorm With Railroad Company,1
"Actor and comedian Sacha Baron Cohen criticized social media — especially Facbook, Twitter, and YouTube — as ""the g…",1
Adnan Syed Will Not Get New Trial As Supreme Court Rejects 'Serial' Case,1
"Adtalem Global Education : NIPA, American University of the Caribbean School of Medicine a...…",1
"Advertisers Are Ready for Streaming, but Streaming Isn't Quite Ready for Ads",1
"After $550 Million Exit, 34-Year Old Founder Wins Fresh Backers",1
"After $550 Million Exit, 34-Year-Old Gets Funds for Landing",1
"After an amputation, MIT research assistant Everett Lawson helped to design his own prosthetic leg",1
"After Lehman declared bankruptcy in 2008, a group of market-timing services recommended extensive short positions i…",1
Agilysys : Restaurants Find Sustainable Methods for Limiting Food Waste During the Holidays #Agilysys #Stock…,1
"Agnes, your great boy Ronald is looking down, very proud of you!",1
"AI is coming for white-collar jobs as it gets harder, better, faster, stronger",1
Air pollution is affecting Australia's east coast because of the smoke coming from the #NSWFires bushfires.…,1
Al Gore says millennials should see combating climate change as “the single biggest investment opportunity in histo…,1
Alabama Department of Agriculture and Industries’ Plant Section Launches Multiple Online Applications…,1
All but one of Africa's 54 nations have signed up for what would be the world's largest free-trade zone,1
"All Smoker Black Friday 2019 Deals: List of Masterbuilt, Weber, Pit Boss & Cuisinart Smoker & Combo Grill Deals Rel…",1
"All The Best Facebook Portal Black Friday Deals (2019): Facebook Portal TV, Mini & Plus Sales Compared by Spending Lab",1
All you need to know about what's moving markets,1
All You Need To Know Going Into Trade On Dec. 17,1
"All-inclusive resorts have the ""potential"" to be a highly sustainable way to accommodate mass tourism",1
"Allstate Lawyers Fear For Safety After Opposing Counsel Threatens To Unleash ""Long D*ck Of The Law""",1
ALTCOINS-Crypto backed by crypto: Dai seeks to change 'stablecoin' game,1
"AM Best Affirms Credit Ratings of Meritz Fire & Marine Insurance Co., Ltd.",1
AM Best Places Credit Rating of Armour Secure Insurance S.A. de C.V. Under Review With Developing Implications…,1
Americans are flocking to these 15 cities where jobs are plentiful and salaries are rising. (via @CNBCMakeIt)…,1
Americans are taking a long time to get married:,1
Americans' Top 3 Financial Resolutions for 2020 All Hinge on Doing This 1 Thing,1
America's lowest earners are powering the economy: Morning Brief,1
"Among Largest US Markets, Most Demand Is Still Met By Illicit Supplies",1
An activist group is demanding an investigation of suspicious letters submitted to the SEC,1
An estimated $400bn is needed each year to reverse declining populations. @OfficialZSL is encouraging sustainable l…,1
"An ugly anti-Chinese strain is infecting the Hong Kong protests and driving away potential allies, says @shuli_ren…",1
"Analysis: When Gordon Sondland appeared before the impeachment inquiry, Republicans were hoping that the US ambassa…",1
Andaman Islands feel the tides of change,1
Andrew Hill: A Lego session can uncover awkward truths about an organisation that none of its senior team has previ…,1
Anger Mounts After Wuhan Doctor Dies,1
Angola agrees to hand over management of a national park in the Namib desert to a not-for-profit organization that...,1
"Anno record per il gruppo Iberchem, che perfeziona due acquisizioni nel segmento aromi e registra una crescita delle entrate pari al 19%",1
Another bridge has collapsed in Italy,1
Another Doctor Reports Dramatic Improvement In COVID-19 Patients Using Trump-Touted Treatment,1
Another fatality at Great Panther Mining,1
Anti-Dumping Duty Imposed On 90 Chinese Items,1
"Any list of the most-popular online TV services begins with Netflix, Amazon and Hulu. But after those comes the unl…",1
"Are these 3 Top-Ranked Mutual Funds In Your Retirement Portfolio?- February 07, 2020",1
Are trade wars good and easy to win? We try to answer in Terms of Trade. Sign up to have our newsletter delivered t…,1
Are you allowed to return gifts you don’t like? Is it ever appropriate to just give cash? An etiquette expert answe…,1
Are You Better Off With Multiple Credit Cards or One Great One?,1
Are you guilty of financial infidelity? Here’s how to fix money habits that could be standing in the way of your lo…,1
"Are You Invested In These 3 Mutual Fund Misfires? - February 06, 2020",1
"Are You Invested In These 3 Mutual Fund Misfires? - February 07, 2020",1
Arguably The Ultimate Long Term Stock Investment Portfolio For My Young Kids. Get more updates here:…,1
Army Restarts Disputed $45 Billion Armored Vehicle Competition,1
"Around 76,000 people were injured in the U.S. between 1998-2017 because of cell phone-related injuries",1
"Art And Cannabis Getting Extra: Crumb's $690,000 Weed Drawing, Keith Haring's Bongs Line",1
"Artificial intelligence has made great strides in analyzing financial data. While the opportunities are incredible,…",1
"As 2020 approaches, firms across the financial industry are busy issuing outlooks for what the year ahead may hold.…",1
"As Discovery eyes a streaming future, John Malone looms large",1
"As of 11pm tonight, Britain will have left the EU. Read this by @robertshrimsley from the FT archives: Brexit's 'do...",1
As The Trade Talk Pendulum Swings,1
"As vegan burgers get more popular, the beef industry is battling to clean up its image as a greenhouse-gas-emitting…",1
"Asian Insurers Look More to Passive, Alternative Strategies: Broadridge",1
Assessments of climate policies help shape a country’s policy response to #climatechange.,1
Asset management and investment banking are often used in the same breath but they shouldn't be,1
"At dinner, man in a wheelchair had to be over 100 yrs old, seemed pretty down / out of it, but soon as his daughter…",1
"At least six firms, including BlackRock and Vanguard, are flocking to the Chinese market",1
Atlantic Storm Poised to Send Europe to New Wind Power Records,1
Australia investigates Chinese spy ring allegation,1
Australian PM Scott Morrison reaches A$2 billion ($1.3 billion) energy deal with the country's most populous state...,1
Australia's Fires Kill Millions of Bees,1
Authorities are investigating if the Pensacola shooting was terrorism-related.,1
"Avoid These 3 Mutual Fund Misfires - February 06, 2020",1
"Avoid These 3 Mutual Fund Misfires - February 07, 2020",1
"Avoid These 3 Mutual Fund Misfires - November 25, 2019",1
Babe Ruth's 500th Home Run Bat Sells for More Than $1 Million,1
Baby Bonds For Baby Boomers Rebalancing Into Fixed Income. Continue reading: #finance #business #stockmarket,1
Baby GATT Back: The End Of The World Trade Organization?,1
Baby Yoda could be the Tickle Me Elmo of 2019.,1
"Bags of rice, cellphone credit and mobile phones were just some of the freebies that politicians handed out ahead o…",1
Baht Vies With Won for Title as Asia’s Best-Performing Currency,1
"Balance of Power: Brexit, Impeachment, Trade Deal (Podcast)",1
Banca Carige S p A Cassa di Risparmio di Genova e Imperia : Ordinary Shareholders' Meeting... #Stock...,1
"Banks must behave 'more like technology companies' to survive, finance execs say",1
"Banks will need more capital buffers in a downturn, Rosengren says",1
Barbados suffers second day of major power outages,1
Barclays Executive’s Lawyer Likens Prosecutor to Titanic Captain,1
Barron’s on MarketWatch: What we all need to know about Schwab-Ameritrade deal,1
Barron’s on MarketWatch: What we all need to know about Schwab-Ameritrade deal,1
"Barron's Picks And Pans: Charles Schwab, Disney, Sprint, Netflix And More",1
"Before Coke-Snorting Santa And An Ad Accused Of Weight-Shaming, Some Fails From Christmas Past",1
"Before you sign up for Disney+, this calculator adds up the ‘true’ cost of your streaming services",1
Begun The Streaming Wars Have: Australia's Entire Defense Budget Is Being Spent On Scripted TV,1
Bellevue Gold : Becoming a substantial holder from MQG #BellevueGold #Stock #MarketScreener,1
Berkeley returns to ‘normal’ after bumper years,1
Berkshire's Buffett loses top real estate agent to top rival,1
"Bernie Madoff, the former Wall Street investment advisor infamous for his Ponzi scheme, is back in the news",1
Best And Worst Q4 2019: Mid Cap Blend ETFs And Mutual Funds. Sign up for updates on Seeking Alpha!…,1
Best books of 2019: Children’s books,1
"Best Buy has dodged death, but for how long? Watch the full video here to see how Best Buy has survived the retail…",1
Best feeling ever is helping others reach their goals. #stocks #options,1
Best Income Ideas From Around The Web: November 25 Edition. Subscribe to Seeking Alpha for more:…,1
Best. newsletter. ever,1
Beware the dawn of the corporate dead,1
"Big fantasy playoff matchup against @Jason_Buck this week, a rematch of my week 10 defeat by &lt; 0.5 points as Dalvin…",1
Big Four/government: no freeze on fees,1
Bigger is Better in Payments: Worldline Not Done With Deals,1
Bill Gates says he'll spend billions on coronavirus vaccine development,1
"Billboard adding Apple, YouTube plays to Hot 100",1
Billionaire British property investors David Reuben and Simon Reuben have helped finance Dreamscape’s acquisition o…,1
"Billionaire hedge fund founder Ray Dalio doesn't want to use the word ""recession"" when talking about the global eco…",1
"Billionaire investor Carl Icahn is placing a 'big bet' against struggling malls, report says",1
"Billionaire Jeff Greene plowed $90 million into Palazzo di Amore. Now, he’s struggling to sell.",1
"Billionaire Ray Dalio pushed back against a Wall Street Journal article, saying his hedge fund doesn’t have a net b…",1
"Billionaires get rich by 'relying on a system that exploits people,' says activist @Deray Mckesson…",1
Black Friday 2019 freebies: Here's what you can get for free starting Thanksgiving,1
Black Friday darker for some retail stocks than others,1
"Black Friday frenzy: Tiffany buys LVMH, Charles Schwab buys TD Ameritrade, Novartis buys Medicines Company #Stock…",1
Black Friday shopping guide — What not to buy by @DanielHowley,1
Black Friday Yen Seasonality Could Trigger Larger Breakout. Read more and sign up for updates:…,1
Blockbuster comes back to life with NYC pop-up shop,1
Bloomberg BusinessWeek - Week Of 12/13/19,1
'Bloomberg Daybreak: Americas' Full Show (12/17/2019),1
'Bloomberg Daybreak: Australia' Full Show (12/16/2019),1
"Bloomberg Daybreak: Feb. 6, 2020 - Hour 1 (Radio)",1
"Bloomberg Daybreak: Feb. 6, 2020 - Hour 2 (Radio)",1
"Bloomberg Daybreak: Feb. 7, 2020 - Hour 1 (Radio)",1
"Bloomberg Daybreak: Feb. 7, 2020 - Hour 2 (Radio)",1
'Bloomberg The Open' Full Show (12/17/2019),1
"Bloomberg Westminster: ""Time to Be Honest"" With The Public",1
"Bloomberg Westminster: HS2, Full Speed Ahead?",1
"Blue collar boom? College grads, baby boomers big winners in Trump's economy",1
BMO’s Belski ‘Humbled’ After Nailing Forecast for Canada Stocks,1
Bombay High Court Grants Bail To Peter Mukerjea In Sheena Bora Murder Case,1
Boris' Brexit Pledge Is Gift For 2020 Markets: Ashworth (Radio),1
Bottled Water Flies Off the Shelves in Rio as Taps Run Dry,1
Bought something from Target online for first time ever...made sure to opt out of all emails...and one day later I…,1
BQuick On Feb. 6: Top 10 Stories In Under 10 Minutes,1
BQuick On Feb. 7: Top 10 Stories In Under 10 Minutes,1
BQuick On Nov. 25: Top 10 Stories In Under 10 Minutes,1
Branches still pay off for Canada’s banks even in the app era,1
Brand Deaths of the 2010s,1
Brazil’s President Jair Bolsonaro described activist Greta Thunberg as a “brat” in his latest attack on celebrity e…,1
BREAKING: The coronavirus is now deadlier than SARS. The death toll has risen to more than 800 in about two months.,1
Breakingviews - Fashion’s climate Frankenstein has no off-switch - Reuters,1
Brexit begins tonight over 3½ years since the U.K. initially voted to leave the EU. So what happens next?...,1
Brexit Bulletin: The Cliff Edge is Back,1
Bright side... Maher and Garrett can share an Uber when they aren’t allowed back on the team bus,1
Britain's bad-tempered 47-year marriage to the European Union is about to end. Now Boris Johnson must take ownershi...,1
British Open canceled for first time since WWII due to coronavirus,1
Brussels Edition: Truce Offerings to Trump,1
"Brussels restaurant 65 Degres has become the city’s best-rated eatery, largely thanks to rave reviews of its staff,…",1
Buchanan Health Center Opens New The Villages Location!,1
Buddhist monks at this Bangkok temple are using plastic bottles to make their robes,1
Buffered annuities provide partial protection against market downturns. But they also take away some of the upside.…,1
"Building more secure passwords, based on updated IRS guidance",1
Businessweek Extra - Sustainability Through Sports (Podcast),1
But I did nothing wrong. Read the Transcripts (2)!,1
"Buyers Want Cleaner, Lighter Cars That Also Make Them Feel Good",1
Byron Wien: Coronavirus causes 'maximum level of uncertainty' but won't trigger recession,1
CAB: Why Assam Is The Epicentre Of Protests Against New Citizenship Law,1
Call an Uber and get a taxi? Don't panic,1
Campus under siege as Hong Kong police battle protesters,1
Can Alternative Investing Combat Market Blues?,1
Can employers make female employees wear a bra? Ask HR,1
Can LVMH give Tiffany's diamonds back their old luster? via @bopinion,1
Can Presidents Abuse Power? Senators Punt to Voters,1
Can The Crypto Market Spur A Santa Claus Rally Following December Shivers?,1
"-Can the Fed fight inequality? Kashkari says yes, hires an ally -China to raise penalties on IP theft in a trade wa…",1
Can the Federal Reserve fight inequality?,1
Can the Federal Reserve fight inequality?,1
Can the gains continue when the S&P 500 returned 33% in 2019 and 256% for the decade?,1
Can The U.K. General Election End Brexit Uncertainty?. Follow this and any other stock on Seeking Alpha!…,1
Can You Take Out Multiple Personal Loans at the Same Time?,1
Canada racks up 400-tonne cannabis pile after production binge,1
Canada's use of Huawei 5G would hamper its access to U.S. intelligence: U.S. official,1
Canadian official's email saying 737 MAX software must go reflects 'working-level' view - regulator #economy…,1
Cancer sends many patients into bankruptcy. Advisors are stepping up to stop that.,1
Cannabis Countdown: Top 10 Marijuana Industry News Stories Of The Week,1
Cannabis Retail Opportunities Abound,1
Canopy Growth Needs You to Call the Cops,1
"Capitalism didn't emerge ""two and a half centuries"" ago. Capitalism has been at work since the moment one human be…",1
Cardano’s Shelley testnet shows a lot of promise,1
Casey's General's prepared food business facing traffic jam of competition (CASY),1
"Cashless kiosks are leaving out many of those unbanked. For McDonalds, cashless self-order kiosks are leaving out…",1
Catch the next round of insight from @JimCramer exclusively on,1
Caterpillar: 3 lessons from an iconic brand about digital competition,1
Cautious Optimism For Markets on Trade (Radio),1
"CBI Detected 894 Shell Companies In Four Years, Government Says",1
CDC expert: 'Antibiotic resistance is worse than we previously thought',1
CDC quarantines Wuhan passengers in California under federal order,1
CDC SAYS REPATRIATED AMERICANS ARE UNDER FEDERAL QUARANTINE,1
"Celebrity lawyer Michael Avenatti says evidence of his spending, as well of a $5 million debt, is irrelevant to the…",1
Centennial was designed as an anti-wildfire fortress. But ecologists say the project is more like “hubris” in the f…,1
"Charlot Magayi’s Mukuru Clean Stoves helps #SDG1 #SDG3 #SDG8. It recycles waste metal to produce improved, reliable…",1
"Chess: did the international master trap, or was he trapped?",1
"Children will experience more health problems like diarrhea than their parents as a result of global warming, accor…",1
"China basically has 3 ways it can retaliate against the U.S. in the trade war. One, called the ""nuclear option,"" in…",1
"China Cuts Tariffs, Lagarde’s Concern, U.S. Jobs: Eco Day",1
"China is the enemy' on trade, not Trump' — Cramer blasts media over love of Chinese leader Xi",1
China Lashes Out at Countries Restricting Travel Over Virus,1
"China mulls waiving ethanol tariffs, re-routing Hong Kong trade - Bloomberg",1
China reaffirms anti-cryptocurrency stance,1
China Recycling completes warrant exchange offer,1
China said it will raise penalties on violations of intellectual property rights as it attempts to address one of t…,1
China Sends New Officials to Take Charge of Hubei Outbreak,1
"China sets tougher guidelines to protect patents, copyrights",1
"China theft crackdown, Fed inequality, negative rates: Eco Day",1
China Travel Bans Leave Thousands Stranded Around the World,1
China Will Use Millions Of Zimbabwe Citizens To Improve Facial Recognition Accuracy,1
"China won't have to sacrifice economic growth or prosperity to go carbon neutral in the next few decades, according…",1
"China won't have to sacrifice economic growth or prosperity to go carbon neutral in the next few decades, according…",1
China’s Coronavirus Death Toll Rises to at Least 563,1
"China’s schoolchildren are now the smartest in the world, according to an OECD study (Video…",1
China's effort to fill a protein gap created by the spread of African swine fever is rippling through Brazil's mass…,1
Chinese defy Hong Kong's protest gloom in hunt for bargain stocks #HANGSENG #Stock #MarketScreener…,1
Chinese diplomats who drove onto military base kicked out of US: report,1
Chinese facial recognition companies have taken the lead in serving an international market populated by authoritar…,1
Chinese state media stepped up criticism of the U.S. and accused it of meddling in China’s domestic affairs,1
Chinese state media stepped up criticism of the U.S. and accused it of meddling in its domestic affairs,1
Chris Davis' 3rd-Quarter Buys,1
"Cities around the world are banning or restricting electric scooters after deadly accidents, littering problems and…",1
Citizen Journalist Covering Virus Outbreak From Wuhan Goes Missing,1
Citizens are angry and governments are struggling to respond,1
"Citizenship Act: Curfew Relaxed In Guwahati, Parts Of Dibrugarh District",1
Climate activist @GretaThunberg called out business and political leaders at #COP25 for using “clever accounting an…,1
Climate Change Is Coming for Your Oreos,1
Climate change protesters disrupt D.C. rush-hour traffic,1
"Climate Change, Farm Crisis, Unemployment: 2019 In Five Charts",1
Climate Fight Takes a Step Back With No Deal on Carbon Markets,1
Clint Eastwood’s ‘Richard Jewell’ Opens to Below-Average Debut,1
Cloudia lance la dernière génération de solution Procure-to-Pay au Moyen-Orient et en Afrique,1
CNN's @ChristineRomans has the day's top business headlines before the Opening Bell on Wall Street…,1
"Cocaine trafficking has been big business for at least a decade, and suspicions abound about the origin of some of…",1
"Coffee drinkers have to stop double cupping their Dunkin’ — yes, even in New England",1
Colombia Faces More Protests as Police Tactics Enrage Marchers,1
Colombia suffered more unrest as anti-government protesters returned to the streets,1
Comeback Year Gets Even Better for Tiger Woods,1
Coming to airports this Thanksgiving: Catering worker protests,1
Commentary: The F-35 has already freaked out Iran and changed everything in the Middle East.,1
Committee Of Secretaries On Telecom Relief Package Said To Have Disbanded,1
Commodity Shippers Face ‘Crisis in Demand’ on Virus Outbreak,1
Company logos vanish from Prince Andrew's website as sex scandal grows,1
Competition is about to shrink in the online-ticket marketplace,1
"'Confidential' ETFs could change the face of active management, industry leaders say",1
"Congratulations @PACEUniversity, the 2019 National #CollegeFedChallenge champions! Way to represent the…",1
Congratulations to the college students who competed in the 2019 National Fed Challenge Finals:…,1
Consider your Christmas list complete:,1
"Considering a 5% cash-back credit card? @CNBCselect breaks down how to maximize your rewards, and three of the most…",1
Considering selling your house to an iBuyer? You may earn 11% less than selling your house on the open market.,1
Consolidation in gold industry resumes as Kirkland Lake approaches Detour,1
"Coronavirus case tally: 31,420 cases, 638 deaths",1
Coronavirus cases inch up in U.S. but still very light,1
"Coronavirus cases worldwide are ‘going up very steeply,’ says NIH Director Francis Collins",1
Coronavirus is 'not an excuse'-real estate CEO says those who can should pay their rent,1
"Coronavirus update: 213 dead, more countries recommending against China travel",1
"Coronavirus update: 213 people have died, countries recommend against travel, and pilots sue over continued flights",1
Corporate Affairs Ministry Moves NCLT To Reopen CG Power Books For FY15-19,1
Corporate Affairs Ministry Reviews IL&FS Resolution Progress,1
Corporate events to watch,1
Correction to Story on Stock Market Activity on Friday #index #MarketScreener,1
Correction to Warning Signs for Companies Article -- Journal Report #economy #MarketScreener,1
Corrugated Packaging Industry Procurement Intelligence Report | Increase in Raw Materials Prices Will Propel Suppliers’ OPEX | SpendEdge,1
Cost Plus World Market® Kicks off Black Friday Weekend With Free Giveaways and Special In-Store and Online Savings,1
Cott lands The Water Guy,1
Could seaweed farming help fight climate change? These 2 friends quit their jobs in New York to create the first s…,1
Country music legends weigh in on Tesla’s Cybertruck — ‘pretty doggone cool’,1
Cramer's week ahead: A short week on Wall Street stuffed with earnings reports,1
Crisis Is Rocking Latin America. Peru Is an Island of Uneasy Calm.,1
Crossword Cybersecurity : Publication of Circular #CrosswordCybersecurity #Stock #MarketScreener…,1
Cruise Ship Passengers in New Jersey Screened for Coronavirus,1
Cya Jason Garrett,1
Daily Insider Ratings Round Up 11/21/19. Get more updates here: #business #stockmarket #trading,1
Damn,1
Daniel Levy: the Tottenham chairman taking a gamble on José Mourinho,1
Daniel Loeb's Top 5 Buys in the 3rd Quarter,1
Das Does a Draghi With India Adopting Unconventional Tools,1
Deadly gas explosion in Slovakia kills at least five,1
Deal for background checks Co,1
"'Dean of Valuation' says Saudis got the Aramco valuation right, but he's still not buying",1
"Dear Management: I've taken the liberty of prepping your response to today's Muddy Waters report from our ""res...",1
"Dear Moneyist, I don't want to be a money grab. My friend with lung disease wants to marry me so I receive his gene…",1
Dear Saudis: An Open Answer To Questions About Aramco Investing,1
Defence Expo: Defence Equipment Makers See This As Another Opportunity In India,1
Dem-Controlled School District Adopts SJW-Backed Busing Plan Despite Widespread Opposition,1
Denmark Rules Out Link Between Greenland Independence and Trump,1
Depriving western Balkan countries of a clear chance to join the EU risks speeding up the already alarming pace of…,1
Designers Focus on Eco-Conscious Fashion,1
"Despite its strong ties to geopolitical events, gold is still driven by supply and demand.",1
Did Schiff Turn Trump Into Billionaire Martyr With Ill-Advised Impeachment Gambit?,1
Did the Great Recession fundamentally change the housing market?,1
Did you know Black Friday starts today? Probably OK to delete every email today site-unseen,1
"Did you know on the Canary Islands there’s not one canary? And on the Virgin Islands? Same thing, not one canary there either.",1
Did you know that remittances are more than three times the size of all development aid? Learn more about these “do…,1
Did you know? The world's most-watched YouTube channel is T-Series from India,1
Did you miss our discussion yesterday on inequality? Catch up here â†’,1
"Directing Savings To Specific Investments Is Old-Fashioned, Says Finance Minister",1
Disappointed by the size of your Social Security check? You're not alone.,1
Dispute between Sears and Eddie Lampert's hedge fund could jeopardize bid to save retailer,1
Divergence In Sector Returns. #investing #economy #business,1
"Divestment Will Lead To Loss Of Jobs, Says Concor Employees Union",1
Dividend Challenger Highlights: Week Of November 24. Read more and get updates on any stock!…,1
Dividend Champion And Contender Highlights: Week Of November 24. Read more and get updates on any stock!…,1
"Do you buy the ""Mad Max"" design?",1
"Do you smell what Bezos is cooking? Amazon could buy the WWE, analyst predicts",1
Do you think someone actually paid 120K for a banana taped to a wall?,1
Does this 'disgruntled boomer' really have to leave an inheritance? Here's what The Moneyist thinks.,1
Does Your Goal Setting Have 2020 Vision?,1
"Does Your Retirement Portfolio Hold These 3 Mutual Fund Misfires? - February 06, 2020",1
"Does Your Retirement Portfolio Hold These 3 Mutual Fund Misfires? - February 07, 2020",1
Dog People Rejoice: Owning A Pup Is Good For Your Cardiovascular Health : Shots - Health News : NPR,1
"Don’t eat romaine grown in Salinas, California, U.S. health officials say (via AP)",1
Don't Ignore The Fixed Income Side Of Your Portfolio. Continue reading: #investing #finance #stocks,1
Don't let your family eat themselves sick this Thanksgiving.,1
"Don't try to break your habits, 'The Power of Habit author Charles Duhigg says. Change them....",1
Doubt about a Nobel prize winner’s valuation ratio: Morning Brief,1
Dragonfly Capital - 4 Trade Ideas for Facebook: Bonus Idea,1
"Dragonfly Capital Premium is open to all. An Open House! Earnings trade, short term scans, Macro Review and Sunday…",1
Drug Legislation Likely to Dry Up Biotech Funding,1
Ducrozet: Lagarde Has Marginally More Hawkish Tone Than Draghi,1
Ducrozet: Lagarde Marginally More Hawkish Than Draghi,1
"During @NasdaqCorpGov #NasdaqGovForum, Stephen Page shared insights about #cybersecurity and #CorpGov trends impact…",1
Eagles going to be running 4 TE sets lol,1
"Early Bird Weekend Report: Gold, Silver, And E-Mini S&P. Sign up for updates on Seeking Alpha!…",1
"Earning $40,000 a year in Omaha used to be enough to make rent comfortably. Not anymore.",1
Economic data controversies in Sweden and Denmark renew debate on statistics,1
Economic Recovery Narrative Doomed: Fathom's China Momentum Indicator Signals More Downside Ahead,1
Economic wellbeing masks UK’s unravelling social fabric,1
Economics isn’t just about cold hard numbers: Gillian Tett argues why a more humanistic approach is long overdue,1
Edle Hingucker im Badezimmer:,1
"Einhorn Escalates Musk Twitter War: Demands To Know If ""Accounts Receivable Even Exist""",1
EL GRUPO IBERCHEM CIERRA EL AÑO CON LA COMPRA DE DOS COMPAÑÍAS DE AROMAS Y UN CRECIMIENTO DEL 19%,1
Elders : Ceasing to be a substantial holder from MQG #Elders #Stock #MarketScreener,1
Electronic Manufacturing Services Industry Procurement Intelligence Report | Evolving Opportunities with Jabil Inc and Flex Ltd in the Electronic Manufacturing Services Industry | SpendEdge,1
Elon Musk said it best: “Oh my f. . .g God.”,1
"Employees of ATSG Companies Raise Over $380,000 for Charity",1
EnerBank Scholarship Helps Build the HVAC Future with Qualified Workers,1
Engineers at @MIT have created a new way to remove carbon dioxide from the air,1
ESG Strategies May Help Investors Beat Market Returns,1
"Euronext, SIX battle for Spain's bourse",1
Europe’s Climate Moonshot Runs Into Instant Trouble Over Costs,1
Europe’s wealthiest man —LVMH chief Bernard Arnault — is spending more than $1 billion on a Paris department store…,1
European Energy A/S: Agreement signed for the sale of wind farm in Denmark with a capacity of 22.4 MW #Stock…,1
Europe's richest man is spending $1 billion on a department store in Paris,1
Even DIY Cocktails Can't Help Brexit Blues,1
"Ever wondered where MPs go to eat, drink and gossip in Westminster?",1
"Everyone can get what they want, this columnist says.",1
"Everything Jim Cramer said on 'Mad Money,' including trade war progress, Clorox and SoFi CEOs",1
Expansive Applications For Hemp Manufacturing,1
Expat Chinese Workers Scouring Foreign Pharmacies for Masks,1
Expect to spend some extra green on the perfect Christmas tree this year.,1
"Expert: ‘there are people at the top who are making a lot of money, but most people are going to work at jobs that are low-wage, low-hour’",1
Experts say identifying state media outlets can be incredibly difficult and resource intensive — and they are urgin…,1
F5,1
"Facebook : She Argued Facebook Is a Monopoly. To Her Surprise, People Listened. #Facebook #Stock #MarketScreener…",1
"Fans pay respects to K-pop star Goo Hara, who was found dead at her home on Sunday. She was 28 years old",1
Far Too Many Americans Are Making This Incredibly Risky Retirement Move,1
Farm Experts Pitch For Scrapping GST On Agri-Inputs In Budget Wish List,1
Fashion star Jane Shepherdson joins clothing rental start-up,1
"'Fast Money Halftime Report' Traders Advise Viewers On Microsoft, Apple And More",1
FDA inspections of overseas pharmaceutical manufacturers declined 10% from 2016 to 2018,1
"Fed decision, Lululemon earnings, inflation gauge: 3 things to watch for Wednesday",1
FedEx CEO challenges NYT publisher to public debate after tax story,1
"FedEx slams NYT tax story, proposes debate",1
Feeble Harvey Weinstein appears in New York court for bail hearing,1
"Felix Rohatyn, Banker Who Helped Rescue New York, Dies at 91",1
Few countries are as dependent on Chinese demand as Chile,1
"Finance Minister Press Conference Live: Middle Class Shareholders Will Pay Tax On Dividends At Lower Rate, Says Sitharaman",1
First Coronavirus Case Reported In New York,1
Five things to know at the start of Asia's trading day,1
Five Things You Need to Know to Start Your Day,1
Flood-hit Venice’s dwindling population faces mounting woes,1
Florida’s “adult arcades” are magnets for armed robberies. Jacksonville may have figured out a way to stop the mayh…,1
"Flush With Hot Funds in Bills, Pakistan Now Wants Sticky Money",1
Focus - Beyond Meat vs Zhenmeat: The battle for China's meatless market,1
Foot On The Gas. Sign up for updates on Seeking Alpha! #stocks #economy #finance,1
"For a few hours this week, the FT gained access to PolyU, the university where students in Hong Kong have been trap…",1
"For department stores, it’s the most desperate time of the year",1
"For skiers in search of empty slopes and epic views, this could be the ultimate holiday",1
"For some of us, it takes longer than others to become a great friend, a great husband, father, wife, mother, uncond…",1
"For the first time since Zelenskiy took power this year, more Ukrainians say the country is headed in the wrong dir…",1
For those of you wanting to get out of the cold I’ll be doing a signature class in Fort Lauderdale January 6-8. It…,1
"For Wall Street, Russia Has Become ‘Bulletproof’",1
Ford scrapped years of work on other designs before taking on an icon with the Mustang Mach-E,1
Former RBI Chief Subbarao Cautions Against ‘Fiscal Profligacy’,1
Former Trump campaign deputy chairman Gates gets 45-day prison sentence,1
Four Things to Know Monday: ▶ Pro-democracy candidates sweep H.K. election ▶ China to raise penalties on IP theft…,1
France reported a continued leveling-off of cases on Monday,1
France's Top Female CEO Becomes a Stranded Asset,1
FREE mini Masterclass in Trading,1
FreightWaves Oil Report: So Where Is The Impact From IMO 2020?,1
French New Wave Cinema Icon Anna Karina Dies at 79,1
French Support for Strike Still High With Holiday Plans at Stake,1
Freshfields partners to vote on introducing bad behaviour fines,1
'Friends' reunion special in the cards,1
"From a Ratatouille ride in the France pavillion to a “Mary Poppins” attraction in the U.K. pavillion, here’s how Ep…",1
From black swan to bubble: investors weigh coronavirus risks,1
"From cranberries in the early 1900s to turkeys in the 1950s, the foods that grace our holiday tables have held a sp…",1
"From guns to tobacco to health care, here are the industries a President Mike Bloomberg would affect.",1
"From Starbucks to Seattle, companies and cities alike are banning plastic straws. Are takeout containers next?…",1
"From tech to brisket, a personal passion becomes one of the best BBQ restaurants in Colorado @Brixmor works with e…",1
"FT Crossword: Number 16,333",1
"FT editor David Gardner reviews the book 'The Killing in the Consulate’, about the death of Saudi journalist Jamal…",1
FT North American Innovative Lawyers Awards 2019 — winners announced,1
GAAP vs non-GAAP,1
Gang Up on Pete Buttigieg? Maybe Not,1
"Gartman: ""the “internals” of the past one or two weeks are not, in our opinion, indicative of a market that should…",1
Gas explosion in apartment building in Slovakia has killed at least 5 people Friday.,1
Gen Z explains the number 1 thing they're saving for:,1
"Geopolitics, FOMC Meeting Minutes and Canadian Inflation in Focus",1
German Federal President Steinmeier today awarded former ECB President Mario Draghi the Order of Merit of the Feder...,1
"Germany Announces ""Limitless"" Aid Program For Small Business: SBA Are You Listening?",1
Germany Shaken by an Extremist Surprise,1
"Get LIVE #market #analysis, exclusive #investingideas, #earnings coverage and more. Take a #FreeTrial of Briefing I…",1
Getting a new credit card to shop Black Friday? You might want to think twice,1
"Gideon Rachman: Rather than making life simpler for Germany, Brexit is making it more complicated",1
"Given 6 months to live, woman gets a chance at life, love and a new baby thanks to Liver Tumor Program - UChicago M…",1
Glynn’s Take: RBA’s Faith Set to Be Disappointed,1
"Godfrey Gao, actor and model, 1984-2019",1
"Going cashless may be convenient for some people, but for others, it makes businesses inaccessible.…",1
"GOING EXTINCT: The last Sumatran rhinoceros in Malaysia has died, leaving their worldwide population at about 80",1
Golf legend @jacknicklaus’s original 18-karat gold Rolex will be auctioned off today at Manhattan’s Phillip Auction…,1
Gonna be a bad look when the anchors are all wearing surgical masks,1
"Good for him but these ""market makers"" have no affirmative responsibility to make markets in times of stress. In o…",1
Good luck with the stock market in 2020: Morning Brief,1
Good news/bad news: Economic data agrees with the Fed,1
"Good news/bad news: Fed's happy, retail isn't",1
Got a Raise for 2020? 5 Key Moves to Make,1
Government Contracts and the Trade War: QuickTake (Audio),1
"Governments can do 3 things to prepare for the next pandemic, former White House advisor says",1
"Graphic video showed a vehicle drive into a crowd of Chilean protesters, where at least 5 were injured",1
Great Grandmother’s Will,1
Greatest trade part deux? Icahn shorts mall debt,1
Green light for world's largest casino company,1
"Greenhouse gases hit another record high in 2018, UN agency says",1
Greenwashing Concerns Soar as Companies Vow to Clean Emissions,1
Guatemala imposes travel restrictions to stop entry of coronavirus #economy #MarketScreener,1
Gulf Arabs Take Fitful Steps to End Qatar Rift as Iran Looms,1
"Gun Control Groups Hide Behind Bogus ""Police"" Think-Tank To Disarm Americans",1
"Gundlach Live Webcast: ""A Rolling Loan Gathers No Loss""",1
Gwyneth Paltrow Won't Get Pushed Around by Venture Capitalists,1
Half of Americans Are Setting Themselves Up for Holiday Overspending,1
Happy Friday guys! It's been a long week and we all need a laugh. Seen any good #investing and #finance memes lat…,1
Harvard Leads U.S. Colleges That Received $1 Billion From China,1
Has the Job Market Cooled Off?,1
Hate Paying Income Taxes? These 9 States Don't Have Them,1
Have a few credit cards and interested in opening another? Here's how many cards you should have.,1
"Have you ever had a haircut so bad, you were inspired to create an entirely new tech program to ensure your next cu…",1
"Have you ever had a job candidate disappear on you? Ghosting is becoming more common in the workplace, here's why i…",1
"Having spent years in the real estate industry, this investor has some advice for first-time homebuyers: Spend plen…",1
Having Trouble Saving for Retirement? Do These 4 Things Now,1
"He burst onto the scene, a young man in a hurry, with an eye for art and a nose for a deal. Then he vanished",1
"He walks up the ball confidently, sizing up the giant, thinking about how he is going to slay him. Behind the back,…",1
"Heading to Tokyo this week? Explore our city guide, including a royal 5k run, to-die-for tempura and readers' tips…",1
Health Care Up As Higher Risk Appetite Buoys Biotechs - Health Care Roundup #economy #MarketScreener…,1
Healthy diets are out of reach for millions of people. #Nutrition-smart agriculture makes healthy foods more afford…,1
Hear it: Elon Musk drops surprise song dubbed 'Don't Doubt ur Vibe',1
Helen Bonham Carter digs into her heritage in My Grandparents’ War on Channel 4,1
Here are 12 key things to know about the Federal Reserve System,1
Here are 5 charts that show the early effects of the #COVID-19 pandemic on economies. Read our latest #IMFBlog…,1
Here are 5 tips for acing an interview when you're over 50.,1
Here are some of the business tax credits Congress could approve by year’s end,1
Here are the biggest stories from Bloomberg News today,1
Here are the key takeaways from the second day of Bloomberg's New Economy Forum in Beijing #NewEconForum,1
Here comes the Dunkin 'power muffin' to help solve one key problem,1
Here is a look at last year's Tree Lighting to give you an idea of what to expect from this year's Tree Lighting A…,1
Here’s how Charles Schwab and TD Ameritrade stack up amid reports of a blockbuster discount brokerage merger,1
Here’s the real difference between women and men when it comes to stock-market investing,1
Here's Alibaba founder Jack Ma's advice for job-hopping millennials,1
"Here's how a 23-year-old making $172,000 a year in New York City spends his money. (via @CNBCMakeIt)",1
Here's how Kanye West went from $53 million in debt to making over $150 million in a year. (via @CNBCMakeIt),1
"Here's How Much A 30-Year Mortgage On A $250,000 Home Really Costs",1
Here's How Much It Costs Parents to Have Adult Kids Living at Home,1
Here's how our reporter coped with the world's first 20-hour flight,1
Here's how U.S. doctors discovered the vaping illness that has killed 39 people so far.,1
Here's Prince Andrew's full royal title. How long does it take for you to say it?,1
Here's the moment U.K. Labour Party leader Jeremy Corbyn said he would stay neutral in a referendum on any new deal…,1
Here's the tax bill on the $226 million Mega Millions jackpot,1
"Here's to the million-dollar car that should have cost $5,000 the underloved Porsche 914 is the next big thing",1
Here's what advisors can anticipate amid the $26 billion Charles Schwab-TD Ameritrade tie-up,1
Here's what happened to the stock market on Friday,1
Here's what happened to the stock market on Tuesday,1
Here's what it's like to live on the 123rd floor of the world's tallest condo.,1
Here's what moved stocks into the close:,1
Here's why the rich hate the estate tax.,1
Here's why this video showing hours and hours of male customers having sex with masseuses inside a South Florida ma…,1
Here's Why You Need To Hedge Your Stock Investments - Nasdaq,1
"Here's why you should never lease a car, according to @suzeormanshow. (via @CNBCMakeIt)",1
"Hey snowflake, don’t 'OK boomer’ me at work",1
Hey Twitter! why shadow ban the truth???,1
"Hey, good news America: Investors are bailing on stocks",1
"Hibbett Sports looks quite sporty today, strongest comp in six years",1
High home prices and stronger demand have millennials pouring into smaller cities. These are the top 10 housing mar…,1
"Highlight: ""As cannabis goes mainstream, it's become Black Friday for cannabis and cannabis sales,"" @eaze CEO…",1
"Highlight: ""Furniture has gotten smarter because it needs to work double time,"" Queer Eye's @BobbyBerk says. ""There…",1
"Highlight: ""It's been 22 years since we saw the Land Rover Defender,"" @melodyhahm says. ""It was iconic back in its…",1
"Highlight: ""It's definitely one of the most detailed plans we've seen so far [from] 2020 candidates,""…",1
"Highlight: ""Uber's vowed to appeal this decision,"" @tom_belger says after loses its London license over safet…",1
"Highlight: ""We have a global economy that's coming into... an aging population— these new technologies are coming d…",1
"Highlight: @adrianambells explains eminent domain: The government, ""if they have just cause, can seize your private…",1
Highlight: @bcheungz breaks down the basics of cash flow on this week's Yahoo U:,1
Highlight: @danielhowley on iPhone tracking concerns: “The whole controversy really is that Apple has made a lot of…,1
Highlight: @EdwardsLifesci CEO Mike Mussallem and @justcapital_ CEO Martin Whittaker on stakeholder capitalism:,1
"Highlight: @heidi_chung on Uber’s safety report: ""Uber did come out and disclose these actual figures publicly… but…",1
Highlight: @LinkedInEcon Chief Economist Guy Berger and @KPMG Chief Economist Constance Hunter break down the jobs…,1
Highlight: @RealSportsHBO Correspondent David Scott talks about the 2011 Fukushima nuclear disaster and the 2020 Ol...,1
"Highlight: @scottgamm at the NYSE: “The Dow is up 100 points, but we’re still below that 28,000 mark that we first…",1
"Highlight: @spyjared on oil: “Kicking off the week with a little bit of volatility, it’s up about 1/3 of a percent…",1
"Highlight: @tom_belger on London banning Uber: ""Uber's vowing already to appeal this decision to cut it out of one…",1
Highlight: @WellsFargo Acting Chief Economist Jay Bryson on how recessions happen: “One is when something big in th…,1
Highlight: @WellsFargo Asset Management multi-asset strategist Brian Jacobsen: “Our focus now is more on where are…,1
"Highlight: “Based on the long term picture of crude oil… it’s all pointing to a very bearish picture,” @spyjared sa…",1
"Highlight: “From the global production standpoint, [the] OPEC cuts are really just part of the system,” says @PwC’s…",1
"Highlight: “I love making movies that make people feel good,” @candacecbure says on working with Hallmark and holid…",1
Highlight: “I think over time you’re going to see more and more services that will include ads as we move away from…,1
"Highlight: “If you think about the value that LVMH might be able to unlock for Tiffany, it does justify the price t…",1
Highlight: “It isn’t just today— it’s really been a function of this entire year… 2019 has really been kind of the…,1
"Highlight: “It will be the first insulin pill in the history of insulin,"" Oramed CEO @NadavKidro says about their n…",1
"Highlight: “It’s a carousel not only of coaches but of players,” @serwer says about the Redskins ownership problem.…",1
"Highlight: “It’s very unclear as to who the target demographic is going to be,” @Melodyhahm says about the Tesla cy…",1
Highlight: “Patent data gives us a way of identifying actual capabilities or things that entrepreneurs and inventor…,1
Highlight: “People tend to freak out this time of year because houses [have] been on the market long or there’s not…,1
"Highlight: “Taylor [Swift]’s drama amped it up big time,” Variety Senior Music Editor @jemaswad says about last nig…",1
"Highlight: “The actual retail brokerage business is a very small part of [Schwab's] business,” @bcheungz says. “The…",1
"Highlight: “The U.S. consumer… [has] continued to de-lever,” notes AngelOakCap’s Sam Dunlap. “That’s really… what w…",1
"Highlight: “The White House is hosting a listening session right now about the vaping issue,” @JessicaASmith8 says.…",1
"Highlight: “Theres certainly a lot of U.S banks too that say: ‘We’re doing a pilot test of block chain,’”…",1
"Highlight: “Theres very little not to like about this report, @WellsFargo Acting Chief Economist Jay Bryson says ab…",1
"Highlight: “Unfortunately, I think it’s going to be an okay Black Friday,"" @UBS Retail Analyst Jay Sole says. “The…",1
Highlight: “Until we can get a better sense of what the hit ultimately is going to be to earnings and how bad the u…,1
"Highlight: “We are really worried about what this looks like for us a year from now…"" @garnishgather Founder Emily…",1
"Highlight: “We think about same-day, two-day, whatever day— it is about getting the consumer what they want, when t…",1
"Highlight: “We’re always looking for ways to bring new Minecraft experiences to the community, which continues to g…",1
"Highlight: “You don’t copy Amazon, you learn the best practices,” author Ram Charan says. “It has three key element…",1
Highlight: Asahi Kasei Corporation Senior Executive Officer John Moyer on investing in autonomous driving and build…,1
Highlight: Burke Financial Strategies CEO John Burke explains why healthcare is his favorite sector right now:,1
Highlight: Carnival CEO Arnold W. Donald discusses new wearable technology to enhance travel experiences on cruises:,1
Highlight: Chief CEO @cb_childers discusses women in the workplace:,1
Highlight: Columbia Threadneedle Investments Senior Interest Rate and Currency Analyst Ed Al-Hussainy breaks down t...,1
Highlight: Democrats and the White House reach a USMCA deal. “It’s one of those rare circumstances… where you have…,1
Highlight: House Democrats announce two articles of impeachment. “The question is have they persuaded the American…,1
Highlight: How do we read the unemployment data? @bcheungz breaks it down on Yahoo U:,1
"Highlight: Michael Bloomberg ""is trying to kind of bring the party together— shift the focus a little bit,""…",1
Highlight: Plumb Funds CIO Tom Plumb explains why he’s bullish on healthcare:,1
"Highlight: The Call of the Day is Morgan Stanley on Tesla. ""When we get closer to 2024, we can start talking about…",1
"Highlight: The Fed needs to “improve the dot plot. They need think about alternative scenarios,” says @dartmouth’s…",1
Highlight: 'The Fittest Man on Earth' @mathewfras talks investing:,1
"Highlight: 'When it comes to private investing or investing in general, the earlier a company is, the higher the ri...",1
"Hillary Tweets ""No One Is Above the Law"" Then Refuses To Accept Lawsuit Against Her",1
"history is an agreed upon collection of lies... I havent seen a high school history book in 35 years, it would be i…",1
Hollywood Box Office Booms Even as Americans Stay Home and Chill,1
Hollywood Knows It Has a Big Carbon Problem on Set,1
Homebuilders aren't keeping up with millennials,1
Hong Kong Banks Give Extra Days Leave to Staff Amid Virus Outbreak,1
Hong Kong Banks Give Extra Days Leave to Staff Amid Virus Outbreak,1
"Hong Kong bill, more earnings, Powell speech: 3 things to watch for Monday",1
Hong Kong’s protests: Inside the PolyU siege,1
Hong Kong's Politicized Economy,1
HORNBACH : USDA Releases 2018 Annual Pesticide Data Program Summary #HORNBACH #Stock #MarketScreener…,1
"Hot #BlackFriday tip: ""Put things in your cart and leave them there.""",1
How ‘green hydrogen’ could make a reality of ‘green steel’,1
How a chat with Chuck Schwab inspired a bold S&P 500 call,1
How a Supreme Court case could change how cities treat the homeless via @BW,1
"How are technological advances causing a boom in renewable energy? Find out in our new infographic, ""The Power Shif…",1
How Beyoncé and Mariah Carey made Airbnb a luxury brand,1
How can businesses lead on climate action? (Sponsored by TBD Media),1
How cheap-chic retailer Target has morphed into a model for how to avoid the retail apocalypse,1
How clean hydrogen could make the steel industry less dependent on coal,1
How conservation investment could be a lifeline for endangered species,1
How did investors react to Tesla's Cybertruck announcement? They bought GM and Ford shares:,1
How do “no loan” college financial-aid packages work? Here is what students need to know,1
How do investors calculate opportunity costs? Enrico Cacciatore (@Ejcacciatore) of @VoyaInvestments joins Nasdaq Ch…,1
How does one avoid the real estate value trap?,1
How financial advisors can strive for a higher standard when recommending life insurance,1
How Germany's universal health-care system compares to the United States,1
How investing in #sustainableinfra in developing countries can foster economic and climate resilience? Blog by…,1
How is a bank's GSIB score calculated,1
How is Salesforce putting its Tableau and Mulesoft acquisitions to work? #DF19,1
How Many Children Live in Poverty in Your State,1
How much do you make? Salary disclosures could boost what you earn by @denitsa_tsekova,1
How much garbage do you generate in a day? Read our new #IMFBlog to see which countries top the list....,1
How Switzerland Could Find Itself Labeled a Currency Manipulator,1
How the USMCA Affects U.S. Steelmakers and Auto Manufacturers,1
How this company makes meat alternatives out of air,1
How to adopt smart retirement and tax strategies,1
How to Celebrate Valentine's Day on a Budget,1
How to Find Cheap Buy-Ranked Stocks Trading Under $10 - Nasdaq,1
How To Live A Climate-Friendly Life,1
How to Make a Killing During the Biggest Housing Boom in History,1
How to Recover When You Don't Stick to Your Retirement Plan,1
How to Save Money on These 3 Holidays in 2020,1
How to trade Ulta no makeup tutorial needed,1
How Trader Sentiment On Streaming Stocks Has Changed Since Disney+ Launch,1
HR Confidential: I fired her. Then she revealed all of the office's sordid sex-and-drugs stories. (via @CNBCMakeIt),1
Huge lines at Hong Kong polling stations for local elections after months of #HongKongProtests. All sides are urgin…,1
Human Rights Watch says a palm-oil producer is polluting the environment and threatening the health of its workers…,1
Humanity Isn't Ready For The Next Global Virus Outbreak (Radio),1
"Hyperinflation or Stagnation, Which Is Worse? Ask Latin America.",1
"Hypothecation: Meaning, Risks, and Examples",1
I am a trend trader and stay with the trend or sit on the sidelines until a clear trend change would/does develop.,1
I can't imagine why this artwork was shadow banned .... who did this??,1
"I don’t blame them for refusing to cook a Wagyu steak well done. In fact, I applaud that. If you don’t like it then…",1
I gave up my smartphone for a week and lived with a phone that only places calls — and I hated it.…,1
i love it when fertility clinic's decorate ...... and it's not even Thanks Giving ..... i.e. premature,1
"I See A Window For Fast Money Trading On The Long Side Today, Here's The Plan. #trading #economy #stockmarket",1
I was not pleased with the way that Navy Seal Eddie Gallagher’s trial was handled by the Navy. He was treated very…,1
Iberchem Group verzeichnet Rekordjahr mit Übernahme von zwei Aromenfirmen und Umsatzwachstum von 19%,1
"If you hit the $237 million Powerball jackpot, this is your tax bill.",1
"If you win the $285 million Mega Millions jackpot, here's what to do first to protect your windfall",1
"If your household has $250,000, you’re in the top 5%.",1
"If your iPhone updated to the latest iOS, you now have the option of gender-neutral emojis ⚧️",1
"If you're flush with cash, here's where you should (and shouldn't) live.",1
"If you're worried, instead of ringing the doomsday bells, start getting ready",1
Il Governo etiope e il gruppo Alibaba siglano accordi per la creazione di un polo eWTP in Etiopia,1
Illegal Tender podcast: What it was like to befriend convicted socialite scammer Anna Delvey,1
Illicit Cannabis Supply Output Still Dominates In The US,1
Illinois’s Legalized Pot Sales Debut Beats All States Except One,1
Important note about this performance: Sean entered the contest late and didn't start trading until almost have th…,1
"In a world where air conditioning is intensifying global warming, how do we stay cool? The answer could be somethin…",1
"In Hong Kong, protesters have had to create a visual culture that 'emerges, spreads and vanishes rapidly'",1
"In one corner: a 32-year-old investment firm worth $221.8 billion. In the other, a 29-year-old pop star worth $360…",1
"In This ""Booming Economy"", 90% Of Americans Say Money Increases Stress Levels",1
"In this market, gaining 12.8% for the 12 months makes you the top stock-fund manager",1
"In this retail apocalypse, stores like need to meet customers with convenience.",1
Income inequality is affecting a younger generation of workers more than anyone else. So why are young people espec…,1
Income Lab Ideas: Distribution Cut - Don't Panic. Get more updates here: #trading #finance #economy,1
Income Tax Department Launches E-Calculator To Compare New And Old Regime,1
Increase Your Credit Score With This 1 Trick,1
Indonesia Eyes Empty Islands for Quarantine Hub Amid Virus Fears,1
Indonesia’s Jokowi Warns of Economic Calamity From Forest Fires,1
Indonesia's Jokowi Warns of Economic Calamity From Forest Fires,1
INNIO and HanseWerk AG Pool Their Technological Expertise for Innovative Hydrogen-Fueled Combined Heat and Power Pl…,1
Inside CannTrust: Whistleblower reveals new video of alleged illegal grow room by…,1
Insider Weekends: John Malone Purchases $75 Million Of Discovery. Get more updates here:,1
Instadollars: 10 Celebrities Who Earn The Most Money With Instagram,1
"Instead of Universal Basic Income, Try Universal Basic Stakeholding",1
Interactive Brokers : Offering Fractional Share Trading Broker broadening access to more e... #InteractiveBrokers…,1
"Invest in Art or Stocks? Keynes Has an Answer (Well, Sort Of)",1
Investors Become Richer By Rs 1.81 Lakh Crore As Stocks Zoom,1
Investors Get 2 New ESG ETFs for 2020,1
Investors look to emerging markets amid trade fight,1
"Investors often make poor, emotional decisions based on dips in their portfolio, @danariely says. Here is his advic…",1
Investors penalize companies for adding women to their boards,1
IRA Taxes in 2020: What You Need to Know,1
Iran joins Russia and China in joint naval exercises beginning Friday,1
Ireland Still Refuses to Answer the $14.5 Billion Tax Question,1
Is cable news keeping the average American out of the stock market? @JimCramer weighs in:,1
Is Market-Timing A Viable Investment Strategy?. Follow this and any other stock on Seeking Alpha!…,1
Is the global #economy showing signs of growth or catastrophe? SF Fed EVP & Director of Research Sylvain Leduc shar…,1
Is The Market Pricing Guess Appropriately?,1
"Is the plague making a comeback? Actually, it never went away",1
Is this Wuhan's new hospital,1
Israel Will Not Be Third Time Lucky,1
Israelis Hurt in Jerusalem Car Ramming Attack,1
Istanbul mulls Eurobond issue after banks balk at funding the city,1
"It often pays to shop around for auto insurance. Doing it might seem complicated, but it's easier than you think.",1
"It’s a big week for the U.S. consumer, and not just because of the annual retail extravaganza of Black Friday",1
"It’s official: ""Joker"" is the first $1 billion R-rated movie.",1
It’s T-Shirt Weather in Antarctica as Temperature Breaks Record,1
Italy is the first country in the world to introduce mandatory climate change lessons in schools. @JohnFollain re…,1
"It's a good time to buy property in London, says Christie's",1
"It's been a year of buzzkills for the legal cannabis industry. Here are this year's biggest offenders (and yes, Can…",1
It's Getting Harder to Make Money Flipping Houses,1
It's going to be tough for us white guys in America when they call #HunterBiden,1
It's important to have a mix of long-term and short-term investments. Knowing what to expect from each will help yo…,1
"It's not just 'orange man bad.' For Dems, 'white man bad,' too - American Thinker",1
"It's OK to Take Pens From the Office, But Not Pasta Salad",1
"It's okay Greg, your insurance will cover it.",1
It's rate decision day in Israel – here's what to expect,1
It's the most wonderful time of year for porch pirates — and @sarahhalzack has a plan for how to stop them…,1
"It's time for a 100% tax on billionaire estates, writes Oscar Mayer heir.",1
Ivory Coast police clash with protesters over coronavirus test centre #economy #MarketScreener…,1
Japan Finds 41 More Virus Cases on Cruise Ship,1
Japan’s Justice Minister Says No Need to Ban All Cruise Ships Due to Virus Fears,1
Jeff Bezos: $160 billion vs. $95.3B Bill Gates: $97B vs. $42B Warren Buffett: $88B vs. $35B,1
Jet industry's grand masters fight to a draw in Dubai #Stock #MarketScreener,1
JetBlue is trying to hold onto its quirky culture while succeeding at the balancing act all airlines face: keeping…,1
Jobless Americans to see extra payments as soon as this week,1
"JOBS, JOBS, JOBS!",1
John Solomon Drops 28 Uncomfortable Facts Crushing The 'Debunked Conspiracy Theory' Narrative,1
"John Stossel Exposes The ""Climate Myths""",1
JP Morgan has a bargain stock pick to play the holiday shopping season and a completed trade deal,1
"'Jumanji' Sequel With Dwayne Johnson, Kevin Hart Tops Box Office",1
Jumia: continental drift,1
Just because you missed the Tree Lighting doesn’t mean you can’t still come see it in person this holiday season,1
JUST IN: 2 people are in custody after authorities fired shots at an intruder vehicle outside Trump's Mar-a-Lago cl...,1
"JUST IN: New York City has its first confirmed case of coronavirus in the borough Queens, the New York Daily News r...",1
Just published: front page of the Financial Times international edition Saturday November 23,1
JUST RELEASED: Our newest #EconFocus looks at our fear of #recession. Could our expectations about the economy be s...,1
Justices seem to favor insurers' Obamacare claims for $12B,1
Kardashian Socialite to Help Saudis Seal Newcastle United Deal,1
"Karvy Case: SAT Asks SEBI To Hear Axis Bank’s Plea, Pass Order Within 15 Days",1
Key events next week - healthcare,1
Key Supplier Negotiation Strategies for Successful Procurement| Request a FREE Demo from SpendEdge for More Insights,1
"Kobe Bryant could have become better at investing, says 76ers' Michael Rubin",1
Korian s’associe à Omedys pour développer le premier réseau de téléconsultation de proximité à l’échelle nationale,1
Kylie Jenner Is Keeping Up With the Billionaires,1
Kylie Jenner Just Got Even Richer,1
L.A.’s First Step in Housing the Homeless Is Counting Them,1
"LA Auto Show: 'It's an SUV world, we just live in it': SUVs (and even cars) are now spawning ever more SUVs",1
Lachlan Murdoch buys mansion for record $150M,1
Last week our Community Investment Council toured #Greensboro to look at how communities better prepare students fo…,1
"Last week, we hosted the 7th IMF Statistical Forum on Measuring the Informal Economy. Watch the events and read the…",1
Latest Bridge Collapse Shows Italy Can’t Get a Grip on Its Roads,1
"Leaders from BaubleBar, b8ta, and Leap share what they’ve learned about the move from digital commerce to storefron…",1
Leaked Chinese documents show how mass surveillance system flags Uighurs for detention camps,1
"Leave with this --&gt; It is only failure if you stay down after the fall. Get back up, dust yourself off and start anew.",1
Leaving Walmart after paying off several layaway balances. Thanks to all of my children for pitching as well. You m…,1
"Less is more, don't let yourself get chopped in this whipsaw.",1
Let’s Not Disclose The $1 Million In Switzerland . . . And Go To Jail For 3 Years,1
Life on a Cruise Ship Struck by the Coronavirus,1
Like our Premarket posts? Come check us out at No bullshit live breaking news and rumors w…,1
LISTEN NOW: A former Boeing employee speaks out on 737 Max safety concerns — this story and more on the Squawk Pod…,1
"LISTEN NOW: Merger Monday, Bloomberg’s 2020 presidential run and holiday travel congestion — these stories and more…",1
"LISTEN NOW: The holiday week begins with some $60 billion in formally announced M&A involving LVMH, Charles Schwab,…",1
"LISTEN NOW: Uber revealed disturbing new data on sexual assaults, a blowout jobs report, and gaming's big future wi…",1
"Listen to our latest #RegionalView, where Regional Economist Alex Marre discusses economic conditions at a conferen…",1
Listen to today's Yahoo Finance Daily presented by @VerizonBusiness:,1
"LIVE NOW: Ming Tsai (@mingtsai), chef and restaurant owner, joins Yahoo Finance. Watch on",1
Living near main road ‘could raise lung cancer risk by 10 per cent’,1
LL COOL J's wife turns cancer battle into charitable business,1
London stalling...,1
London Stock Exchange : Audited Results for the Year Ending 31 August 2019 #LondonStockExchange #Stock...,1
London Stock Exchange : PMPs in Hawaii can now take on termites with Altriset from Syngenta #LondonStockExchange...,1
London Stock Exchange : Public policy and social science cross disciplinary divide #LondonStockExchange #Stock...,1
London Underground Faces Bakerloo Line Strike This Month,1
London Underground Faces February Bakerloo Line Strike Action,1
"Londong calling: The property arm of the world's largest auction house, Christie's, says buy in London as a rebound…",1
"LOOK: A landslide in the Italian village of Comune Pieve di Teco left 22 families cut off on Saturday. Debris, dam…",1
"LOOK: Anti-government protesters burn tires to block roads in Basra, as demonstrations against poor services and sh…",1
LOOK: Hong Kong officials count votes in the city's 1st district council elections since the #HongKongProtests bega…,1
"Looking for a new gig in 2020? Of the top 100 best places to work, 31 are tech companies, but the top 5 will surpr…",1
Looking For Last-Minute Tax Loss Harvesting Ideas? Here’s One.,1
LTI Utökar Strategiskt Partnerskap med OKQ8 Scandinavia,1
Lucille Brobbey: Black women should be able to walk into the office with pride and wear their afro or braids withou…,1
Luke Edward Hall's thoughtful presents for interiors lovers,1
"Macro Review/Preview, free this weekend, out in a bit, enjoy our time with family this weekend everyone!",1
Maduro abraza el capitalismo y los emigrantes regresan al pas,1
Maduro Embraces Capitalism and Venezuelan Emigres Are Returning,1
"Make $125,000 in 2019? Here's How Much Income Tax You Could Pay.",1
"Make the Most of Your Retirement with These Top-Ranked Mutual Funds - February 07, 2020",1
Malaysia Plans to Vaccinate Overseas Visitors to Combat Polio,1
Malaysia will return 42 containers of illegal plastic waste to the U.K.,1
"Many workers don't have access to retirement savings programs. Now, efforts on both a national and state level aim...",1
"Market direction is not a real concern for VWAP algorithms, the goal is to participate in volume proportionately th…",1
"Market Morning: Chinese Army in Hong Kong, Boeing Walks Back Comments, Kraft Heinz Cheese Problems",1
"Market Morning: Solar Breakthrough, Hong Kong Bill, Alibaba Win, Pimco Sees Deal By Christmas",1
Marriott’s Mission: Make W Hotels Cool Again,1
Mary Kay pokračuje ve svém závazku pomáhat ženám i na fóru iniciativy Global Compact OSN pro rovnoprávnost pohlaví,1
Masayoshi Son's Bankers Are Worried About Their Favorite Client,1
Matt Miller's Scouting Notebook: NFL Scouts Pick Top 2020 Free-Agency Signings - Bleacher Report,1
Maybe not so pretty? @Sarge986 takes a look at @RealMoney #StockoftheDay,1
"Measles epidemic sweeping through Samoa continues to worsen with the death toll rising to 25, all but one of them y…",1
Medical Marijuana Investors: The Floodgates Are Open,1
"Meet @EelectricMiguel, an electric eel powering the lights on a Christmas Tree at the @TNAquarium 🎄",1
"Meet Adrenaline, the first female hero in the 60-year history of Asterix comics. She made her first appearance in…",1
"Meet MGO/ELLO's 'Cannabis 50' Honorees, From Jim Belushi To Flow Kana",1
Mega-Landlord Deal in Germany Faces Mounting Investor Resistance,1
Mercury General : Insurance Urges Americans to Take Extra Precautions to Secure Home Netwo... #MercuryGeneral…,1
"Merger Arbitrage Analysis And Spread Performance - April 5, 2020. #business #investing #trading",1
"Merger Arbitrage Analysis And Spread Performance - November 24, 2019. Read more and sign up for updates:…",1
Merger Arbitrage Mondays - Novartis Confirms Acquisition Of The Medicines Company. Get more info on Seeking Alpha:…,1
"Merriam-Webster announced ""they"" as its Word of the Year. Searches for the term increased by 313% in 2019",1
Mexico Removes the Actual Jet From Its Presidential Jet Raffle,1
Might have to do one of these.... 🤔,1
Mike Piazza explains what separates Warren Buffett from other investors,1
Millennials are saving more and their money habits are improving,1
"Millennials 'are seeing their health decline faster' than Gen X, worrying experts",1
Millennials are spending their money differently than any other generation — and it's changing America's economy.,1
Mini-bond victims confront FCA chief Andrew Bailey,1
Missouri American Water Wins Third Place in St. Louis Green Business Challenge,1
Mixed bag for volatility as you would expect.,1
Mnuchin says he is monitoring how the coronavirus spreads and its potential to harm U.S. economy,1
Mnuchin: Based on current coronavirus info don't expect any problems with China fulfilling phase one,1
Mnuchin: U.S. will have greater clarity on coronavirus impact in 2 weeks,1
Modern Monetary Theory: It's an unconventional economic theory made popular by progressive politicians Alexandria O…,1
Modi Government ‘Strangulating’ Kerala By Denying Funds: Thomas Isaac,1
"Modi Government Needs To Shed British-Style Bureaucracy And Move Faster, Says Gopichand Hinduja",1
Money-Supply Growth Accelerates To 28-Month High. Get more info on Seeking Alpha: #markets #finance #stocks,1
More later.,1
More New York Businesses Using State Law to Avoid SALT Tax Cap -- Update #economy #MarketScreener…,1
"More than 200,000 background checks for gun purchases were initiated on Black Friday, making it the second-highest…",1
"More than half of Generation Z is already saving for a home, according to Bank of America's 2019 Fall Homebuyer Ins…",1
"Morgan Stanley says forecasting just the next two months, let alone 2020, is hard right now",1
Most Americans Think They Won't Need Social Security. They're Wrong.,1
"MSCI arms all investors with ESG ratings of 2,800 top firms",1
Much of the electricity that will be used to recharge electric vehicles in the future will come from natural gas be…,1
'Much worse than the incident itself is the fact that the company I thought was going to protect me then betrayed m…,1
"'Music is life, music is everything to me.â€ Rapper @fatjoe gets candid in his conversation with @jonfortt about sne...",1
N.J. Screens 27 Passengers on Curise Ship for Virus; Risk ‘Remains Low’,1
"Nasdaq CEO @adenatfriedman thrives under pressure: ""Every time ... where someone’s taken a leap of faith and said,…",1
Nasdaq CEO: Companies going public need a 'path to profitability' by @MaxZahn_,1
National Grid : Agreement reached with the State of New York #NationalGrid #Stock #MarketScreener…,1
Navarro says he's qualified to disagree with Fauci on coronavirus medication: 'I'm a social scientist',1
Navy says White House won’t intervene in SEAL’s disciplinary hearing,1
Navy Secretary Fired Over SEAL Controversy,1
Navy Swaps Submarine for Destroyer in 2021 Budget Request Shift,1
NBA legend Magic Johnson: LeBron James is the favorite to win MVP by @BrianSozzi,1
Nearly half of millennials withdraw from their 401K: Survey,1
"Nearly half the supply of hydroxychloroquine to the U.S. comes from makers in India, which has banned exports of al…",1
"Need an update on this week's #OPEC meetings? Tamar Essner, Senior Energy Director, weighed in on @BloombergTV:…",1
Negative Interest Rates And The Perpetuity Paradox. Follow this and any other stock on Seeking Alpha!…,1
"Nepal has arrested the brother-in-law of a woman who died after she was banished to a cow shed during her period, t…",1
"Networks, once criticized for giving Trump free airtime, are cutting back because his rallies don't draw the same a…",1
"New for subscribers: These stocks are 'good companies at better prices,' Morgan Stanley says…",1
"NEW Global Electrification Platform, a one-stop-shop for: ✅ public #data ✅ modeling tools ✅ Open Source, multifun…",1
"New Jersey closes most public parks, extends stay-at-home order as deaths surge",1
New Jersey more than doubles offshore wind commitment,1
New Leak Shows Operating Manuals For 'Re-education Camps' For Chinese Muslims In Xinjiang Region,1
New Liberty Street Economics analysis takes a look at who is bearing the burden of high tariffs on Chinese goods.,1
New NYC coffee chain aims to undercut Starbucks with China-inspired model by @readDanwrite…,1
NEW on the Yahoo Finance iOS app: We now support Dark Mode for all users on iOS 13!,1
New OPCW Leak Further Vindicates Skeptics Of Establishment Syria Narrative,1
"New Products, More Stores Won't Fix Pot's Woes: Cannabis Weekly",1
"New research suggests banks should think twice before they shut down their next bank branch: Many customers, especi…",1
New Schizophrenia Study May Usher in Game-Changing Standard of Care,1
"New York City will have enough N95 masks for the week but still faces other coronavirus shortages, Mayor says",1
NEW YORK POST EDITORIAL. “Worse Than Pointless. All those hours of televised testimony plainly failed on their anno…,1
New York's new virus cases fall for third straight day,1
New Zealand Volcano Victims Identified as Search Continues,1
"New, old drugs may offer fresh ways to fight heart disease",1
News Highlights : Top Company News of the Day #NewsHighlights #economy #MarketScreener,1
News Highlights : Top Financial Services News of the Day #NewsHighlights #economy #MarketScreener…,1
"News On The Move: 11 dead after winter storm, 2 hackers found guilty over illegal streaming, House to vote on spending deal",1
Next week.,1
"NFL back in political crosshairs with Kaepernick tryout, potential Trump Super Bowl ad by…",1
Niger Jihadist Raid Shows Speed of Islamic State Expansion,1
NIH Director weighs in on coronavirus,1
No Chinese allowed': Racism and fear are now spreading along with the coronavirus,1
"No, you're not watching an episode of Black Mirror. @MIT's mini cheetah robots can run, jump, trot, back-flip and…",1
Nooruddin Fidai | Creating magic out of moving averages - Moneycontrol.com,1
Nord Stream 2 Is “Past The Point Of No Return”,1
North Korea threatens to resume calling Trump a ‘dotard’,1
"Not a whisper, but a smash? Here's what the road to $500 a share looks for @ElonMusk's @Tesla",1
Not Referred Telecom Tariffs Floor Price Issue To TRAI: DoT Source,1
"Not so fast, Drake...",1
Not The Onion - Ivy League Students Push To Abolish Prisons,1
"Nothing on standing repo facility. Somewhere, Pozsar is screaming",1
Notorious RBG Talks of Barmaids as She Accepts Berggruen Prize,1
"November 22, 2019 States, the Supreme Court & Sales Taxes: How to Prepare for 2020 Annual ... #ChannelAdvisor…",1
Now available: Weekly data on the Assets and Liabilities of Commercial Banks in the United States: #FedData,1
Now's the time to be bold.,1
Nutritional Outlook® Announces Winners of 2019 Best of the Industry Awards,1
NYC HAS FIRST CORONAVIRUS CASE IN QUEENS: NY DAILY NEWS,1
"NYC HEALTH SPOKESMAN: NO CONFIRMED, SUSPECTED CORONAVIRUS CASES",1
NYSE says industry will review circuit-breakers after vertiginous drops - FT,1
NYSE’s proposal to allow for fundraising in direct listings rejected by SEC,1
Officer Fired For Body Slamming Student,1
"Older Workers Are Being Pushed Out of Their Jobs, and It's a Problem",1
"On higher volatility days, I do put the TV on, on mute, and just check on the middle red box. That tells me all tha...",1
"On this day in 1893 the trademark ""Coca-Cola"" was registered in the United States Patent Office.",1
"One billion surveillance cameras will be watching around the world in 2021, a new study says",1
One of the Best Hedge Fund Managers of 2019?,1
One tariff man alone—even the U.S. president—can only do so much,1
One Thing’s for Sure About Iowa—New Hampshire Is Next,1
Onetime Billionaire Says He’s Now Worth Nothing,1
Onetime Billionaire Says He’s Now Worth Nothing,1
Onetime Billionaire Says He's Now Worth Nothing,1
Only 66% of Baby Boomers Think They'll Have Enough Money in Retirement,1
Only one major cryptocurrency has outperformed industry bellwether Bitcoin this year—and it's one you might not exp…,1
Openview hoping to up fund size again in rapid return to capital raising,1
"Opinion: In past cycles, a decline in unemployment below its natural rate has been a signal that wage pressures are…",1
Opinion: The explosion of a volcano in New Zealand on Monday once again raised the question of whether eruptions ca…,1
Our @Nasdaq employees this week have set out to create global impact by making meals to go and hygiene kits for the…,1
Over 70 and Still Working? Here Are 3 Important Things to Know,1
"Over a year since releasing its first augmented reality headset to developers, Magic Leap is wooing companies with…",1
Pablo Escobar's brother is selling foldable phones:,1
Patient Engagement Solutions Market To Reach USD 30.36 Billion By 2026 | Reports And Data,1
Paul Volcker's message for the next generation,1
Paul Wolfowitz's NYT Op-Ed: Blatherings Of A Sanctimonious Sicko,1
Paulson drops opposition to Callon-Carrizo merger,1
Paving The Way For The Last Hurrah. Read more and sign up for updates: #economy #investing #stockmarket,1
Paying off debt versus investing the money is a common problem for U.S. households. Here's how to handle it.,1
"Payments in high-value deals not a bribe, Mahathir says about AirAsia probe",1
"Payments in high-value deals not a bribe, says Mahathir when asked about AirAsia probe",1
"Pence dismisses idea of U.S. buying Nokia, Ericsson to challenge Huawei",1
"Penn Station Stinks, But the Neighborhood Is Looking Up",1
Pensacola Navy Base Shooter Identified As Saudi National,1
Pensacola shooting suspect was a Saudi national in the U.S. for flight training: ABC,1
Pentagon asks for Navy Secretary Richard Spencer to resign after controversy over Navy Seal case,1
Pentagon chief asks for Navy Secretary Richard Spencer to resign after controversy over Navy SEAL case,1
Pentagon chief fires Navy secretary over SEAL controversy,1
Pentagon issues guidance to troops abroad as coronavirus outbreak spreads,1
People Trying To Store Essentials; Potato Sold At Rs 80 A Kilogram In Guwahati,1
Philippine nickel miners and Chinese battery makers are exploring a potential collaboration ahead of Indonesia’s ba…,1
Pioneers of Value Investing Are Trying to See If It’s Dead,1
"Planes will be packed this holiday season, as the grounding of Boeing’s 737 Max continues.",1
Plans for new global football competitions branded ‘insane’,1
Platts: 5 Commodity Charts To Watch This Week,1
Politics And The Markets 11/25/19. Read more: #business #markets #economy,1
Pope Francis demanded world leaders renounce atomic weapons and the Cold War-era doctrine of deterrence during his…,1
Pope Francis Isn't Infallible on Economics,1
Porch pirates swipe packages from a third of holiday shoppers by @denitsa_tsekova,1
"Power Rankings: Retail roller coaster, crypto crash course & mock milk — top moments from the week",1
Predata does amazing things!,1
Preferred stocks offer investors an alternative to bonds #investinyou (In partnership with @acorns.),1
Prepare for the day ahead with WSB,1
PRESENTANDO UNA REVOLUCIÓN EN BLANQUEAMINETO DENTAL: LA PASTA DENTAL COLGATE® OPTIC WHITE® RENEWAL,1
Presenteeism – the practice of being at work but not really all there due to feeling unwell or distracted – among i…,1
"'Priceless' Jewelry, Artifacts Stolen From German Museum",1
Priest tells Christians to practice social distancing as Easter approaches,1
"Prince Gets His $2 Trillion Aramco, But Victory Comes at a Cost",1
Private equity: the bottom line benefits from gender diversity,1
"Priya Ramani’s Allegations Of Sexual Misconduct Figment Of Her Imagination, MJ Akbar Tells Court",1
Priyanka Chopra Jonas y Crocs Donarán 50 000 Pares de Calzado Clásico a UNICEF,1
Prohibition Ended Today 86 Years Ago,1
Property Portfolio: Finding Safety in U.K.'s Six Biggest Cities,1
Putin Orders Payments for WWII Veterans in Russia and Baltics,1
Q: How does the virus affect your Fed outlook? Goldman : It slightly increases the downside risk to our call that...,1
"Q: What is the significance of Nasdaq market makers? A: Jay Heller, Nasdaq VP and Head of Capital Markets, explai…",1
Qatar’s $320 Billion Wealth Fund Seeks to Catch Up on Technology,1
"Quarantined Hong Kong Ship Passengers Turn to Mahjong, Buffets",1
Quarterly Service Report,1
Queen Cancels Prince Andrew's 60th Birthday For Being Besties With Dead Pedophile,1
QuickTake: Malawi's 'Historic' Ruling,1
"Rabobank: ""The Key Reason We Are In This Mess Is Due To Volcker""",1
Racing on Ice,1
Raid on Egypt’s last independent news website causes chill,1
Ratings have been sagging.,1
Ray Dalio fires back over hedge fund's reported $1.5B bet via @FoxBusiness,1
Ray Dalio is now mentoring Sean Combs,1
Ray Dalio isn’t disputing the investment that WSJ reported. But... he is definitely taking issue with the WSJ headl…,1
"RBI Has Not Put Banks On Alert, Says Governor Shaktikanta Das",1
Read here for instant analysis of the Federal Reserve's interest rate decision and Chairman Powell's press conferen…,1
"Real Christmas trees may cost 12x the national monthly minimum wage, but Venezuelans are buying them in droves",1
Recap of the week’s #market activity,1
"Recession: Now you see it, now you don’t - Daily Maverick",1
Recommending life insurance doesn’t have to be complicated by conflicts of interest. Here’s how financial advisors…,1
Record PE deal numbers in 2019 fail to hide global deal value drop,1
Recordjaar voor de Iberchem-groep met voltooiing van de overname van twee smaakstoffenfabrikanten en 19% omzetgroei,1
"Reducing bank complexity was a policy priority following the financial crisis. In new work, Goldberg and Meehl docu...",1
Remember... 20k by end of week and 25k by end of month. FREE TRIAL OPEN TODAY AND TOMORROW HIT LIN…,1
Remembering JFK's Vision For The Future That Should Have Been,1
Report flags 'cracks' at Brazil Vale dam,1
Report identifies Ireland's most expensive street - BreakingNews.ie,1
Research by the American Bar Association reveals that women now represent just over 22% of all partners and 19% of…,1
"Researchers at internet nonprofit Mozilla have released its third-annual ""Privacy Not Included"" list of popular int…",1
Researchers Defend Finding of Symptom-Free Coronavirus Spread,1
"Responses to Elon Musk's new song include: ""maybe stick to rockets.""",1
Resumen: Desktop Metal lanza el primer sistema de inyección de aglomerante de metal del mundo diseñado para talleres mecánicos,1
Retail Still Front And Center As Holiday Week Kicks Off,1
Retirement Advisor: Harbor Crest's Mike Hennessy On Purposeful Planning (Podcast). Continue reading:…,1
Riassunto: Kioxia sviluppa la nuova struttura semicircolare 3D per celle di memoria flash “Twin BiCS FLASH”,1
"Riassunto: Le giapponesi NEDO e Panasonic raggiungono il più alto rendimento di conversione al mondo, pari al 16,09%, per il modulo a celle solari perovskitiche dalla superficie più estesa",1
Riassunto: Priyanka Chopra Jonas e Crocs doneranno 50.000 paia di zoccoli classici all’UNICEF,1
Robert Shrimsley scours the archives to find a proud history of royal TV humiliation,1
"Roger Federer has worked with several brands over the years including Nike, Rolex and Moet — now he’s teaming up wi…",1
RPT-South Africa blocks arms sales to Saudi and UAE in inspection row,1
RT to agree: #Indigenous peoples and communities play a key role in protecting and maintaining the planet’s…,1
Russia has built an enormous pipeline running from Siberia to the Chinese border to feed China’s insatiable energy…,1
"Russia pours cold water on U.S. and European plans for swift reconciliation between Serbia and Kosovo, with Moscow’…",1
Russia was banned from hosting Olympic and World Cup events for the next 4 years over its doping scandal,1
Samenvatting: Desktop Metal lanceert ‘s werelds eerste metaalbinderspuitsysteem dat is ontworpen voor machinewerkplaatsen,1
Samenvatting: Transphorm’s GaN gebruikt de nieuwste Power Supplies van AES voor grote passagiersvliegtuigen,1
Samoan families are hanging red flags outside their homes to request urgent measles vaccinations. The outbreak has…,1
Santa Monica hotel built without permits can remain open,1
Sardines vs. Salvini: Italians packing the piazzas in protest against far-right politics,1
Satellites Are Helping the Municipal-Bond Market Assess Climate Risk,1
"Saudi Arabia arrests writers in fresh crackdown, says rights group",1
Saudi Arabia to Block Return of Expats Who Travel to China,1
"Saudi Arabia’s embryonic efforts to turn the kingdom into a magnet for holidaymakers attracted 50,000 visitors sinc…",1
Schitt's Creek Pop-Up Shop,1
Scientists and citizens around the world are planting trees in an effort to regrow forests 🌴,1
Scientists in Sweden have created a liquid that can absorb solar energy and store it as a thermal fuel for as long…,1
Sea level rise will flood the homes of around 300 million people by 2050,1
"Seafood restaurant The Sea, The Sea shows how great food can come from the simplest of kitchens",1
Secret documents reveal how China mass detention camps work,1
See the latest #broker #ratings changes …,1
"Seeing tilt to value in U.S., says Gabelli Funds Co-CIO Chris Marangi",1
Sell Your Bonds! Buy Net Lease REITs Instead. Continue reading: #trading #markets #business,1
Sentiment Speaks: The Death Of Hedge Funds At A Time We Will Need Them Most. Read more and get updates on any stock…,1
"Seriously, take a look at this whale of a plane.",1
"Severe Thunderstorms, Snowstorms To Begin Messy Weather Week Across US",1
"Shanghai has a long way to go before it can claim to be a global financial centre, says European business group",1
"She wore black turtlenecks, charmed investors and became a self-made billionaire – but she was also a fraud. Gillia…",1
Shepard Smith made his first public appearance after he abruptly left Fox News last month to speak about press free…,1
Short seller David Einhorn continued his spat with Elon Musk’s Tesla saying he was “beginning to wonder whether you…,1
Short-Sellers Are Winning Their Bet Against the Royal Mail,1
Shots Fired At Mar-a-Lago,1
Should I Use a Pay Card?,1
Should investors be fearful of Elizabeth Warren? - The Irish Times,1
"SIGN UP for In Review, a monthly email that highlights the latest work from the New York Fed. Each edition will inc…",1
"Since sports betting became legal in the US, the gaming industry has been on the hunt for American consumers. Tony...",1
Singapore Frees Listed Local Developers From Home-Sale Rule,1
"Singapore Raises Response Level for Virus, Now on Par with SARS",1
"Singapore Raises Virus Response Level, Now on Par With SARS",1
Snowstorm Returning To The Northwest This Weekend,1
So is 25x EBITDA the new baseline purchase multiple? Because what bubble,1
So you crashed your $3 million Bugatti. Now what?,1
Some 53% of children in low- and middle-income countries experience “learning poverty”—meaning they are unable to r…,1
"Some American homeowners are making a big retirement mistake, survey finds by @dsinghx",1
Some Japanese companies are enforcing a no glasses rule for women employees. Why? Read more on @business…,1
"Some sweet, some dry, all good value – Jancis Robinson’s white wine picks for the festive season",1
something monopoly something,1
Something to warm your frozen heart - had quite the weekend at the box office:,1
"Sorry, Seniors: 2020's Social Security Raise Is a Big Disappointment",1
South Africa President Objects to Airline Plan to Cut Routes,1
Space Weather Threatens Businesses,1
"Special #Holiday Offer: Save 33% on streaming #market commentary, #investing #trading #ideas…",1
SpendEdge Helped a Leading Steel Company to Minimize Inventory Costs by 40% – Request a Free Proposal to Know How,1
SPONSORED: Biometric technology may soon replace boarding passes,1
SPONSORED: How can science help address the dangers of crossing the street?,1
"Stakeholders won't live there, but will get a cut of the rent paid by the tenant who does",1
Stanford Grads Get School’s Backing for Blockchain Startup,1
'Star Wars' director J.J. Abrams on how a 'Rise of Skywalker' script ended up on eBay,1
Startup Stories: The Making Of An Indian Superhero,1
"Startup Street: Learn To Code For Free, Pay Only If You Get A Job",1
State Department Warns CBD Consumers Not To Fly Internationally With Oils,1
"Steps Being Taken To Ensure Timely Completion Of Rs 5.72-Lakh Crore Highway Projects, Says Nitin Gadkari",1
Steve Lacy makes his charisma and idiosyncratic talent felt in London,1
Steven Cohen's Top 5 Buys in the 3rd Quarter,1
Steven Schonfeld is a hoodie-wearing billionaire with a unique hedge fund strategy. His firm returned an annual a…,1
Stock Exchange: Losing Money On A Good Trade - Seeking Alpha,1
Stocks Are a Victim of Their Own Success,1
"Stop asking ""how are you?"" Harvard researchers say this is how successful people make small talk. (via @CNBCMakeIt)",1
Story: Ugandan start-ups part of the solution during COVID-19 #economy #MarketScreener,1
Strong Quake Sends People Out of Malls in South Philippines,1
Student Loan Forgiveness For All? 5 Important Questions,1
Student loan reform group sues Education Secretary Betsy DeVos and CFPB Director Kathy Kraninger…,1
Students who stormed the field at a Harvard-Yale football game last month to protest the use of fossil fuels have n…,1
"Subject of the 'Serial' podcast, Adnan Syed, will not get a new trial",1
Subscriptions build revenue for companies but sap customers' wallets,1
Surveillance: David Herro on Credit Suisse (Podcast),1
"Surviving The Late Cycle, But Still Earning Something. Subscribe to Seeking Alpha for more:",1
Suze Orman keeps exactly $170 in her wallet—here's why. #investinyou (In partnership with @acorns.),1
Swedish Bamboo Toothbrush Shows Allure of Sustainable Investing,1
Swedish man extradited to the US on $11m crypto fraud charges,1
Swedish prosecutor drops investigation into Julian Assange rape allegation: WSJ,1
Swedish prosecutor has dropped Julian Assange rape probe: reports,1
Swing trade ideas for this short week - Happy Trading Week Everyone 📈👍,1
"Swiss Currency, Javid’s Ambitions, China Cuts Tariffs: Eco Day",1
Switzerland Plans to Send Its Old Fighter Jets Back to the U.S.,1
Sydney Declares Public Health Emergency,1
Sydney's Wildfire Smoke Declared a 'Public Health Emergency',1
Sylvia. Dalila. Aminata. Aurelia. Julie. French activists are plastering the names of women allegedly killed by cu…,1
Taiwan Blasts WHO for Saying It’s Part of China in Virus Report,1
Taiwan detains executives over China spying claims,1
Taiwan says it will help Hong Kong if violence continues,1
"Take ""Bloomberg not covering Bloomberg"" and now extend to the fact that 6 corporations own 90% of US media outlets,…",1
Take a look inside the factory where robots work 24/7 to make the glass on your iPhone.,1
Take Five: China's virus paralysis,1
"Takeda demonstra ímpeto nos negócios, sinergias de integração acelerada e eleva as orientações para o ano de 2019, incluindo lucro operacional positivo",1
Talk to work-from-home staff a lot to discourage disengagement via @BW,1
Tata Steel : Bhubaneswar Half Marathon steps up to its 5th edition #TataSteel #Stock #MarketScreener…,1
Taylor Swift dispute highlights music perils for private equity,1
Teen used ‘ghost gun’ in California high school shooting,1
Teeny tiny martinis are taking over,1
Ten Entertainment : MEMA Congratulates House and USTR for Reaching USMCA Deal #TenEntertainment #Stock…,1
Ten Entertainment : Treasury Sanctions Individuals for Roles in Atrocities and Other Abuses #TenEntertainment…,1
Ten U.S. refineries emitted excessive cancer-causing benzene in 2019 -report,1
"Tender and full of flavour, the guinea fowl in this recipe is the stuff of dreams",1
"Tennis legend @rogerfederer’s financial advice for athletes? Be conservative. “I dream big, but yet we play it safe…",1
Terms of Trade: Let the trade winds of clarity blow (via @sdonnan),1
Terms of Trade: Let the trade winds of clarity blow,1
Terrible call against Cowboys bails out Patriots...never fails In NE,1
Terror Strike Averted With Arrest Of Three With Improvised Explosive Devices In Assam: Delhi Police,1
Thai Minister Sorry For Saying Tourists Not Wearing Masks Should Be “Kicked Out”,1
Thanks for the Dance is a chance to hear Leonard Cohen’s voice once more,1
Thanks to @WmMorrowBooks for making my book today’s special!,1
"Thanksgiving in its early form carried much of the moral savour of the Protestant calendar, which replaced saints d…",1
That’s all folks,1
"That's 42,000 BBG terminals for 1 year",1
"That's a wrap folks. Friday, last week of Jan and the month are in the can.",1
The £3bn hole in the Tory manifesto,1
The 1 Financial Product That Could Spell the Difference Between Retirement Readiness or Not,1
The 10 Most Surprising Health Complications From the Flu,1
The 10 Top-Selling Marijuana States in 2019,1
The 15 cities with the most billionaires,1
The 19 Dishes You Should Have Eaten in 2019,1
"The 1960s sexual revolution may have played a role in the cancer's rise, a researcher said.",1
"The 1960s sexual revolution may have played a role in the cancer's rise, a researcher said.",1
The 2 Things You Have to Do to Retire by 50,1
The 3 Biggest Risks of Taking Out a Personal Loan,1
The 3rd HK Store of “A Happy Pancake” Finally Opens!!,1
The 5 Best States to Retire in 2020,1
"The 8 steps I took to make my first million, according to a millennial millionaire.",1
"The author of this opinion piece retired at age 44, so you should probably listen to him.",1
"The author of this opinion piece retired at age 44, so you should probably listen to him.",1
"The auto industry may have been lulled into a “false sense of security” when it comes to tariffs, warns one analyst",1
The best and worst airlines and airports of 2019,1
The Best Books of 2019,1
The best business books we read in 2019,1
The Best CEFs To Buy For 10% Yields In 2020,1
The Best Cities for Frequent Flyers – 2019 Edition,1
The Best Company to Work for in Every State,1
"The Best Printer & Shredder Black Friday 2019 Deals: HP, Canon Laser, 3D, Color & Wireless Printer Sales Listed by Deal Tomato",1
The Best-Managed Companies of 2019 -- and How -2- #economy #MarketScreener,1
The Best-Managed Companies of 2019 -- and How -2- #economy #MarketScreener,1
The Best-Performing CEFs YTD - November 2019. Get more info on Seeking Alpha: #markets #business #trading,1
The Biggest Threat to Space Commerce Is the Sun,1
"The billionaire candidate said employees at his news organization ""just have to learn to live with some things"" whe…",1
The billionaire who controls luxury-goods giant Richemont is considering selling stakes in two South African fiber…,1
"The buyer knows that bananas go bad in a week, right?",1
The Catch-22 in a $50 Billion 5G Airwaves Fight,1
The Center of the U.S. Economy Is in Rural Missouri,1
The Climate-Obsessed Have a New Favorite Website,1
The collapse of a highway viaduct in northwestern Italy has underscored the country's failure to come to grips with…,1
The Credit-Ratings Business May Never Get Fixed,1
The Crypto Daily – Movers and Shakers -15/12/19,1
"The Daily Biotech Pulse: Assertio To Sell Opioid Pain Drug, Milestone Payment For Aduro, Myriad Genetics CEO Resigns",1
"The El Paso, Texas Walmart where 22 people were killed has finally reopened #ElPasoStrong",1
The equity rally that’s built on hopes for a growth rebound won’t last as the U.S. economy is heading for a “mild r…,1
The farewell is intentionally muted,1
The fate of these missing twin sisters may finally be revealed. The Disappearance of #TheMillbrookTwins premieres T…,1
The first big check @Pitbull ever received actually bounced. 😳 (via @CNBCMakeIt),1
"The first solar high-heat “oven” can reach up to 1,500 degrees Celsius.",1
"The FJ Cruiser was not as popular as it is now when it was first released. So, where's all the hype coming from, an…",1
The FRED Blog maps economic uncertainty around the globe—from seemingly rock-steady in Morocco and Mongolia to shak…,1
"The FRED Blog studies a housing puzzle: When interest rates are high, homebuyers tend to build their own homes; whe…",1
The Gifts Gen Z is looking for this Holiday Season,1
The Greatest Swindle In American History... And How They'll Try It Again Soon,1
The Growth of Private Debt markets,1
The holiday season will showcase the best and worst of the U.S. economy,1
The Hummingbird Project is a pretty good.,1
The Impending End Of A Mania,1
The IRS has raised the limits for how much you can put away in your retirement accounts in 2020. Here’s how much yo…,1
The Jitters Are Back: Everything Is Turning Down Again... Except Stocks,1
The key: focus on long-term capital gains and/or qualified dividends.,1
The Lasting Toll of a Deadly Virus,1
The latest online-induced panic shows how viral Facebook posts can stoke paranoia and make people believe that spot…,1
The legacy and lessons of Paul Volcker,1
"The longer you wait to save, the more it will cost you in the long run. Here’s how much you need to start saving ri…",1
The Malaysian state of Penang is winning from global investors’ search for safe havens amid the U.S.-China trade te…,1
The manager of some of the largest investment funds in Canada is favoring European and Asian stocks over North Amer…,1
"The mid-engine 2020 Chevrolet Corvette isn't even in full production yet, but it has already been named MotorTrend'…",1
The moment the windows get smashed on Tesla's new cybertruck,1
The Most Innovative Jobs In The U.S. Are Clustering In A Handful of Cities,1
The Most Popular Characters in ‘Sesame Street’s’ History,1
The mother of an Israeli woman imprisoned in Russia on drug-smuggling charges has asked Vladimir Putin to pardon her,1
The myth among New York's highest earners is that being in Florida for 183 days is enough to get you out of the cit…,1
The Nasdaq Could Be In Trouble Before 2019 Is Out. Read more and sign up for updates:,1
"The NBA is mulling big changes, including a mid-year tournament",1
The new normal: Cyber Monday is exciting deal-hungry shoppers more than Black Friday this holiday season.,1
"The New York Daily News, citing the Health Department, is now reporting there is no confirmed case of coronavirus i...",1
The next big trend in technology will be smart glasses we wear everywhere.,1
The No. 1 thing people with fat savings accounts scrimp on that you likely don't,1
The number of 401(k) millionaires is rising — but there’s a catch. Some baby boomers are taking big risks. - The Washington Post,1
The number of new coronavirus cases in Indonesia surges by more than 200 for second consecutive day,1
The owners of the New York Mets are in talks to sell up to an 80% stake of the Major League Baseball team to billio…,1
The Peak Oil Plateau Is Close. Get more updates here: #stockmarket #markets #stocks,1
"The people, not governments, should exercise digital sovereignty",1
The Places With China Travel Restrictions Due to Coronavirus Outbreak,1
The process of looking for a therapist is exhausting. Here's how the tech industry is trying to make the process ea…,1
The race is on to 3D-print fake-meat steaks via @BW,1
The reason why most traders fail is simple: Would you get into a formula 1 race car and expect to compete with the…,1
The Retiree's Dividend Portfolio - Jane's October Update: Taking Advantage Of Zero Cost Trading. Follow this and an…,1
The richest get half the pie... OPINION,1
The risk to one of Wall Street’s richest businesses,1
The rules governing the use of steel and aluminum in cars have emerged as the latest obstacle to completing a revis…,1
The Russian cybercriminal group “Evil Corp.” allegedly stole more than $100 million from banks using malicious soft…,1
The second mouse gets the cheese @JeffCooperLive,1
The second pension-related U.K. university strike in two years will affect more than a million students,1
The SECURE Act is meant to aid Americans' ability to save for #retirement. What about access to savings for financi…,1
"The smog in Sydney is forcing offices to evacuate, as it's rated 11x worse than the ""hazardous"" level.…",1
"The story today that we are sending 12,000 troops to Saudi Arabia is false or, to put it more accurately, Fake News!",1
The Strange Thing About Trump’s Anti-Semitism Order,1
"The Supreme Court rejected a new trial for Adnan Syed, whose case was made famous by the hit podcast ""Serial""…",1
The trajectory of mortgage rates will largely dictate whether the good times keep rolling for the housing market in…,1
The U.K. reports a decline in the number of coronavirus-related deaths for the second day in a row,1
The U.S. has crazy-low taxes and this is why (via @bopinion),1
The U.S. Is Firing Blanks Against a New Iranian Threat,1
The U.S. Navy sailor who fatally shot two people at Pearl Harbor before killing himself was unhappy with his comman…,1
The U.S. Trustee overseeing bankrupt mortgage servicer Ditech says one law firm overbilled for work on the case by…,1
The US economy just gave Trump leverage by @ScottSaloway,1
The warming climate is turning baby sea turtles into nearly all girls ♀️🐢 Sea turtle eggs that incubate in sand hi…,1
The way to have a difficult money conversation with a family member is to just start talking #investinyou (In partn…,1
"The Week Ahead In Biotech: Avadel, Epizyme In Focus In A Quiet Week",1
The Week Ahead: Original 'Star Wars' saga wraps this week,1
"The West is failing to meet China’s state-driven push for greater global influence, ex-U.S. trade chief says",1
"'The Wolf of Wall Street' photo, with the real Jordan Belfort, sells for $200,000",1
"'The World Athletics track and field governing body issued its new competition guidelines for shoe apparel, and the...",1
The World Has Gone Bananas,1
The world's 100 richest people gained more than half a trillion dollars this year,1
"The world's first commercial mobile phone cost $10,000 in today's money and weighed about half as much as a 13-inch…",1
The world's most-watched YouTube channel is from India. This is @TSeries,1
"The world's tallest atrium just opened in China. At 636 feet with four skybridges, it rises between the building's…",1
"The world's two richest people, Jeff Bezos and Bill Gates, could soon find themselves worth less than Bernard Arnau…",1
Themes driving sentiment toward the U.S. stock market this year: 1. the economy 2. the Federal Reserve 3. the U.…,1
"There are 4 main paths to becoming a millionaire—and this one is the easiest, says money expert. (via @CNBCMakeIt)",1
There are enough options in the world of all things alcoholic to find a gift to suit every sipper on your list.,1
"'There is more to Europe than the EU.' On #BrexitDay Louis de BerniÃ¨res, author of Captain Corelli's Mandolin, offe…",1
"'There is more to Europe than the EU.' On #BrexitDay Louis de BerniÃ¨res, author of Captain Corelli's Mandolin, offeâ€¦",1
There's a run on surgical masks despite no data' showing they prevent coronavirus by...,1
These 2020 cars and trucks are the most likely to hold their value on the used market,1
These 5 rules helped make this guy rich by 35.,1
These are the best business schools in Canada,1
These are the biggest challenges facing the global economy,1
These are the top 10 best places to retire.,1
These People Own the Most Land in America,1
"They're buying a list, they're checking it twice..",1
Thieves made off with jewelry and artifacts worth a reported $1.1 billion after an early-morning burglary at a Germ…,1
Thieves steal 18th-century jewellery in Dresden museum heist,1
"Think BIG, then think BIGGER.",1
Think changing your password often will keep you safe? Think again. Bloomberg reporter @WilliamTurton explains som…,1
This #CNBCClassic comp reel from the 1990s features the late CNBC Anchor Mark Haines. Mark was part of CNBC for 22…,1
This 1 Common Thing Could Devastate Your Finances,1
This 10.3% Dividend Loves A Pullback,1
"This 24-year-old is earning $230,000 a year—here are the 3 steps he's taking to become a millionaire by 30. (via…",1
This 99-year-old woman is the world's oldest beauty adviser. Kikue Fukuhara is helping Japan’s billion-dollar beau…,1
This Biotech Deal Is a $10 Billion Leap of Faith,1
This cat walks around with bionic legs,1
This couple ditched making more than $200K working at hedge funds to go sail the high seas.,1
This floating robotic factory is using 3D printing to colonize space.,1
This former top Obama official says one silver bullet would raise $500 billion in personal-income tax,1
This immersive art installation simulates air pollution in major cities. Would you enter a Pollution Pod? #COP25,1
This is billionaire Jeff Bezos' daily routine and how it sets him up for success.,1
"This is the best answer I ever received to the question, ""Tell me about yourself."" (via @CNBCMakeIt)",1
This is the largest ever deal in the luxury sector,1
This is the left’s plan to slip vote-swaying news into your Facebook feed via @BW,1
This is the real story behind the Do Nothing Democrats!,1
This Is the Unhealthiest State in America,1
This is the world's first 3D-printed village,1
This Is the Worst Way to Afford the Holidays,1
This is what distracted driving looks like in LA and New York. New data shows drivers are distracted around 20% of…,1
This Is What It Takes to Be in the 1% Around the World,1
This is what it's like to run a 112-kilometer trail over South Korea's tallest mountain.,1
This is what purchasing managers are saying about the economic outlook around the world,1
"This is where ""America's Top Giver"" Warren Buffett donated $3.4 billion last year.",1
This Japanese hotel will give you a room for less than $1 per night if you agree to livestream your stay,1
This Japanese longevity expert lived to 105 and generally ate the same thing every day. (via @CNBCMakeIt),1
This lifelike iPhone skin will respond to your touch:,1
This Might Be A Short-Term Top (Technically Speaking For The Week Of November 18-22). Continue reading:…,1
This Pig Farmer Is The World’s Fastest-Rising Billionaire,1
This robot helps people with disabilities avoid loneliness and isolation by allowing them to experience the outside…,1
"This robot picks a pepper in 24 seconds using a tiny saw, and could help combat a farm labor shortage.…",1
This Search Engine Is Planting Trees Every Time You Browse,1
"This small autonomous boat can be 3D-printed in less than 3 days, and could be used to taxi people and deliver good…",1
This Underdog Could Soon Become The World’s Largest Oil Producer,1
This woman has been hunting for treasures and stories in London's River Thames for over 15 years. Here are the most…,1
This ZIP code is home to more millennial millionaires than any other:,1
Three breakfast reads,1
Three dead in shooting at Oklahoma Walmart: RPT,1
Three keys to avoiding new debt with a new baby #investinyou (In partnership with @acorns.),1
Three killed and several wounded in Walmart shooting in Oklahoma,1
Three Things You Should Check Before Buying KBC Ancora SCA (EBR:KBCA) For Its Dividend,1
Thriving in a trade war: Japan's Murata finds a way,1
"Tickets for Obama fundraiser in Silicon Valley cost up to $355,000 via @FoxBusiness",1
"Ticking Time Bomb: Is This Powell's ""Subprime Is Contained"" Moment?",1
"Tim Berners-Lee, the inventor of the world wide web, has warned of a ""digital dystopia"" if the world fails to tackl…",1
Time to reconsider?,1
"Tiru Coffee Launches with Black Friday Specials, Giving Everyone the Opportunity to Experience Coffee from its Original Source",1
To Roth or not to Roth? That is the question. @MadMoneyOnCNBC's @JimCramer breaks down your retirement savings opti…,1
"To save Venice after its latest flood, you can adopt a very specific piece of it",1
Today and tomorrow room is open for all! Click link to join into VIP.,1
"Today is #BrexitDay - so now what? Here are your most-Googled questions about Brexit, answered by @Jess_Shankleman",1
"Today, we launched a public platform to improve transparency in the market for green, social and sustainability bon…",1
"TODAY: Don’t miss our first Healthy Communities event, bringing together health, housing and community development…",1
TODAY: The U.K. is officially leaving the EU after 47 years in the bloc #BrexitDay,1
Today's Free Feature: Strategy Meeting Key Points: Bullish Close to 2019 But Risks Remain …,1
Tokyo's 2020 Olympic Stadium,1
Tokyo's Haneda airport is the fifth-busiest airport in the world. But it delivered more than 85% of its flights on…,1
Tom Brady is struggling — is it time for him to revisit that Wall Street gig?,1
"Tonight's business headlines: ▪ US markets close higher, but post weekly losses ▪ Tesla shares down after unveilin…",1
Top 5 credit cards for 2020,1
Top 5 Things to Know in the Market on Thursday,1
Top Executive Calls on Government to Help Hong Kong Hotels,1
Top Facebook VP launches charity to find a cure for her currently incurable cancer by…,1
"Top Google Pixel 3, 4, 4 XL Black Friday Deals 2019: All The Best Pixel Savings Rated by Consumer Walk",1
"Top Instant Pot Black Friday Deals 2019: Instant Pot Ultra, DUO & LUX Multi-Cooker Savings Rated by Consumer Articles",1
Top Momentum Set-ups for tomorrow; 1. What is swing trading? 2. The short-term edge ac…,1
Top Turkey Bankers Say They Were Fired on Regulators’ Orders,1
Top Turkish Bankers Say They Were Fired on Orders of Regulators,1
Total : Résultats du quatrième trimestre et de l’année 2019,1
Tracking Jeffrey Ubben's ValueAct Portfolio - Q3 2019 Update. Subscribe to Seeking Alpha for more:…,1
Trade Talk Euphoria Dominates But The Hong Kong Bill And Huawei Threaten To Upset The Apple Cart,1
"Trade update, Toll Brothers earnings, impeachment watch: 3 things to watch in the markets on Monday",1
Transportation is ‘broken’ — head of GM’s driverless car unit,1
Trump Campaign Aide Gates Gets Jail Time in Mueller Case,1
Trump's Bi-Lat Trade Strategy Failed With China Deal (Podcast),1
Trump's Bi-Lat Trade Strategy Leads To China Deal Fail (Radio),1
Tuesday's economic calendar,1
"Turn to the beaches of the Southeast, according to @CateyHill.",1
Turn Valentine’s Day Into a Romantic Weekend at One of These Lovely Hotels,1
Turning 65 in 2020? 3 Things You Need to Know,1
U.K. in Final Stages of Choosing Next Bank of England Governor,1
"U.S. Anti-Tax Sentiment Linked To History Of Slavery, Economists Argue In Book",1
U.S. FAA must boost oversight to address Allegiant Air maintenance issues: audit,1
"U.S. Payrolls, German Recession Risk, BOE’s Mystery: Eco Day",1
U.S. Treasury lifts Iran sanctions on Dalian unit of Chinese shipper COSCO #economy #MarketScreener...,1
"U.S. Working ‘Closely’ With China on Virus Response, Trump Says",1
Uefa explores move into Champions League streaming,1
UK film and television are jewels in the crown,1
UK government admits Covid-19 antibody tests don't work,1
Ukraine’s Zelensky stands firm in first encounter with Putin over Crimea,1
Ultra-Short Obligation Funds Wrap Up Their Third Consecutive Year Of Impressive Net Inflows. Follow this and any ot…,1
UNESCO United Nations Educational Scientific an : Launch of the 2019 SDG 4 Data Digest #UNESCO #economy…,1
"Unlock our LIVE #market #analysis, exclusive #investingideas, #earnings coverage and more. Test drive Briefing In P…",1
Up to 88% of Hong Kong’s 7.4 million residents have been exposed to tear gas fired at protesters by police,1
UPDATE 10-Besieged Hong Kong campus protesters seek escape routes,1
UPDATE 1-Company logos vanish from Prince Andrew's website as sex scandal grows,1
UPDATE 1-Proposed standards for mining waste dams draw concerns from industry trade group,1
"UPDATE 1-Thyssenkrupp, Kone discuss multi-billion euro break-up fee - sources",1
UPDATE: @NYCHealthCommr says no Coronavirus in NYC,1
"UPDATE: The death toll from the global #coronavirus outbreak has risen to 805, passing the SARS death toll in two m…",1
"Upper-class individuals are less likely to focus on people, and more likely to dwell on ""things,"" researchers found…",1
US asset manager puts pressure on Japan’s TBS to offload assets,1
US Crypto Firms Will Soon Have Another Banking Option,1
US Forces Attack Boats Caught Smuggling Oil To Syrian Government,1
Vail Resorts missing snow in early part of season,1
VC Firms’ Next Step After Hiring a Woman: Hiring a Second Woman,1
Venezuela’s Opposition Should Go Back to the Future,1
ViacomCBS rang the opening bell at the Nasdaq this morning after CBS and Viacom completed their merger yesterday.,1
Video of Serena Williams & Olympia Dancing to Pampers’ “Wild Child Wiggle” Available on Business Wire’s Website,1
Video-conference app Zoom is a rare winner in Hong Kong protests,1
Virus Fallout Lays Bare Vulnerability of Persian Gulf Assets,1
Virus Forces Nomura to Rethink Bets on Low-Yield Currencies,1
"Viveve Medical : MSP Narcotics Task Force Arrests Two, Seizes Nearly 3 Kilos Cocaine in South Shore Operation…",1
Wall Street Breakfast: What Moved Markets This Week. Get more updates here: #economy #stocks #stockmarket,1
"Wall Street strategist is skeptical of Russia-Saudi 'dance,' says investors should wait",1
Wall Street Weekahead: Conditions may be set for Santa Claus rally,1
Want to Be Student Loan-Free in 2020? Do These 5 Things,1
Want to Do Better at Work? This 1 Thing Might Really Help.,1
Want to increase your net worth? Start by reading these books.,1
Want to see holograms overlayed on the world around you? Microsoft has made its augmented reality device — HoloLens…,1
Warehouses in Canada are piled high with enough marijuana to cover two-and-a-half years of demand after cannabis pr…,1
Warren Buffett Lunch Turns Into Dinner for Crypto Faithful,1
Warren Calls Out Blackstone for ‘Shameless’ Profits From Housing,1
"Warren’s Wealth Tax Would Raise Up to $2.7 Trillion Over 10 Years, but Less Than She Projects: Report",1
WATCH - ‘We did not initiate this trade war and this is not something we want’: Chinese President Xi Jinping says h…,1
WATCH - ‘We want to work for a ‘phase one’ agreement on the basis of mutual respect and equality’: Chinese Presiden…,1
WATCH - President Xi Jinping says China wants to work out an initial trade pact with the U.S. His comments sent glo…,1
Watch an energy focused #NYSESlice interview with @DominionEnergy From their beginnings in 1787 to their goals in…,1
Watch what happens when a small drone hits a plane at 238 miles per hour.,1
WATCH: A crane pulls debris from the shoreline of Scardovari as northeastern Italy recovers from severe flooding,1
"WATCH: New York City Mayor Bill de Blasio holds a news conference on the coronavirus outbreak, which has infected t…",1
WATCH: News conference is held in Washington to introduce the turkeys that will receive a presidential pardon,1
WATCH: Protesters took to the streets of Rome demanding the Italian government take action to stop violence against…,1
Watch: World Health Organization updates on coronavirus outbreak,1
Watchdog Questions $6.7 Billion in Medicare Payments,1
We asked FT readers about New York’s best spots for a morning meeting. Here’s what you told us:,1
We asked FT readers to share their favourite books published in 2019 and you pointed us towards @jiatolentino…,1
We asked people Elon Musk's favorite interview question and only 1 could guess the answer correctly. Can you?…,1
We can learn from others' mistakes and simplify the federal tax code to slow the growth in income inequality and im…,1
We had a number of scholars here presenting new research at our “Workshop on Expectations Surveys.” This emerging f…,1
We have a number of scholars here presenting new research at our “Workshop on Expectations Surveys.” This emerging…,1
We Shouldn’t Strip U.S. Terrorists of Citizenship,1
We sit down with legendary five-time Grammy award-winning artist @_DionneWarwick moments before her performance at…,1
We want your story. Click here for a secure link to Bloomberg reporters,1
We’ve made our daily UK election live updates free to read so everyone – not only FT subscribers – can keep up with…,1
Web inventor has an ambitious plan to take back the net,1
Wednesday's economic calendar,1
"Weekend reads: Earn $100,000 a year and pay no federal income tax",1
"Welcome back, Wall Street! @JimCramer and @byKatherineRoss are breaking down all the latest on the markets and the…",1
Western democracies are struggling to balance the geopolitical challenge of China with their need for 5G technology…,1
Western Union und italienisches Unternehmen Postepay ermöglichen grenzübergreifende Zahlungen,1
WeWork’s escape plan is buried in the books at its Tokyo office,1
"What are the biggest economic or political risks in 2020? Former U.S. Economic Adviser Gary Cohn, Gro Intelligence…",1
What are the biggest money mistakes you've made? We asked our coworkers — Here's what they said. #CNBCMoneyMistakes…,1
What are you paying in your state and how does it stack up?,1
What can be done to improve #GenderEquality around the world? Watch @KGeorgieva’s conversation w/ @PoliticoRyan –…,1
What career advice would you give to your younger self? We asked CEOs and other leaders at #neweconforum…,1
What changed for D-Street while you were sleeping - Economic Times,1
What do you do if the lottery makes you an instant millionaire? Step 1: don't tell anyone.,1
What does a Bridget Riley painting sound like?,1
What happened in the world economy this week – in charts (via @DoubleTGolle & @ZSchneeweiss),1
What India’s Top Three Mutual Funds Bought and Sold in November,1
What is a cyclical stock? A defensive one? Here's the answer:,1
What is a Litecoin halving?,1
What kind of an animal is this?,1
What Matters For 'Newly Christened Macro Bulls'. Follow this and any other stock on Seeking Alpha!…,1
What the Disney+ ‘hack’ should teach you about your own security by @DanielHowley,1
What to Do If You're One of the 7.5 Million Seniors Who Can't Afford Prescriptions,1
What to watch in the markets: Week of December 16,1
"What to watch today: Dow to rise, merger Monday's big deals and Bloomberg enters 2020 race",1
What’s Better Than a Valentine Card? A Valentine Biscuit!,1
What’s happening to Uber in London isn’t just a local challenge. It’s a test of how it can do business anywhere out…,1
What’s missing from your Thanksgiving table? A cranberry-flavored beer,1
"What's a country's most valuable resource? @Noahpinion says it's you, dear reader via @bopinion",1
What's driving Asia markets right now,1
What's in the black box? Two recent incidents are exposing biases in decision-making algorithms used by finance an…,1
What's on kids' wish lists? Here are 12 of the hottest toys for the holidays,1
What's the best novel you've read recently? Swap book recommendations in our online book group FT Books Cafe:…,1
What's the best novel you've read this year? Our favourite authors of 2019 include: @MargaretAtwood @taffyakner…,1
What's the Best Social Security Strategy for Me?,1
When business journalists become the product,1
"When God Appears in Contracts, That’s ‘Force Majeure’",1
"When God Appears in Contracts, That's 'Force Majeure'",1
"When in Rome, do as the Romans do... and recycle your plastic bottles and aluminum cans for subway commuter credits…",1
"When it comes to company culture, Ben Horowitz, co-founder of VC firm Andreessen Horowitz, says CEOs need to be the…",1
When should you bring up money in a relationship? Here's how to navigate that tricky conversation.…,1
When staffers in WeWork's New York City headquarters received a calendar invite for a mandatory meeting with a note…,1
"When technology meets art, magical things can happen. This drone light show rivals the beauty of fireworks.…",1
When trading a news driven market have to keep stops wide on swings or more cash until resolution.,1
When you've lost Tom Lee...,1
"Whenever the cannabis rebound comes, it will be bumpy",1
Where The World Is Going,1
Which Countries Spend The Most On Obesity?,1
WHO Director-General Says Infection-Fighting Equipment Stocks Insufficient,1
Who Gets Face Masks in a Pandemic? Politicians Aren’t So Sure,1
WHO Pushes Countries to Share More Patient Details to Combat Coronavirus,1
WHO says coronavirus vaccine and treatment research has 'accelerated at incredible speed',1
Who votes on interest rates? What monetary policy tools does the Fed have? Answers to these questions and more:…,1
WHO worries about 'shortage' of protective equipment,1
Who’s coming to #RVAilluminates tonight? Gautam and his family will hit the button at 6PM to help us light up our b…,1
Wholesale Trade,1
"Who's watching our behavior, and what are they doing with this information? @edmundlee and @robotodd explain.…",1
Why am I watching Arkansas v LSU?,1
Why does a company become a monopoly? @Noahpinion looks at an intriguing theory via @bopinion,1
Why I Fear This Bear Rally. #investing #business #stockmarket,1
Why it’s too late to be defensive,1
Why NFL great Joe Theismann is trading risky stocks by @BrianSozzi,1
Why Passive Investing Might Be Distorting The Market (Podcast),1
Why Reports of Drugs for Coronavirus Are Premature,1
Why Russian Compliance With The Last And Latest OPEC+ Agreements Is Doubtful. Follow this and any other stock on Se…,1
Why The 2008 Bear Market Didn't Debunk Leveraged ETFs. Get more updates here: #investing #markets #business,1
Why the Disney+ 'hack' shows data is like 'oil' that needs to be secured by @GreteSuarez,1
Why This Multiple Sclerosis Study’s Positive Results May Not Be Enough,1
Why U.S. power forecasters don't like Thanksgiving,1
Wildfires Cause Sydney to Declare Health Emergency,1
Will China Declare Force Majeure If Virus Situation Worsens?,1
Will smart machines kill jobs or create better ones?,1
Wingstop enters France,1
"Winter is coming, so book your next meeting in the Game Of Thrones conference room Walk This Way for a tour of the…",1
Winter Storm Keeps Trucking Across Eastern US,1
Wipro erhält mehrjährigen strategischen IT-Auftrag von Marelli,1
Wipro赢得Marelli的多年战略性IT协议,1
"With A Return On Equity Of 16%, Has Wabash National Corporation's (NYSE:WNC) Management Done Well?",1
"With consumer preferences shifting, holiday hiring needs have also changed, with more emphasis on speed and e-comme…",1
"With every 11-pound load of laundry, between 600,000 and 17 million clothes fibers are released, according to a Dut…",1
"With so many enticing products out there, it’s easy to lose track of how you’re spending your money. Here are some…",1
"With the good news that came out today, you think that once the markets opened it no longer was good? It’s still go…",1
"With the right safeguards, frontier economies can take advantage of low-cost loans to help their economies and rais…",1
Woke Sachs,1
"Women-led businesses, which make up just 20% of venture-capital backed companies, took in $46.3B in capital last ye…",1
Womply 2020 State of Local Restaurants Report Finds Mother’s Day Weekend Still Top for Consumer Spending,1
Woodside anticipates reserve base tripling as new projects progress,1
World’s Biggest Hedge Fund Returns Are Found in Tiny Singapore,1
World’s Top Instant-Coffee Shipper Targets Southeast Asia Market,1
World’s Top Steelmaker Sounds the Alarm as Virus Spreads Through China,1
Would you like your index fund to pay you a regular rate of return? Try one of these.,1
Wow,1
Wow this Dallas team sucks #DALvsCHI,1
WTF???? Trey Gowdy? bad hair day?,1
WWF World Wildlife Fund USA : Response to the Release of the America's Pledge Report #economy #MarketScreener…,1
"XFL Players Who Kneel During the Anthem Will Face ‘Consequences’, Commissioner Says",1
"XFL Players Who Kneel During the Anthem Will Face 'Consequences', Commissioner Says",1
��Yes! We have no bananas.🎶 Watch the full video and learn why the banana could go extinct.,1
"Yes, and I like a bit on oysters with a little cocktail sauce.",1
"Yes, retailers are going to try to trick you into spending more... and more... and more. Here's how to avoid their…",1
Yet another reason to unplug: Cellphone injuries have risen over the past 20 years,1
Yield Curve Self-Defense. Read more and get updates on any stock! #markets #stockmarket #economy,1
You Can Teach an Old Netflix Some New Streaming Tricks,1
"You don't need alcohol to enjoy Thanksgiving. Instead, celebrate 'Drygiving' with these non-boozy alternatives. R…",1
You might not need as much sleep as you think.,1
You never know when you're going to have to tap into your emergency fund. Here's how much money you should have in…,1
"You’re Looking at Methane Emissions All Wrong, Industry Says",1
You’re probably using the wrong credit card. Here’s how to fix that.,1
YouGov’s U.K. Director of Political Research warns readers that there is a fake YouGov poll being distributed onlin…,1
Your cup of coffee is going to cost you more in 2020. Here's why,1
"Your first trade for Tuesday, Nov. 19",1
Your student debt could balloon out of control before you even realize it. From finding the right repayment plan to…,1
Your Warren Buffett Update: 48 Stocks With 33 Paying Dividends As Of December. Follow this and any other stock on S…,1
🇨🇱 Clashes erupt in Santiago during ongoing demonstrations in Chile. President Piñera has acknowledged that excess…,1
"🇰🇵 North Korean leader Kim Jong Un has supervised military drills. ""We urge North Korea to cease all military acti…",1
��🌍🌏Wind speeds are up globally. That's good news for renewable energy,1
"🎤What does the rhythm of Sydney sound like? 📰 From our Australia offices, the #NasdaqFam is setting the pace and…",1
"🎧 SOUND ON: @FatboySlim sampled @GretaThunberg's UN speech in a remix of his 1998 hit, “Right Here, Right Now”",1
"🏎 This electric car can reach 60 mph in 1.69 seconds, making it the fastest accelerating car in the world",1
"🏞️ China wants a national park like Yellowstone, near Tibet",1
📱 When will 5G become mainstream? Here's what @Infosys co-founder @NandanNilekani says,1
"😷 Children will experience more health problems like diarrhea than their parents as a result of global warming, acc…",1
UK and EU must avoid punch-up over finance - next BoE boss Bailey,1
Bankers say guidance for the small business program isn't clear,1
EU not allow epidemic to boost euro zone divergence - EU's Gentiloni,1
Euro zone crisis response must include solidarity fund - France,1
"April gold falls 0.3% at $1,565.60/oz.",0
"December gold off 0.1% at $1,1469.90/oz.",0
Gold dips as trade deal optimism benefits riskier assets,0
Gold edges back from modest gains after data,0
Gold edges lower as investors turn cautiously upbeat on trade outlook,0
Gold Falls After Strong Jobless Report #Silver #Stock #MarketScreener,0
Gold prices add to losses after jobs report,0
Materials Down On Mixed Trade-Negotiations Messages -- Materials Roundup #economy #MarketScreener…,0
Price of Gold Fundamental Daily Forecast – U.S. Dollar Uptick Limiting Gold’s Gains,0
Silver Weekly Price Forecast – Silver Markets Drop Significantly,0
Why is gold lower on the day?,0
China iron ore surges to over 4-month high as supply uncertainties loom,0
Brazil's Vale loses spot as world's top iron ore producer to Rio Tinto,0
Rio Tinto says virus slowing copper ore shipments from Mongolia,0
Gold Falls After Strong Jobless Report #Silver #Stock #MarketScreener,0
Materials Down After Weak Chinese Export Data -- Materials Roundup #economy #MarketScreener,0
Materials Down On Coronavirus Fears -- Materials Roundup #economy #MarketScreener,0
Gold prices slip after hitting more-than-6-year high,0
"Palladium Should Fall Soon, Why This Could Be Important For Gold. #investing #economy #finance",0
Gold Suddenly Hammered By Multi-Billion-Dollar Sale,0
"Gold's haven reputation took a serious beating, with prices tumbling as investors sought to free up cash amid a bro…",0
Materials Down As Stimulus Bill Stalls In Senate -- Materials Roundup #economy #MarketScreener…,0
"Gold creeps towards $1,600 as market jitters rise",2
5 Gold-Mining Stocks Still Expected to Surge Higher and Outperform in 2020,2
"April gold up 0.3% at $1,567.30/oz.",2
"Dec. gold settles at $1,471.90/oz, up $3.40, or 0.2%",2
"Feb. gold climbs by 10 cents, or 0.01%, to settle at $1,480.60/oz",2
Gold futures gain 1.1% for the week,2
Gold Price Forecast – Gold Markets Rally Into The Weekend,2
Gold Price Forecast – Gold Markets Recover After Initial Selloff,2
Gold Price Forecast - Gold Markets Recover After Initial Selloff - FX Empire,2
Gold Prices Inch Up; Trade Talks Remain in Focus,2
Gold prices settle higher for a second straight session,2
Gold prices settle higher to post a weekly rise of over 1%,2
"Gold rises above $1,700 as bullion buyers hedge upbeat stock bets",2
Gold scales more than 3-week peak as coronavirus hits global economies,2
Gold steadies as virus concerns stall stock markets - Nasdaq,2
Hold Iamgold to Benefit From Next Gold Bull Market,2
Materials Up After Xi's Comments On Trade Relations -- Materials Roundup #economy #MarketScreener…,2
Materials Up As Investors Hedge On Pandemic Outlook -- Materials Roundup #economy #MarketScreener…,2
Silver Price Forecast – Silver Markets Continue Forming Support,2
This chart setup signals a major rally ahead for gold and silver (via @TradingNation),2
Gold Mine Output Falls For First Time Since 2008,2
Gold bars in short supply due to coronavirus disruption,2
Gold has surged this year thanks to the trade war and rate cuts. Analysts say 2020 may bring more rewards.…,2
"Gold prices move up as focus turns to Fed meeting, China trade deal",2
"Palladium roars to record $1,900/oz. on South Africa power cuts",2
"Gold is going to $2,500, $3,000 an ounce: investment expert",2
Gold firms ahead of tariff deadline and central bank decisions,2
"Gold is going to $2,500, $3,000 an ounce: investment expert",2
Gold hits 4-month high after U.S. strike kills key Iran military leader,2
Copper Buyers Call Force Majeure Amid China's Efforts To Control Coronavirus Outbreak.,2
"Gold on track for a fourth straight gain, buoyed by coronavirus outbreak",2
Gold holds gain after WHO chief's 'tip of the iceberg' warning via @business,2
China Fears Are Still Propelling Gold Demand. #stockmarket #economy #markets,2
"Gold hovered near $1,700 an ounce, extending its rally to the highest in more than 7 years",2
History suggests there's a good chance gold will bounce back strongly after this month's pummeling…,2
CUR Gold gets jiggy after Fed actions,2
History suggests there's a good chance gold will bounce back strongly after this month's pummeling,2
Gold gains more than $80 an ounce in largest daily dollar climb on record,2
History suggests there's a good chance gold will bounce back strongly after this month's pummeling,2
Gold extends surge after Fed unveils measures to support economy,2
"Most-active gold futures jumped 6.6% to $1,671.20 a troy ounce in New York. Silver, platinum and palladium all rose…",2
1:COM Copper pops to biggest gain in six years on stimulus bet,2
"Gold gains for a second straight day, up 6% in biggest daily rise in 11 years",2
"Goldman On Gold: ""Time To Buy The Currency Of Last Resort""",2
Goldman Sachs tells clients it is time to buy gold,2
"Goldman Sachs pushes gold, based in part on growing popularity of deficit-spending theory",2
Stock Market Update: Gold Grabs Fourth-Straight Advance,2
Metals Settlement Prices,1
Metals Settlement Prices,1
Platinum: Its Relatively Poor Performance Since 2016 Is Set To Keep Its Investment Demand Buoyant In 2020....,1
♻️ Is aluminum the green alternative to plastic we've been looking for?,1
6 Gold Companies Investors Can’t Ignore In 2020,1
6 Gold Companies Investors Can’t Ignore In 2020 - Yahoo Finance,1
Metals Settlement Prices,1
Barron’s on MarketWatch: Gold has taken a beating — here’s how to play a rebound,1
"China’s rare-earth production boost threatens U.S., Australia growth plans",1
Gold little changed after economic reports,1
Gold Price Forecast – Gold Markets Relatively Stable,1
Gold Prices Near Flat Despite Uncertainties Revolving Around Prolonged Trade Spat,1
"GOLD, Tuesday forecast, November 19",1
Indian gold sold at discount as wedding demand disappoints,1
Jeff Clark’s Market Minute: This Needs to Happen Before Gold Runs Higher,1
Price of Gold Fundamental Daily Forecast - Direction Dictated by Demand for Higher-Yielding Assets - FX Empire,1
"Price of Gold Fundamental Weekly Forecast – Underpinned by Weaker Dollar, Cautious Response to Trade Deal",1
RPT-ASIA COPPER WEEK-Freeport sees sharp drop in copper treatment charges next year,1
Silver Lingering at $17.00,1
Stock Market Update: Gold Little Changed,1
Copper belt miners turn to Tanzania as South Africa lockdown hobbles ports,1
Philippine nickel miners and Chinese battery makers are exploring a potential collaboration ahead of Indonesia's ba…,1
Exposure of two Direxion 3X gold ETFs slip to below 300%,1
"The technical levels to watch on gold, oil and U.S. treasuries",1
2019 Research Report on the Copper Switch-off: Will It Come Soon? -,1
Gold: Viruses And Interest Rates. #finance #stocks #stockmarket,1
Metals Settlement Prices,1
Metals Settlement Prices,1
What Is Holding Gold Back. #finance #stockmarket #economy,1
Silver to Play a Critical Role in 5G Technologies,1
coin,1
Metals Settlement Prices,1
Copper belt miners turn to Tanzania as South Africa lockdown hobbles ports #copper #Stock #MarketScreener…,1
Copper belt miners turn to Tanzania as South Africa lockdown hobbles ports,1
Metals Settlement Prices,1
Innodisk Group Strengthens AIoT Vision with Sysinno Acquisition,1
Could Be One Of 2019's Stronger IPOs. Get more updates here:…,1
IPO Update: EHang Holdings Files IPO Proposed Terms. Sign up for updates on Seeking Alpha!…,1
Molecular Data Starts U.S. IPO Process. Subscribe to Seeking Alpha for more: #economy #trading #business,1
ResMed buys CPAP resupply software developer,1
Stein Mart accepts buyout offer,1
Warner Music Group Begins IPO Effort. #business #finance #markets,1
AEGIX Global Acquires Legendary Suppressor Manufacturer AMTAC,1
Airbnb may choose direct listing over IPO,1
Ameritrade-Schwab approval may take up to 10 months - Morgan Stanley,1
Angolan State Diamond Company Says It’s Preparing for an IPO,1
"Aramco IPO: It's a thanks, but no thanks from Malaysia's Petronas #economy #MarketScreener",1
"At the heart of Prince Mohammed’s economic reforms, the IPO was at one time seen as a mechanism to raise $100bn fro…",1
Beam Therapeutics prices upsized IPO at $17,1
BRP Group to acquire Lanier Upshaw,1
"Carlyle, Hellman backed PDD raises $1.6bn from IPO",1
"Carlyle, others invest in Amex corporate-travel business",1
"Carlyle, Qatar Fund Acquire Stake in AmEx Corporate Travel Unit",1
Casper Sleep expected to open above IPO pricing,1
"Casper's stock indicated to open $13-$14, or 8.3%-17% above $12 IPO price",1
CI Can Am Small Cap Fund Invests in REIT and Wood Products Manufacturer,1
CRH Medical acquires 51% stake in Florida Panhandle Anesthesia Associates,1
CSB Bank IPO Subscribed 4.35 Times On Second Day Of Bidding,1
Dongfeng Is Poised to Sell Down Stake in PSA to French Investor,1
Dongfeng to reduce PSA stake in merger deal with Fiat: sources,1
EaseMyTrip Files Rs 510-Crore IPO Papers With SEBI,1
"Financial software services provider Bill.com prices IPO at $22 a share, above price range",1
"For Saudi Arabia’s Richest, the Aramco IPO Is Payback Time",1
Here’s Everything To Know About Airbnb’s 2020 IPO—Which Could Be Nontraditional,1
Highlight: 'We're really in this for the long run' One Medical CEO Amir Dan Rubin says about announcing their IPO...,1
How Did Last Week's IPOs Perform?,1
"If You Invested $1,000 in Square's IPO, This Is How Much Money You'd Have Now",1
"If You Invested $10,000 in Chesapeake Energy's IPO, This Is How Much Money You'd Have Now",1
"If You Invested $10,000 in Google's IPO, This Is How Much Money You've Have Now",1
"If You Invested $5,000 in Shopify's IPO, This Is How Much Money You'd Have Now",1
JAB Weighs IPO for Coffee Business Including Peet’s Brand,1
JABÃ‚Â Adds Goldman Sachs to Lead Banks on Coffee Unit IPO,1
"Lenders, Homebuyers Approve NBCC’s Bid For Jaypee Infra",1
Level of interest in VWAP from the IPO,1
Memorable MarketSite moments: hosting @datadoghq for its IPO in 2019. See more key moments as we celebrate…,1
Mondelez International holds a piece of new coffee IPO,1
"OneWater Marine IPO prices at $12, at the bottom of the expected range",1
OneWater Marine prices IPO at bottom of recently lowered range,1
"PPD indicated to open at $32, or 19% above IPO price",1
PSA board signs off on Fiat Chrysler merger: source,1
PSA's Board Approves Merger With Fiat Chrysler,1
Sacklers withdrew over $10 billion in a decade from Purdue Pharma: New York Times,1
Saudi Arabia’s government invested over $2 billion in Aramco IPO @business,1
"Saudi Aramco meets ADIA, Abu Dhabi funds in IPO pitch: sources",1
Saudi Aramco Set to Pay Banks Only $64 Million for Record IPO,1
Saudi Healthcare Firm Is Said to Seek Up to $700 Million in IPO,1
Takeaway declares $7.8 billion Just Eat takeover unconditional #ProsusNV #Stock #MarketScreener...,1
Tencent-Backed Yeahka to Seek $300 Million in Hong Kong IPO,1
These are best performing IPOs of 2019,1
Vacasa Grows Investment in Colorado Through Acquisition of Resort Lodging Company,1
VC Deals: AbbVie Joins $50M For Inflammatory Disease Treatments. #stockmarket #markets #stocks,1
What’s next for IPOs in 2020,1
"When Neal Froneman acquired Stillwater three years ago, critics said he had overpaid for the palladium producer. No...",1
(+0.4% pre) Amazon files lawsuit contesting Pentagon's $10 billion cloud contract to Microsoft Reuter…,0
Comcast sues L3Harris in patent dispute,0
Many more energy writeoffs likely following Chevron $10B-plus charge,0
Visteon faces lawsuit on home turf,0
Banks may face legal actions over margin calls - FT,0
‘Judge Judy’ $47 million salary case closed but second lawsuit looms,0
A group of investors sued 4 cryptocurrency exchanges and 7 issuers claiming they sold billions of dollars of unregi…,0
"A man is suing Burger King because the meatless Impossible Whopper is cooked on the same grill as meat products, th…",0
"Amazon could be forced to spin off AWS, Oppenheimer says",0
Amazon files suit protesting Microsoft's JEDI cloud contract with Pentagon,0
Amazon sues over loss of Pentagon cloud deal to Microsoft via @business,0
Amazon sues U.S. over loss of Pentagon cloud deal to Microsoft,0
Australia's Westpac accused of 23 million money laundering breaches,0
"Ban on flavored vapes could lead to loss of 150,000 jobs, $8.4 billion sales hit: report",0
Banks could lose over $100 Million from loan made to China's Luckin Coffee chairman,0
Burger King faces class action over Impossible Whooper,0
Business owner sues Target for copyright infringement,0
California governor rejects $13.5 billion PG&E settlement,0
California Intensifies Fossil Fuel Fight With Drilling Ban,0
California is slapping CVS with a $3.6 million fine for not following state recycling laws,0
California sues Juul,0
CBS is sued by an investor who is seeking files on the $11.7 billion Viacom deal,0
Cisco Sues Ex-Employees Over Alleged Trade Secrets Theft,0
Congo Palm-Oil Producer Implicated in Environmental Report,0
Credit Suisse faces £68m lawsuit from banker arrested in Romania,0
Crypto Exchange BitMex Hit With $300 Million Investor Suit,0
CVS and Walgreens in red on NY lawsuit over billing practices,0
Denver Nuggets network sues Comcast for antitrust,0
Deutsche Bank has agreed to pay €15 million in penalties to end a probe into possible money-laundering and tax evas…,0
Deutsche Bank staffers cleared but bank fined in money laundering case,0
Deutsche Bank sues over $1.6 billion in claims against Bernard Madoff’s bankrupt investment advisory business,0
DOJ preps legal action against Live Nation - WSJ,0
DOT watchdog probes pilot training requirements after Boeing 737 Max crashes,0
Elliott Risks $22 Million Fine From French Market Regulator,0
Ex-Och-Ziff Manager Sentenced to 3 Months in Bribery Case,0
"FAA predicted Boeing 737 Max, facing more delays, would crash 15 times over its lifetime vi…",0
FCA Investigates Fraud in Collapse of Two Listed Companies,0
FCC Bigfoots Satellite Companies,0
Germany Fines Steelmakers 646 Million Euros for Price Fixing,0
Huawei initiates legal action against Verizon,0
Huawei Sues Verizon in U.S. for Multiple Patent Violations,0
Indonesia Files WTO Lawsuit Against EU Over Palm Oil Limits,0
INVESTOR ALERT: Law Offices of Howard G. Smith Announces the Filing of a Securities Class Action on Behalf of HEXO…,0
Is Ben & Jerry's misleading consumers? Lawsuit says 'happy cow' representation not quite true,0
JPMorgan under the microscope for metals spoofing,0
Large gender bias class action vs Sterling Jewelers revived -US appeals court,0
Lawsuit against Boeing seeks to hold board liable for 737 MAX problems,0
Live Nation Falls After Report DOJ Is Preparing Legal Action,0
Morgan Stanley fined $22 million for digging bond markets via @business,0
New lawsuit seeks to pin blame for 737 MAX on Boeing's board,0
New York City may ban flavored vapes as soon as next week via @guardian,0
New York joins states suing e-cigarette maker Juul,0
New York State AG investigating WeWork,0
"Newspaper fights Warner Bros, 'Richard Jewell' over depiction of reporter trading sex for a scoop",0
Papa John’s founder John Schnatter has filed a lawsuit against an advertising firm and its parent company related t…,0
"Papa John's founder sues ad agency; his wife files for divorce, saying marriage is 'broken'",0
Qualcomm Faces EU Probe Into Smartphone Technology,0
Samsung Electronics executive receives jail term over union-busting: media,0
Samsung Heavy Industries to pay $75 million to resolve foreign bribery case: U.S. #SamsungHeavyIndustries #Stock…,0
SEC opens preliminary probe of Vale in dam tragedy - report,0
Shareholder Investigation Alert: Halper Sadeh LLP Investigates Whether the Sale of These Companies is Fair to Share…,0
SHAREHOLDER INVESTIGATION: Halper Sadeh LLP Investigates Whether The Sale Of These Companies Is Fair To Shareholder…,0
Swiss watchdog continues Credit Suisse probe after CEO goes,0
The SEC issued suspension orders for dental supplier No Borders Inc. and apparel maker Sandy Steele Unlimited Inc.…,0
Toyota says labor officials found it responsible for worker suicide,0
U.S. Justice Department preparing legal action against Live Nation: source,0
U.S. safety board chair criticizes Uber for 2018 fatal self-driving crash,0
"UK lawmaker blames HSBC, Standard Chartered, Bank of Baroda in South Africa corruption",0
"UK Regulator Names, Shames And Imposes £1.9m Fine On Closet Index Manager. Continue reading:…",0
UK watchdog probing Google-Looker deal,0
UPDATE 1-California sues e-cigarette maker Juul for selling nicotine products to youth,0
UPDATE 1-California toughens drilling oversight in setback for industry,0
UPDATE 1-Influential U.S. doctors group calls for ban on vaping products,0
UPDATE 2-U.S. safety board wants Boeing to redesign 737 NG part after fatal Southwest accident,0
"UPDATE 2-UK lawmaker blames HSBC, Stanchart, Baroda in S.Africa corruption",0
Walmart hit with wrongful-death lawsuit by estate of worker who died of coronavirus,0
Westpac hit with class-action suit in U.S. linked to money-laundering case,0
WeWork Special Committee Files Lawsuit Challenging SoftBank's Wrongful Decision to Terminate Tender Offer…,0
WeWork sues SoftBank for backing out of $3bn deal,0
WeWork sues SoftBank over withdrawal of $3 billion tender offer,0
Wirecard says 2017 audit of Singapore unit not concluded due to probe,0
X FINANCIAL INVESTOR ALERT: Wolf Haldenstein Adler Freeman & Herz LLP announces that a securities class acti…,0
DOJ files motion to roll back movie distribution rules,2
"Bayer, plaintiffs agree to postpone glyphosate lawsuits for settlement talks",2
Dish spectrum sale shouldn't face FCC issue - New Street,2
"'Finjan wins IPR patent trial as the PTAB rules that Juniper Networks failed to prove that Finjan '844 ""Downl…",2
McDonald's settles class action lawsuit,2
"Texas AG settles with T-Mobile, Sprint",2
Airbus to pay $4 bln to settle corruption probe - French prosecutor #economy #MarketScreener,2
"Airbus will pay around $4 billion to settle corruption probes by the U.S., British and French authorities into cont...",2
Alio Gold Settles Arbitration With Maverix Metals,2
"Banks settle Fannie, Freddie bond-rigging suit for $337M",2
China’s antitrust authority has suspended a probe of Tencent Music,2
Exxon Mobil : Found Not Guilty of Fraud in Climate-Change Accounting Case #ExxonMobil #Stock #MarketScreener…,2
Exxon Mobil prevails in New York climate change lawsuit #economy #MarketScreener,2
"Exxon was found not guilty in New York climate change case, ending the 4-year saga for the oil company.",2
ExxonMobil wins climate change court fight with New York,2
Fiat settles tax issue in Italy,2
French regulator ends probe into supermarket Casino and short-seller Muddy Waters,2
HSBC agrees to pay $192 million to resolve U.S. tax probe via @business,2
Judge will not force Uber to convert drivers to employees,2
McDonald : to Pay $26 Million in Wage Suit -- Update #McDonalds #Stock #MarketScreener,2
McDonald's is paying $26 million to settle a class action lawsuit over wage theft. It's the latest development in a…,2
McDonald's settles class action lawsuit,2
McDonald's to pay $26 million to settle California wage lawsuit,2
NEW: Goldman Sachs' fine for its role in the 1MDB scandal could be under $2 billion -- far less than what some anal…,2
PG&E nears $1.7B settlement tied to 2017 California wildfires - Bloomberg,2
PG&E Reportedly Nears $1.7 Billion California Wildfires Settlement,2
"Teva, Drugmakers in Talks With U.S. to End Generics Probes",2
"Texas settles with T-Mobile, Sprint over merger: statement",2
U.S. SAID TO DISCUSS GOLDMAN 1MDB SETTLEMENT BELOW $2 BILLION,2
Bayer seeks reversal of $86M Roundup cancer verdict,1
Four Chinese military hackers charged in Equifax breach,1
Google rivals want EU to investigate vacation rentals,1
HSBC to pay $192M under deferred prosecution agreement,1
VirnetX Holding confirms appeals court ruling; affirms infringement with respect to VPN-on-demand feature of.…,1
6 Citgo executives were released Monday and placed under house arrest after being jailed in Venezuela since Nov. 20…,1
A federal grand jury has charged four members of the Chinese People's Liberation Army with hacking Equifax and stea…,1
A judge has temporarily blocked New York's new ban on broker fees paid by renters,1
"Amazon com : seeks to depose Trump, Esper in lawsuit over cloud computing contract #Amazoncom #Stock…",1
Amazon has asked a federal court for permission to get testimony from President Trump and Defense Secretary Mark Es…,1
Amazon Moves Court Seeking Stay On Competition Commission Order,1
Amazon Moves To Depose Trump In Lawsuit Over $10 Billion 'JEDI' Contract | #FreeZeroHedge,1
Amazon seeks testimony from Trump in cloud contract appeal,1
American regulators voted to impose new restrictions that prohibit US carriers from using federal subsidies to buy…,1
Anil Ambani Ordered to Pay $100 Million Deposit in Loan Fight,1
Appeals court tosses Democrats’ emoluments suit against Trump,1
Attorney General William Barr just announced the U.S. has indicted 4 Chinese hackers in connection with the 2017 Eq…,1
AURELIUS Equity Opportunities : files criminal complaint against the responsible managers ... #AURELIUS #Stock…,1
Barr says he’s aiming to wrap up Big Tech antitrust probe next year,1
Bayer : faces lengthy Roundup appeals and settlement talks continue #Bayer #Stock #MarketScreener...,1
Bayer asks California court to reverse $86 mln Roundup cancer verdict,1
"Berkeley, California banned gas stoves in new buildings. Here's why some chefs are not happy about it",1
Breaking - SEC rejects NYSE proposal to allow companies to raise capital in direct listings,1
California tells property insurers not to drop policies for homes in wildfire-prone areas,1
Canada's Transportation Safety Board Investigates Crude Train Derailment,1
CDC says no single brand is likely responsible for the outbreak of vaping lung disease,1
Computer programmers plead guilty to operating popular illegal streaming service sites,1
CORRECTED-Ex-British Airways executive indicted over alleged JFK Airport bribery scheme,1
Court: Company must pay for toxic waste on Idaho tribal land,1
"Daimler, Volvo Win Dismissal of $950 Million Cartel Suit",1
DOJ Charges 4 Chinese Military Hackers In Equifax Breach | #FreeZeroHedge,1
Emissions fight escalates as California issues ban,1
Eskom Loses Bid for Higher Tariffs as Court Defers to Regulator,1
"Expedia, TripAdvisor and dozens of other travel firms ask the EU to investigate Google, claiming it favors its own…",1
Ex-Pimco CEO Douglas Hodge Gets Nine Months in College Admission Scam,1
Exxon Says N.Y. Used Fraud Claims to Score Political Points,1
FAA may overhaul plane-certification process,1
FAA weighs plane approval revamp,1
FCC Chairman Calls for Public Auction of C-Band Airwaves,1
Fiat Fights Back: Chairman Rejects GM's Allegations Of Union Bribery,1
Former FedEx manager pleads guilty in package theft scheme,1
"FSIS Issues Public Health Alert for Products Produced with Romaine From the Salinas, California, Growing Region",1
Ghana Charges Ex-Finance Minister After Collapse of Bank,1
Hunt for Deadly Vapes Hindered by Marijuana's Legal Patchwork,1
Justice Department indicts four members of China's military for Equifax hack,1
LIVE: U.S. attorney general and FBI deputy director announce cyber-related enforcement action,1
Microsoft : Amazon files lawsuit contesting Pentagon's $10 billion cloud contract to Micro... #Microsoft #Stock…,1
N.Y. Broker Commission Ban Is Temporarily Blocked by Judge,1
New York Sues Trump Administration Over Global Entry Ban,1
NEW: Student loan reform group sues Education Secretary Betsy DeVos and CFPB Director Kathy Kraninger…,1
NMC Health : UK's FCA looking into NMC Health's disclosure of co-chair's stake being under... #NMCHealth #Stock…,1
NYSE direct listings proposal rejected by SEC,1
Plea In Supreme Court Against Trial Of WhatsApp Payment Service In India,1
PMC Case: Supreme Court Puts Sale Of HDIL Assets On Hold,1
REFILE--Swedbank says it is not aware of alleged violation of U.S. sanctions,1
Russian manipulators are still abusing Facebook and other platforms. But politics isn't the point. via @bopinion,1
SEBI Mulls Raising Penalty On Rating Agencies In IL&FS Case,1
Shopin CEO pleads guilty to two counts of fraud,1
Social Media Firms Face New U.K. Regulator in Planned Crackdown,1
Temple Bar Investment Trust : Tackling the illegal wildlife trade as a financial crime #TempleBarInvestmentTrust…,1
"Texas settles with T-Mobile, Sprint over merger: statement",1
The future of the U.S. wireless industry hinges on a legal battle kicking off Monday in federal court,1
The global warming lawsuit against the oil industry goes to the appeals court,1
The National Transportation Safety Board recommended that Boeing redesign part of the outer covering of all 737 Nex…,1
Transportation Department IG to audit FAA pilot training requirements after Boeing 737 MAX crashes,1
Transportation Department IG to audit FAA pilot training requirements after Boeing 737 MAX crashes...,1
Turkey Stiffens Manipulation Penalties in Banking Overhaul,1
U.S. appeals court denies Apple bid for rehearing in VirnetX patent case,1
U.S. Department of Justice Sides With Global Music Rights,1
U.S. Justice Department to review Google's deal for Fitbit - source #Stock #MarketScreener,1
Uber Urges California Court to End Law That Gives Gig Workers Benefits,1
United States District Court Sides Again With Park Assist on Motion of Patent Infringement Case,1
UPDATE 2-VW rejects anti-competitive allegation by parts maker Prevent,1
US charges four Chinese military officers over Equifax hack,1
Washington State's Ban on Flavored and THC Vapes Expires,1
Wirecard Defends Accounting After Report of Unit’s Delayed Audit,1
PayPal's Honey Acquisition Makes No Sense. Subscribe to Seeking Alpha for more:,0
Vir Biotechnolog: GlaxoSmithKline (GSK) to make $250 mln equity investment in the company,2
"Stock Market Live Updates: Merger fever boosts stocks; Schwab, LVMH soar",2
Adecco cleared for sale of Soliant Health,1
Great Ajax selling stake in Gaea unit,1
Alkermes completes acquisition of Rodin Therapeutics,1
TD Ameritrade to be acquired by Charles Schwab (SCHW) for approximately $26 bln in all-stock transaction,1
BHP buys additional stake in SolGold for $22M,1
Chubb to purchase additional 15.3% stake in Huatai Insurance,1
Chubb to purchase additional 15.3% of Huatai Insurance Group Company Limited,1
"CBS, Viacom hope to close merger next week",1
ConocoPhillips seeking sales of Alaska assets - report,1
"Kylie Cosmetics Deal, Potential Professional Beauty Spin-Off Make Coty A Buy. Keep reading:…",1
Hungary's 4iG calls off purchase of T-Systems unit,1
EBay nears deal to sell StubHub - WSJ,1
could disclose an agreement to sell StubHub to Viagogo for about $4 billion,1
eBay confirms deal to sell StubHub to viagogo for a purchase price of $4.05 billion in cash,1
EVI Industries to acquire Commercial Laundry Equipment Company,1
Apollo near deal to buy SPX Flow power unit for $700M - Bloomberg,1
SPX Flow confirms deal to sell part of power and energy unit to Apollo Global,1
SPX FLOW confirms deal to sell substantial portion of former Power and Energy reportable segment to Apollo...,1
First Quantum pours cold water on takeover talk,1
GATX to sell American Steamship Company business segment,1
HC2 in advanced discussions for the potential divestiture of its 100%-owned indirect subsidiaries Continenta…,1
HC2 says it is in advanced discussions for the potential divestiture of its 100%-owned indirect subsidiaries…,1
HP: Xerox (XRX) increases offer price for HPQ to $24/share in cash and stock,1
Intuitive Surgical acquires Orpheus Medical,1
has acquired privately held Orpheus Medical to deepen and expand its integrated informatics platform.,1
KKR to buy Novaria Group,1
Kirkland Lake Gold to buy Detour Gold in C$4.9B deal,1
Kirkland Lake Gold to acquire Detour Gold in C$4.9 bln deal,1
The Medicines Company Enters Into Definitive Agreement to be Acquired by Novartis AG for $9.7 Billion,1
The Medicines Co to be acquired by Novartis (NVS) for $85.00/share in cash,1
Moneygram announces that Ripple has made the final $20 mln investment in MoneyGram equity pursuant to Ripple'…,1
MGM officially in pursuit of Osaka casino,1
nVent Electric acquires WBT Business,1
.A .A - Mitsubishi beats out Shell to buy Dutch power firm Eneco,1
Repay Holdings buys Ventanex for up to $50M,1
SoftBank-backed Brandless is closing down,1
Siemens weighs buying Iberdrola's Siemens Gamesa stake,1
France's LVMH close to buying Tiffany after sweetening offer,1
United Tech's Collins to expand landing systems operations,1
Valaris discloses 18.7% active stake by Luminus,1
Google drops plan to buy stake in Africa's biggest wind park,1
Xcel Energy to sell Mankato Energy Center for $680M,1
Elliott Capital sells its stake in XPO Logistics Europe,1
Xerox's new bid could force HP reconsideration - Wells Fargo,1
6 Potential M&A Targets For Tesla,1
Advent International Demonstrates Further Commitment to Boutique Fitness Sector Through Acquisitions of Zingfit and Triib,1
Aerie Pharma to acquire Avizorex Pharma,1
Africa Capitalworks picks up minority stake in drinks maker Gaselia,1
AlayaCare Announces Acquisition of Arrow Solutions,1
Alkermes to acquire Rodin Therapeutics for up to $950 million,1
AngloGold has picked Harmony as the buyer for its last remaining South African operations,1
Asbury Automotive to acquire luxury dealerships from Park Place in cash deal valued at $1 billion,1
"Audax picks up controlling stake in government info management, access business Kofile",1
Aurora Property Buy Write Income Trust : NTA Estimate - $6.32 #Stock #MarketScreener,1
Austral Gold : AGD to acquire remaining 30% of Casposo Mine in Argentina #AustralGold #Stock #MarketScreener…,1
Avery Dennison buys Smartrac’s RFID inlay business for €225M,1
"Bain Capital buys Apax-backed Engineering Group in reported €1.6bn deal, Neuberger Berman reinvests",1
Bass Metals : increases Mahefedok North graphite resource by 54% #BassMetals #Stock #MarketScreener…,1
BHP buys additional stake in SolGold for $22M,1
"BHP is plans to increase its stake in SolGold, which develops projects in copper hot spot Ecuador",1
BHP Plans to Become Largest Shareholder of Ecuador-Focused SolGold -Bloomberg #BHP #Stock #MarketScreener…,1
"Billionaire Investor Bill Ackman Trims Stake In Chipotle, But Is Still Betting Big On Burritos With 5% Stake",1
BlackRock Cuts Stake in U.S. Coal Giant After Climate Pledge,1
Blackstone set for good return through $2.7bn FGL buyout by Fidelity National,1
Blackstone to Invest in Engineers Gate After Founder Dubin Exits,1
Boost founder says willing to pay up to $2 billion to buy brand from Sprint,1
Boost founder says willing to pay up to $2 bln to buy brand from Sprint,1
Boost Mobile founder offers to buy prepaid brand - CNBC,1
Broadridge acquires Clearstructure Financial Technology,1
"Brookfield a potential suitor for Trans Mountain, analyst says",1
"Brookfield a potential suitor for Trans Mountain, analyst says #economy #MarketScreener",1
Brookfield seen as 'dark horse' buyer for Trans Mountain after equity raise,1
Cambrian Innovation Acquires Baswood and Accelerates Progress Toward Sustainable Industrial Wastewater Management,1
"Capgemini will not be pressured into higher Altran bid, CEO says #AltranTechnologies #Stock #MarketScreener…",1
Catalent Completes Acquisition of MaSTherCell,1
"CBS, Viacom hope to close merger next week",1
Charles Schwab : Investment Advisers Fear Losing Out in a Schwab-TD Ameritrade Deal #CharlesSchwab #Stock…,1
Charles Schwab : to Buy TD Ameritrade for $26 Billion #CharlesSchwab #Stock #MarketScreener,1
Charles Schwab to buy TD Ameritrade for $26 billion,1
China Mengniu Dairy : DISCLOSEABLE TRANSACTION ACQUISITION OF LION-DAIRY & DRINKS PTY LTD ... #ChinaMengniuDairy…,1
China’s BAIC Mulls Raising Daimler Stake to Almost 10%,1
China’s State Grid Nears Oman Electricity Stake Purchase,1
China's State Grid Nears Oman Electricity Stake Purchase,1
Chinese owner looks to tighten grip on PizzaExpress,1
Chubb to purchase additional 15.3% stake in Huatai Insurance,1
CIT gets OCC approval for Mutual of Omaha Bank purchase,1
Comfort Systems USA Announces Acquisition,1
Coty buys majority interest in Kylie Jenner beauty line,1
Coty takes $600 million bet on reality star Kylie Jenner's beauty brands,1
Coty to buy 51% ownership of the partnership for $600 mln,1
Coty to take a 51% stake in Kylie Cosmetics for $600 million,1
"Cresco Labs Closes Acquisition of Hope Heal Health, Inc., Launches First Day of Adult-Use Cannabis Sales in Massachusetts",1
Cybersecurity company Forescout to be acquired by Advent in all-cash deal valued at $1.9 billion,1
DealerSocket Completes Acquisition of Auto/Mate,1
Delivery Hero Nears Agreement to Buy Woowa in $4 Billion Deal,1
Delta's private jet business to gain equity stake in merger with Wheels Up,1
Deutsche Bank Adds Capital Group as Investor in Lift for Sewing,1
Deutsche Bank welcomes Capital Group with 3.1% stake,1
DHL Invests $136 Million In New Logistics Hub,1
Diamond Hill Capital Trades Devon for Chevron,1
Did TCF Financial's Chemical Merger Spark a Positive Reaction for Investors?,1
"Diodes, Lite-On deal facing Chinese scrutiny - Bloomberg",1
"DXP Enterprises Completes Acquisition of Turbo Machinery Repair, Inc.",1
eBay reportedly nears deal to sell StubHub for $4 billion,1
EBay : Nears Deal to Sell StubHub to Viagogo for Roughly $4 Billion #eBay #Stock #MarketScreener…,1
Ebay confirms StubHub sales to Viagogo for $4.05B,1
EBay nears deal to sell StubHub - WSJ,1
EBay selling StubHub to Viagogo for $4 billion–plus,1
EBay selling StubHub to Viagogo for $4 billion–plus,1
EBay Sells StubHub For $4B,1
Ebay sells StubHub to ticket marketplace Viagogo for $4.05 billion in cash,1
EBay Sells StubHub to Viagogo for $4.05 Billion,1
"EBAY STUBHUB SALE DONE AT 25X EBITDA, CNBC'S FABER SAYS",1
EBay to sell ticketing unit StubHub for $4.05 billion,1
Emami Agrees To Sell Cement Unit To Nirma,1
Estee Lauder buys its first Asia-based beauty brand,1
Estee Lauder to acquire shares of Dr. Jart+ it does not already own,1
Estee Lauder to acquire shares of Dr. Jart+ parent it does not already own,1
Euronext sifts coronavirus market rubble for takeover targets,1
Exclusive: BP eyes sale of Algerian gas plant after Rosneft talks fail - sources,1
Exclusive: Daimler seeks majority control of its main China joint venture,1
"Experience Management Leader Medallia to Acquire Video Feedback Platform, LivingLens",1
"Famur S A : TDJ Equity I Sp. z o.o. takes up controlling stake in Famur Famak S.A., subsid... #FamurSA #Stock…",1
"Fed, FDIC approve BB&T, SunTrust merger",1
"Fed, FDIC approve merger of BB&T, SunTrust banks",1
Fidelity National Financial to buy FGL Holdings in a deal valued at $2.7 bln,1
Fidelity National to buy FGL Holdings in a deal valued at $2.7 billion,1
Fidelity National to buy FGL Holdings in diversification play,1
"Fidelity National to pay $12.50 for each FGL share, a 2.9% premium to Thursday's closing price",1
Flügger A/S : Flügger buys majority stake in paint manufacturer Unicell #Flügger #Stock #MarketScreener…,1
Forescout acquired for $1.9B,1
Forescout to be acquired by private-equity firm Advent in all-cash deal valued at $1.9 bln,1
Fortress Seeks $1 Billion for Transportation Firm Trac,1
Francisco and Eliott are in talks to buy LogMeIn via @business,1
French luxury goods owner LVMH has agreed to buy U.S. jeweler Tiffany for $16.2 billion in its biggest acquisition…,1
Gamma Communications : acquires Unified Communications infrastructure provider Telsis ... #GammaCommunications…,1
GATX to sell American Steamship Company business segment,1
Geely and Volvo Cars chairman proposes merging groups,1
General Atlantic Invests $200 Million In Byju’s,1
Google acquires CloudSimple to ease VMware implementations,1
Google Makes Another Cloud Acquisition During Antitrust Probe,1
"Google's plan to buy a stake in Africa's largest wind farm has ended after delays to the project, Danish wind turbi…",1
Hillhouse Capital to bid for Thyssenkrupp elevator unit - Bloomberg,1
Hitachi nearing deal to sell chemical unit to Showa Denko - Nikkei #Hitachi #Stock #MarketScreener…,1
HP is preparing to reject Xerox’s request to open its financial books after turning down its unsolicited merger off…,1
"HP Rejects Xerox 'Unsolicited' Buyout Offer, Open To Further Discussion",1
HP rejects Xerox&apos;s $33.5B hostile takeover attempt,1
HP Rejects Xerox's Buyout Offer: Experts Debate What's Next,1
Hudson's Bay Investor Group Said to Consider Shelving Takeover,1
ICYMI: 81% of U.S. small businesses are 'nonemployer' firms — meaning they have no employees other than the owner(s…,1
IFF to Merge with DuPont’s Nutrition & Biosciences Business,1
IFF to merge with DuPont's $26.2 billion nutrition unit,1
IFF Wins DuPont Nutrition Unit Over Kerry in $26.2 Billion Deal,1
"Illycaffe, one of Italy’s largest coffee roasters, has kicked off the sale of a minority stake to support its expan…",1
Ingram Micro Further Enhances European IT Services Capabilities with Acquisition of Ictivity,1
INSERTING and REPLACING Diversified Search Acquires Storbeck Search & Associates,1
"Interlink Plus, Inc. and Loop Media, Inc. Close Merger",1
Intuitive Surgical Expands Into Hospital Informatics With Orpheus Medical Acquisition,1
IVE : Strategic Acquisition of Salmat Marketing Solutions #IVE #Stock #MarketScreener,1
KKR is fashioning $8B bid for Coty beauty division - Sky News,1
Koch Buys Rest of Infor in Deal Valuing Software Maker at $11 Billion,1
Kylie deal seen as a positive for Coty,1
Kylie Jenner Sells $600 Million Stake in Beauty Line to Coty,1
Kylie Jenner-Coty Deal Led by Little-Known Adviser Tiger Chark,1
L Brands Is Looking to Sell Victoria's Secret,1
Luxury giant LVMH is reportedly nearing an agreement to add Tiffany & Co. to its portfolio. The acquisition deal wo…,1
LUXURY PURCHASE: French conglomerate LVMH is close to a deal to buy Tiffany & Co. for more than $16 billion,1
Luxury Tycoon Said to Mull $1.5 Billion South African Fiber Sale,1
LVMH agreed to buy Tiffany for more than $16 billion in the largest luxury-goods deal ever,1
LVMH and Tiffany & Co. are finally getting together after weeks of anticipation. The French luxury group will pay $…,1
"LVMH is buying Tiffany & Co. for $16,200,000,000. Here’s what this deal means for the iconic jewelry brand.…",1
LVMH Moët Hennessy Vuitton : Bets It Can Restore Tiffany's Shine With $16 Billion Deal -- ... #LVMH #Stock…,1
LVMH targets affluent tourists with Paris department store revamp,1
LVMH targets tourist shoppers with revamp of historic Paris store,1
LVMH to buy Tiffany for $16.2 billion,1
LVMH will acquire Tiffany for $16.2 billion in a $135-per share cash deal that will help the French luxury goods ow…,1
LVMH/Tiffany: diamond geezer,1
LVMH's $16 billion purchase of Tiffany & Co. wins applause from analysts and investors,1
"Manna Pro Products Acquires Promika, LLC Pet Brands to Expand Category Leadership in Companion Pet Care and Wellness",1
"Mediaset set to win more time to complete merger of Italy, Spain units: sources",1
Medical Properties highlights $861M of acquisitions in Q4,1
"Merger Monday roars back — LVMH buys Tiffany, Charles Schwab buys TD Ameritrade by…",1
Mitsubishi-led consortium to buy Eneco for €4.1bn,1
Molson Coors said to be weighing sale of European business,1
Mr. Greens Announces Acquisition of Cawoods Produce,1
NOVARTIS : CHF0.50(REGD) Novartis To Acquire The -2- #Novartis #Stock #MarketScreener,1
Novartis : Nears Deal to Buy Cholesterol-Drug Maker Medicines Co. #Novartis #Stock #MarketScreener…,1
Novartis Confirms Deal To Acquire Medicines Company For $9.7B,1
Novartis Finally Comes Through With Its Acquisition of Medicines Co,1
Novartis has agreed to buy Medicines Co. in a $6.8 billion deal,1
Novartis nears $9bn deal to buy The Medicines Company,1
"Novartis takes on Sanofi, Amgen with $9.7 billion takeover of heart drug maker",1
NV5 Global to acquires Quantum Spatial for $303M; and announces $20M Owner’s Representative Contract,1
nVent Electric acquires WBT Business,1
NYSE Opening Bell 🔔: Quaker Houghton (NYSE: ) celebrates its merger with Houghton International,1
Perelman’s Discount Drug Company Brushes Off Buyout Approaches,1
Pixelle Acquires Specialty Papers Business from Verso,1
"Qiagen takeover likely, just further away - Evercore",1
Ramelius Resources to scoop up Spectrum Metals,1
Ray-Ban Tycoon Eyes Bigger Mediobanca Stake in Italy Bet,1
Raytheon Shows Its Strength Heading Into United Technologies Deal,1
Religare Group To Sell Equity In Health Insurance Arm To Kedaara Group For Rs 400 Crore,1
REPAY Announces the Acquisition of Ventanex,1
Riddell Sells Kollege Town Sports Apparel Division to BSN SPORTS,1
"Rimkus Consulting Group, Inc. Acquires Mechanical and Electrical Engineering Consulting Firm Amset Technical Consulting, Inc.",1
"Robertson's Tiger Management Buys Adobe, Facebook",1
Sage Group to Sell Payments Business to Elavon for $300 Million,1
"SAIC to Acquire Unisys Federal in Accretive, Strategic and Value Creating Transaction",1
SAIC to acquire Unisys Federal unit for $1.2B,1
San Francisco Tries to Rally Public to Buy Piece of PG&E,1
"Saracen Mineral : Super pit acquisition now unconditional, hedging update #SaracenMineral #Stock #MarketScreener…",1
SB Financial to buy Edon Bancorp for ~$15.5M,1
Schick Parent Company Edgewell Drops Bid for Harry's Razors,1
Science Applications International to buy Unisys's U.S. Federal business for $1.2 bln,1
Siemens Considers Buying Iberdrola’s Siemens Gamesa Stake,1
Siemens Considers Buying Iberdrola's Siemens Gamesa Stake,1
Siemens is considering buying Iberdrola’s stake in a wind-turbine maker,1
Simon Property to buy mall owner Taubman in $3.6bn deal,1
Simon's High-Premium Buyout of Taubman May Not Be as Pricey as It Looks,1
"Singapore Government, Monetary Authority Hike Stake In Zee Entertainment",1
Sonoco Products buys healthcare packaging medical device thermoformer for $187M,1
SPX Flow confirms deal to sell part of power and energy unit to Apollo Global,1
Stericycle offloads environmental unit to Harsco,1
Stericycle to divest DES unit for $462.5M,1
"Sterling Organization announces the acquisition of a 244,917-square-foot grocery-anchored property in Colleyville,...",1
Stock Market Update: Carlyle Group adds stake in American Express' travel business,1
Stock Market Update: Novartis acquires The Medicines Co. for nearly $10 billion,1
Strides To Acquire 18 Abbreviated New Drug Applications From Pharmaceutics International,1
"Sun Kissed Acquires Hakuna Supply, an Award-Winning Commercial Stage CBD Products Company",1
"Taurus Investment sells $614m logistics portfolio, exits fund",1
"TD Ameritrade stockholders would get 1.0837 Schwab shares for each TD Ameritrade share, representing a 17% premium.",1
Telidyne Announces Purchase of 56% Stake in Ducon Infratechnologies Ltd,1
The big LVMH-Tiffany deal is getting closer,1
"Tiberius Acquisition : CFTC Approves One Final, Two Proposed Rules at December 10 Open Meeting #TiberiusAcquisition…",1
"Tilray, Privateer Holdings Close Merger Deal",1
T-Mobile CEO takes the stand in T-Mobile/Sprint merger trial,1
"T-Mobile is eyeing a price cut in its merger with Sprint, sources say",1
Toronto-Dominion to Own 13% Charles Schwab Stake After Ameritrade Deal #TorontoDominionBank #Stock #MarketScreener…,1
Total gets Libya's approval to acquire Marathon Oil concession,1
UniCredit cuts further its stake in Turkey's Yapi Kredi,1
"United Bankshares to buy Carolina Financial for a 16% premium, in a deal valued at $1.1 billion",1
United Bankshares to buy Carolina Financial in a stock deal valued at $1.1 bln,1
UPDATE 1-Canadian Competition Bureau clears Pembina's Kinder Morgan buy,1
UPDATE 1-Novartis eyes Medicines Co to boost cardio franchise - report,1
Upland Software acquires Localytics for $67.7M,1
Vonovia : Hembla Acquisition Becomes Final #Vonovia #Stock #MarketScreener,1
Winklevoss brothers acquire crypto collectible startup,1
Zayo Group to Consider Sale of Colocation Division,1
"#DailyDataPoint: For the U.S., the December tariff round on China would have more costs than benefits (via…",0
Nonfarm Payroll Revisions- October revised to 135K from 189K; September revised to 193K from 180K,0
November Nonfarm Private Payrolls 125K vs 153K consensus,0
November Unemployment Rate 4.9% vs 4.1% consensus,0
Canada reports 71K job loss in November,0
Coronavirus impact hits auto supply chain,0
2019 jobs gains revised down slightly to 2.09 million,0
"A new WTO ruling is allowing for $7.5 billion in tariffs on EU goods, meaning your favorite French wine is about to…",0
A railway strike is gripping Canada’s $1.7 trillion economy,0
A surge in the number of people who can’t pay their debts is raising eyebrows in Canada (via @fournierwire &…,0
About half of U.S. small businesses haven't paid their full rent or mortgage yet this month as a result of the coro…,0
Americans are predicted to fall behind on their credit card bills at the highest rate in a ten years,0
Americans' outlook on the economy faltered significantly last month as the coronavirus crisis began to take hold in…,0
Americans' outlook on the economy faltered significantly last month as the coronavirus crisis began to take hold in…,0
"Australia Cuts Forecasts for Wage Increases, Economic Growth and Budget Surplus",0
Blue-collar hiring in the U.S. has slowed to a trickle: Rex Nutting,0
Brazil tropical fruit exports to EU hit by coronavirus - industry group #economy #MarketScreener…,0
Brazil's Current Account Deficit Widened in October #economy #MarketScreener,0
"BREAKING: Mortgage forbearance requests jump nearly 2,000% as borrowers seek relief during coronavirus outbreak",0
Business growth in Dubai stalled while jobs disappeared at the fastest pace in at least a decade in the latest sign…,0
"California boosts pot taxes, shocking unsteady industry",0
Canadian Business Optimism Was Fading Before Pandemic Concerns Intensified #WTI #Stock #MarketScreener…,0
Canadian consumers filed the largest number of insolvencies in almost a decade at the end of last year,0
"Capacity Utilisation In Manufacturing Sector Drops To Lowest In A Decade, RBI Survey Shows",0
Chain store sales cool down,0
Chain store sales fall back from recent pace,0
China debates drastically reducing or even abandoning its economic growth target,0
.@KansasCityFed labor market conditions indicators for March register the largest single-month declines in the hist…,0
China Virus Crisis Roils Supply Chains for Global Manufacturers,0
China won't resort to massive infrastructure stimulus as investment slows,0
China’s Trade Likely Shrank in January Ahead of Holiday Shutdown,0
"China's electric car sales slump, squeezing automakers",0
"China's GDP growth this quarter will be 0%, according to top economist Ed Hyman",0
China's Hebei province imposes total ban on P2P platforms,0
China's house price growth to hit five-year low in 2020 - Reuters poll #economy #MarketScreener…,0
China's Skyscraper Boom Comes Crashing Down Amid Developer Default,0
"Chinese investment in clean energy is plummeting — down from $76bn during the first half of 2017, to $29bn during t…",0
"CN Rail Strike Begins in Threat to Canadian Oil, Grain Cargo",0
"CN Rail Strike Begins, Threatening Canada Oil, Grain Shipments",0
Janet Yellen says second-quarter GDP could decline by 30% and unemployment is already at 12%-13%,0
Consumer Insolvencies Approach Record in Debt-Weary Canada,0
Core US PPI surprises on the downside,0
CPI Inflation Surges To 5.54% In November,0
Credit Suisse's James Sweeney expects a modest move higher in core inflation,0
"Customer Complaints Spike In FY19, Up 50% In Three Years, Says RBI Report",0
"Dozens of U.K. retailers have been forced to close stores and slash rents as they compete with online rivals, sendi…",0
Dubai's jobs disappeared at the fastest pace in at least a decade in the latest signs of strain on the Middle East'…,0
Dubai's Jobs Vanish at the Fastest Pace in a DecadeÃ‚Â,0
Egypt's inflation inched higher for a third straight month in urban parts of the country,0
"The New York Fed's March survey of consumer expectations showed ""a substantial deterioration in financial and econo…",0
Employee furloughs in the retail industry are now well over 1 million after one of America's biggest clothing store…,0
EU Poised to Send Warning to China on 5G,0
Eurozone Manufacturing Recession Although Not The Eurozone As A Whole. #markets #economy #finance,0
"Fed's ""National Activity Index"" Plunges To 2-Year Low",0
Fmr. White House advisor says Trump will slap tariffs on China in December,0
Fourth-quarter unit-labor costs climb 1.4%,0
German industrial orders fell unexpectedly in October as demand at home and from outside the euro zone weakened. Mo…,0
German Industry Slump Set to Cast Shadow on Economy Through 2020,0
German Recession Risk Returns With Crisis-Era Plunge in Output,0
"Global growth could slow by 1% if the coronavirus outbreak continues, Blackstone's Byron Wien says....",0
"Higher Real Rates Affect Economic Growth, Says Bank of America Securities",0
"Household debt jumps the most in 12 years, Federal Reserve report saysÂ",0
IHS Markit sees U.S. GDP growth falling to 2.1% in 2020 from 2.5% in 2017-2019,0
"IMF Likely To Downgrade India’s Growth Forecast Significantly In January, Says Gita Gopinath",0
India IIP Data: Industrial Production Contracts 3.8% In October,0
Indonesia Braces for Export Hit as Virus Saps Chinese Demand,0
Indonesia is grappling with surging garlic prices as the coronavirus spurs fears over supply disruptions in China,0
"January jobs report isn't a 'breakout to the upside', economists say",0
Japan declares state of emergency #economy #MarketScreener,0
Japan Recession Risks Prompt Forecasts of 2020 Contraction,0
"Japanese companies prepare to close retail stores, restaurants, movie theaters and offices, after the government de…",0
JPMorgan anticipates ‘disorderly’ year-end funding pressures again as banks retrench,0
Kenya GDP growth to drop to 3% or less in 2020 due to novel coronavirus - finance minister #economy #MarketScreener…,0
Kudlow says China tariffs still on table for Dec. 15,0
KUDLOW SAYS TRUMP IS NOT READY TO SIGN ANY TRADE DEAL WITH CHINA,0
"KUDLOW: NO PLANS FOR CHINA, U.S. LEADERS TO MEET AT PRESENT Tariff deadline is in 9 days",0
Lackluster U.S. retail sales cast shadow on fourth-quarter economic growth,0
Leading institutes see German economy shrinking 4.2% this year - sources,0
"Loss of working hours to equal 195m full-time jobs, UN agency warns",0
Majority of U.S. firms in China see revenue hit from coronavirus: AmCham survey,0
"Many small businesses in the U.S. were vulnerable even before the coronavirus crisis hit, a New York Fed report sho…",0
Mass layoffs push Canada consumer confidence to all-time low,0
Mexican Economy Stagnated in Third Quarter #economy #MarketScreener,0
Mexico’s Economy Suffered Slight Recession in First Half,0
More foreign firms abandoned U.S. deals amid Trump administration scrutiny: report,0
New wind farm financing in Europe to face delays in 2020: report,0
NEW: Sentiment among U.S. small businesses collapsed in March by the most on record,0
November retail sales fall short of expectations amid holiday shopping season,0
Optimism among U.S. small businesses plummets by most ever via @business,0
"Panic buying, trade curbs cause shortages of coronavirus drugs in EU #economy #MarketScreener…",0
Policy changes to reduce global warming could force a net $1.6 trillion repricing in sectors from energy to agricul…,0
Potential global slowdown stokes expectations of a cut in interest rates,0
Prices for key food staples are starting to soar in some parts of the world,0
Protests Hit Hong Kong Property Market,0
Retail sales growth softens,0
"Retail sales minus gas, autos flat in November",0
Risk of recession returns to Germany,0
S.F. Fed's Daily News Sentiment Index shows mood worsened in January,0
Small Business Optimism Crashes By Most Ever,0
South African Business Mood Has Worst Start to Year Since 1993,0
State Borrowings Set To Surge In FY21 Amid Revenue Slowdown: ICRA,0
Stock Market Update: NAHB Housing Market Index ticks down in November,0
Stock Market Update: Trade enthusiasm continues to wane,0
Strong demand for the small business relief program is “a really good sign for what the economy might look like 2-3…,0
Surprise German Factory Order Slump Shows Worst Isn't Over,0
Taiwan Exports Plummet as Coronavirus Threatens Trade Recovery,0
The biggest U.S. retail organization warns that imports are falling sharply -- a sign that supply chains will be di…,0
The euro-area economy came close to a halt in November as the steep decline in manufacturing spread further into se…,0
"The longer coronavirus dents China's industrial output, the bigger the risk to global supply chains",0
The number of U.S. homeowners who have stopped making mortgage payments is surging,0
The number of U.S. homeowners who have stopped making mortgage payments is surging,0
"The outlook for Finland's economy has dramatically worsened due to the coronavirus outbreak, with the country's cen…",0
The U.S. resident population may have grown at its slowest peacetime rate ever in 2019,0
This State’s Unemployment Rate Is 70% Higher Than America’s,0
This week in Trumponomics: 'Phase one' fizzles by @rickjnewman,0
Tobacco exports from Tanzania-a key crop and source of foreign exchange-could drop as much as 20% this year because…,0
Tobacco exports from Tanzania-a key crop and source of foreign exchange-could drop as much as 20% this year because…,0
Trucking companies failing at nearly triple the rate of 2018,0
Trump Has Few Options to Juice the Economy Ahead of November,0
Trump threatens China with higher tariffs if trade deal not made,0
Trump's Dec. 15 China tariffs threaten a long list of Christmas favorites,0
U.K. labor market freezes during Brexit and election uncertainty,0
U.S. consumer debt grew in February by the most in 7 months,0
"U.S. consumers fear for jobs, debt payments because of coronavirus: New York Fed survey",0
U.S. December wholesale inventories revised lower,0
U.S. deficit soars to $342 billion in two months via @FoxBusiness,0
"U.S. economy is in a contraction, says Larry Kudlow, adding that it could reopen in four to eight weeks",0
U.S. farms face crop losses due to foreign worker delays #economy #MarketScreener,0
U.S. job cuts double in January: Challenger,0
"U.S. job openings remained elevated in February, prior to the unprecedented surge in layoffs",0
U.S. Productivity Rose Less Than Forecast in Fourth Quarter,0
U.S. Retail Sales Miss Forecasts as Restaurants Decline,0
"U.S. retail sales rise 0.2% in November, below forecast",0
U.S. wholesale inventories drop 0.2% in December,0
UK housing market on hold due to coronavirus crisis - Halifax,0
"Unemployment could already be at 12-13%, and second-quarter GDP could decline by at least 30%, former Fed Chair Jan…",0
US Fertility Rate Hit Record Low In 2018,0
Vehicle sales dropped by almost 2 million from only two years ago. How will car companies respond? (via @bopinion),0
Wholesale inventories in the U.S. slip 0.2% in December,0
Wholesale trade underwhelm in December,0
Why China's coronavirus is more dangerous for the global economy than SARS was in 2003 via @BW,0
"With milk prices plunging to lows, dairy farmers are dumping the product to curb an oversupply during the…",0
World trade drops sharply in September,0
"World trade to remain below trend as tensions continue, WTO says",0
WTO expects tariff to threaten global goods trade,0
January University of Michigan Consumer Sentiment- Revision 99.8 vs 99.1 consensus;...,2
Nonfarm Payroll Revisions- October revised to 156K from 128K; September revised to 193K from 180K,2
"November Average Hourly Earnings M/M +0.2% vs +0.3% consensus, prior +0.36% from +0…",2
November Nonfarm Private Payrolls 254K vs 175K consensus,2
November Unemployment Rate 3.5% vs 3.6% consensus,2
Soybeans rebound as China trade talks make progress,2
Economic Summary: Nonfarm Payrolls in November blow past expectations; Unemployment ticks lower to 3.5%,2
Market Briefing: Broad-based jump on employment data,2
2019 productivity advances to 9-year high of 1.7%,2
A Chinese move on intellectual property is a promising sign for trade talks. The Open panel discusses…,2
America’s states are increasing their spending at the fastest pace since the end of the Great Recession,2
"At the end of October, housing inventory nationwide fell to a 3.9 month supply, according to NAR. A healthy market,…",2
"BofA: ""the gradual pickup in wage growth should keep the Committee cautiously optimistic and overheating the econom…",2
Building permits rise to highest level since 2017,2
Business activity in France picked up slightly this month as the euro zone’s second-biggest economy battles to keep…,2
Canada’s Labor Market Picks Up Steam for Second Month,2
Canada’s trade deficit of goods narrowed in October and came in slightly ahead of expectations,2
Central Bank of Philippines : Inflation Eases Further to 2.5 Percent in March #CentralBankofPhilippines #economy…,2
Atlanta Fed hikes Q4 GDP estimate,2
"Chile Stuns Markets as Unemployment Falls, Manufacturing Rises",2
"China Becomes Top Filer of International Patents in 2019 Amid Robust Growth for WIPO's IP Services, Treaties and Fi…",2
China Bucks Global Research Cuts as Analyst Count Hits Record,2
China set to cut tariffs on $75B in U.S. imports by 50%,2
China Set To Halve Tariffs On $75 Billion Of U.S. Goods,2
China suspends planned tariffs scheduled for Dec. 15 on some U.S. goods,2
China suspends planned tariffs scheduled for December 15 on some U.S. goods,2
"China to buy additional $32 billion in U.S. farm goods over two years, sign deal in January: USTR",2
China to Suspend Additional Tariffs on Certain U.S. Goods,2
"China, U.S. had 'constructive' phone call on trade - Xinhua",2
Conference Board's Employment Trends Index Rises in January #economy #MarketScreener,2
Consumer Credit Growth Rebounds In October #economy #MarketScreener,2
Consumer sentiment improves quite a bit in December,2
Consumer sentiment up in Decemeber,2
CoreLogic Reports February Home Prices Increased by 4.1% Year Over Year,2
"Cowen survey forecasts stores to reopen in June, Ulta and Planet Fitness will recover quickly",2
"Demand for HK Property Is Very Strong, Says Midland Realty's Lau",2
"Dubai economy grew 2.1% in first half of 2019, says Emirate's Media Office",2
E-Commerce retail sales up 5% Q/Q,2
"Economist Slok sees no U.S. recession, ""benign"" markets in 2020",2
"Ending joint filing would lead to a 15.5 percentage point jump in women's labor-force participation, the IMF found…",2
Equipment and Event Rental Industry in the U.S. Continues Steady Growth Pattern,2
"Ethiopia's wheat output jumped about 70% this decade, it has failed to keep pace with rising demand",2
EU Trade Commissioner Phil Hogan says a political agreement on the shape of a new trading relationship with the U.K…,2
"European car sales up 8.6% in Oct, driven by VW rebound - ACEA",2
"Consumers, the engine of U.S. growth, still feel good, NY Fed says",2
"Financial Stability Report: Contagion Risk From NBFCs Falls, Says RBI",2
"First-time U.S. jobless claims drop to 202,000",2
Foot traffic at U.S. malls is on the rise as the Thanksgiving holiday approaches,2
Fourth-quarter U.S. productivity rises 1.4%,2
"Four-week jobless claims average falls 3,000 to 211,750",2
France Won’t Exclude Huawei From 5G Networks: Pannier-Runacher,2
"From the new quarterly forecast: The estimate of long-term unemployment continues to inch lower, now being cut to 4…",2
Goldman sees the economy surprising in 2020 and these stocks benefiting most from the rebound,2
Government data showed hiring saw the biggest surge in 10 months in November. Employers added a much stronger-than-…,2
Grain Futures Rise on U.S.-China Trade Hopes #Stock #MarketScreener,2
Hours worked in fourth quarter increase 1.1%,2
IHS Markit reduces global recession probability to 1 in 5; sees 'green shoots' sprouting in 2020,2
"In its 2020 equity outlook, Goldman predicts the S&P 500 will rise by 5% to 3250 in early 2020. ""However, rising po…",2
Increase in October sales raised to 0.4% from 0.3%,2
Indian sugar exports poised to hit record 5 million tonnes this year,2
"Initial U.S. jobless claims drop 15,000 to 202,000",2
Irish demand for social benefits soars as coronavirus bites #economy #MarketScreener,2
"January jobs report: Economy adds 225,000 payrolls, unemployment rate ticks up to 3.6%",2
Japan Edges Closer to Ratifying Trump’s Phase One Trade Deal,2
Job Openings in U.S. Unexpectedly Rose in October to 7.3 Million,2
Job Openings Smash Expectations In Delayed JOLTS Report,2
Jobless claims hit multi-year low,2
JPMorgan's Jamie Dimon said he expects to see a phase-one trade deal between the U.S. and China,2
Kudlow calls U.S.-China deal 'close' as talks in 'intense' phase,2
Kudlow Says Xi Reassured Trump Trade Purchases Goal Will Be Met,2
Kudlow sees no signs U.S. economy is nearing end of the cycle,2
"Leafly Jobs Report: Cannabis is the fastest-growing American industry, surpassing 240,000 jobs",2
Lloyds Banking : Value of UK exports to non-EU countries rises in 2019 #LloydsBanking #economy #MarketScreener…,2
Mild weather boosts U.S. job growth; unemployment rate rises,2
Morgan Stanley says global growth should recover in 2020 as trade tensions and monetary policy ease,2
New Residential Q4 origination production surges 85% Q/Q,2
"November job gains revised up to 261,000 from 256,000",2
October consumer credit up 5.5%; revolving credit up 8.8%; nonrevolving credit up 4.3% (SAAR):,2
October Credit Card Usage Surges To All Time HIgh As Americans Regain Their Spending Mojo,2
October Housing Starts Maintain Solid Upward Trend,2
October Trailer Orders Hit 11-Month High,2
"Our December Snapshot was fairly positive. Payroll employment increased, the #unemployment rate fell and housing ma…",2
Output in fourth quarter up 2.5%,2
Pending home sales squeak past estimate,2
PMI Survey Comments Signal Calmer Waters Before Possible Coronavirus Storm. #markets #economy #stocks,2
POLL-U.S. housing outlook improves but not breaking new ground - Nasdaq,2
President Donald Trump said there is “a very good chance” to make a trade deal with China but that unrest in Hong K…,2
President Trump reportedly walks away from vaping ban,2
Probability of a recession pretty low: strategist,2
Retailers Call China Trade Agreement ‘Right Direction’ But Say a Final Deal is Needed,2
Retailers may be able to expect a boost from Black Friday sales as consumer sentiment stays strong. Insights via…,2
Rise in U.S. Labor-Force Participation Led by Millennial Women,2
Soybeans are snapping out of a slump as officials signal optimism that the U.S. and China will reach a trade deal,2
Soybeans Nudge Higher After China Makes Small Tariff Cut,2
Stock Market Update: January nonfarm payrolls exceed expectations,2
Stock Market Update: Trade balance deficit narrows in November,2
Stock Market Update: U.S. offers to cut existing tariffs and cancel Dec. 15 tariffs,2
Stock Market Update: Weekly jobless claims drop below consensus,2
Sunny days lift restaurant sales in January,2
The amount of electricity generated from coal jumped 7% in the developing world last year,2
The Consumer Economy Continues to Shrug Off Industry's Woes,2
"The RBA Turns Dovish, with Focus on Trade to Persist Throughout The Day",2
The world is getting windier and it could mean a big boost for alternative energy,2
Toronto Home Prices Post Fastest Annual Gain in Over Two Years,2
Total construction spending in the U.S. rose 0.6% in November to a seasonally adjusted annual rate of $1.324 trilli…,2
Trump said that a long-negotiated trade deal with China is “potentially very close” this morning.,2
Trump Warms to Doing China Trade Deal Soon Ahead of Key Meeting,2
Trump’s Farmer Base Will Make More Money Thanks to Trade Deal,2
"U.S. added 266,000 jobs in November, the biggest jump in ten months, despite a slump in the manufacturing sector an…",2
U.S. Claims for Jobless Benefits Fall to Lowest Since April,2
U.S. consumer debt rose more than forecast in October,2
U.S. consumer sentiment rose to a 7-month high,2
U.S. consumer sentiment rose to a seven-month high,2
"U.S. creates 225,000 jobs in January, unemployment rises to 3.6%",2
"U.S. economy adds 225,000 jobs in January; 2019 annual figure revised downward",2
U.S. exports to China to nearly double in 'totally done' trade deal: Lighthizer,2
U.S. growth outlook in 2020 improves despite trade risk: Fannie Mae,2
"U.S. Hiring Strengthened in November, Fueling Expansion -- Update #economy #MarketScreener",2
U.S. housing market regaining steam; manufacturing stabilizing,2
U.S. housing starts climb 3.8% in October,2
"U.S. Job Report Looks Likely to Show Hot 2020 Start, Cooler Past",2
U.S. jobs growth beats expectations for January,2
"U.S. Jobs Top Estimates With 225,000 Gain, Wages Accelerate",2
U.S. offers China tariff rate cut; announcement 'imminent',2
U.S. productivity rises in fourth quarter,2
U.S. Services Gauge Climbs to Five-Month High on Gain in Orders,2
U.S. trade deficit in goods drops to $63.2 billion in November,2
US Homeowner Equity Rises by $457 Billion in Past 12 Months,2
USMCA Deal a Victory for High-Tech Trade Blog: 12/10/19 #economy #MarketScreener,2
We got 3 pieces of good news about the U.S. economy on Wednesday: Morning Brief,2
Wheat Futures Jump as Virus-Stricken Nations Seek Food Security #Stock #MarketScreener,2
White House adviser says UK's 5G actions won't hinder trade deal,2
Germany Supports Rescue Loan For Italy Through Euro Area Bailout Fund,2
"St. Louis Fed Economic News Index, our #realGDP “nowcast,” projects growth in Q4 of 1.6%, up slightly from the prio…",2
St. Louis Fed Financial Stress Index declines to -1.319 in the latest reading (normal stress=0). See the longer-ter…,2
January Chicago PMI 42.9 vs 48.7 consensus; December 48.9,1
November Average Workweek 34.4 vs 34.4 consensus,1
Fannie and Freddie tap the brakes on backing some riskier loans - WSJ,1
Economic Summary: No US data today; Consumer Confidence out tomorrow at 10:00 ET,1
12-month rate of core PPI slips to 3-year low of 1.3%,1
12-month rate of increase in PPI stays at 1.1%,1
Administration Proposal to Create a Uranium Reserve Addresses a Glaring Vulnerability #Stock #MarketScreener…,1
Argentina May Return to Kirchner's So-Called Tourist Dollar Fees,1
Argentina Returns to Kirchner’s So-Called Tourist Dollar Fee,1
"As countries move up the income ladder, the proportion of people who work in agriculture declines",1
Australia to Boost Recycling Innovation Through $69 Million Fund,1
Auto suppliers rally on tariff relief hopes,1
Boris Johnson Set to Back High-Speed Rail Project Despite Costs,1
Boris Johnson suggests the chances of London's Heathrow airport building a third runway anytime soon are lowÂ,1
"Both sides confirm U.S./China ""phase one"" deal",1
Brazil Pushes Its Great Downsizing and Rakes In $5.2 Billion,1
Brazil’s national security body is conducting a broad risk review before the country chooses a partner to build its…,1
Brookfield Office Properties : Black Knight's First Look at October 2019 Mortgage Data ...…,1
BTS Bureau of Transportation Statistics : Third Quarter 2019 U.S. Airline Financial Data #BTS #economy…,1
Budget 2020 Provides ‘Discreet And Considered’ Stimulus: Finance Minister,1
California Homebuilders Rush to Get Ahead of New Solar Mandate,1
Atlanta Fed Business Inflation Expectations declined in February,1
Atlanta Fed model for Q4 real GDP growth at 0.4%,1
"China Crypto Crackdown Elicits Binance, Tron Weibo Appeal",1
China is in preliminary talks to support the EU's backup plan for settling international trade disputes,1
China targets 'around 6%' growth in 2020 - Reuters,1
China Was Willing to Sign Similar Trade Deal 18 Months Ago: Haitong International,1
China's Global Times releasing another trial balloon saying deal is done with tariff rollbacks. Same thing happened…,1
Chinese importers scoop up Brazilian soybeans amid U.S. trade uncertainty - Reuters,1
Australia's Finance Minister: No Need for More Fiscal Stimulus,1
"Austrian Finance Minister Gernot Bluemel says the debate over coronabonds is ""hypothetical""",1
Consumer Cos Up On Optimism Ahead Of Holiday Shopping Kickoff -- Consumer Roundup #economy #MarketScreener…,1
Consumer Credit beats consensus,1
"Consumer Credit Soared In February, Just Before The Economy Shut Down",1
"Corporate profits are down in 2019, S&P is up 24%, or as Goldman says ""these returns likely would not have been pos…",1
"Corporate profits are flat in 2018, S&P is up 24%, or as Goldman says ""these returns likely would not have been pos…",1
CSA Canadian Securities Administrators : October 2019 Monthly Economic Review #CSA #Stock #MarketScreener…,1
Defence Expo: $5 Billion Defence Export Target To Be Achieved By 2024: Rajnath Singh,1
Delayed U.S. Corn Harvest Has Resulted In Chaos For Trade Routes,1
Doubts Surface on $50 Billion in China Farm Buys Touted by Trump,1
DOWN UNDER TRUCKING: Australia's Unfinished Trucking Reforms,1
Economic Calendar Mon 11/25/19 via Econoday Chicago Fed National Activity Index 8:30 AM ET Dallas Fed Mfg Survey…,1
"Edelweiss Launches Bharat Bond ETF, Targets Rs 15,000 Crore",1
EU countries back tough line on 5G suppliers in potential blow to Huawei,1
EU goes into meeting frenzy ahead of February 20 summit on next seven-year budget,1
EU governments ratchet up demands ahead of contentious talks about the bloc's post-Brexit relationship with the U.K.,1
EU Toughens Negotiating Demands Before Brexit Trade Talks Start,1
Europe Braces for Trump's Tariff Carousel,1
Exclusive: France ramps up pressure to shift $200 billion euro clearing away from London - sources,1
"Exclusive: UK's Labour sticks to 'basic' $20 cyber defense after attacks, emails show",1
February consumer credit up 6.4%; revolving credit up 4.6%; nonrevolving credit up 7.0% (SAAR):,1
"FHFA to re-propose capital rule for Fannie, Freddie next year",1
"Finance Ministry Working On Financial Resolution And Deposit Insurance Bill, Says Sitharaman",1
Financial Leasing Sector in Serbia & Third Quarter Report 2019 #Stock #MarketScreener,1
Fiscal stimulus needed to revive India's stuttering economy: analysts,1
Flight Centre Travel : FMI Applauds Agreement on the United States-Mexico-Canada Agreement #FlightCentreTravel…,1
"For the first time in history, India is investing more money in solar power than fossil fuels",1
France Ready to Back Consolidation Among Car-Parts Suppliers,1
France's 5G spectrum to be sold at floor price of 2.17 billion euros: minister,1
"From Farms to Silicon Valley, U.S. Businesses Stand to Gain From USMCA -- Update #economy #MarketScreener…",1
Gauging Value In Mortgage REIT Preferreds. #business #investing #trading,1
Germany’s Climate Targets at Risk After Underestimating Electricity Needs,1
"Global growth is projected to edge up to 2.5% in 2020, with advanced economies slowing to 1.4% and emerging market...",1
"Global health care benefit cost increases will vary widely in 2020, says Willis Towers Watson",1
Global military spending hit a post-Cold War high of $1.8 trillion in 2018. With a growing U.S.-China rivalry and f…,1
Global Trade Momentum Rises for First Time in Four Months,1
Goldman is disappointed in trade deal: Tariff rollback 'smaller than expected',1
"Goldman on jobs and the Fed: ""We do not see significant implications of today’s report for monetary policy, beyond…",1
"Goldman Sachs says the impact of the coronavirus will be ""limited"" -- global damage could be as low as 0.1 percenta…",1
"Good news/bad news: Jobs growth continues, construction spending falters",1
GRAIN HIGHLIGHTS : Top Stories of the Day #Stock #MarketScreener,1
Greenhouse gas emissions in the U.S. are forecast to decline by a whopping 7.5% this year,1
Growing U.S. Wage Pressure Coming From Lower-Paying Jobs,1
Hong Kong House Prices Stay Stubbornly High in Face of Unrest,1
House approves final part of spending package,1
House passes first part of spending package to avert shutdown,1
Housing Starts,1
How Chinese tariffs on U.S. imports will stand after February 14 cuts,1
"IHS Markit sees lower risk of global recession, while U.S. growth is expected to slow next year",1
IMO International Maritime Organization : Preparations intensify as 1 January 2020 global ... #IMO #economy…,1
Income tax payments by the top 0.001% have surpassed those by the bottom 50%,1
india confirms iPhone exports,1
India In Talks With Rosneft To Invest In Far East Russian Cluster,1
"India is planning to offer incentives to 324 companies, including Tesla, to set up factories there",1
India's October 1-November 15 sugar output down 64% - industry body,1
India's Paytm raises $1 billion in fresh funding #economy #MarketScreener,1
Indonesia is preparing $40 billion for a railway network to rival Singapore’s,1
Italy reported the lowest number of new coronavirus infections in nearly three weeks,1
Italy’s Plans for a Minimum Wage Stay on Paper for Now,1
Italy’s Sardines Rally in Backlash Against League’s Salvini,1
Japan Approves Ship Dispatch for Middle East Intel Gathering,1
Jobs heatmap,1
JUST RELEASED: Inflation Expectations Remain Unchanged in January #SCE,1
Kenya needs to spend $10.2 billion over the next five years if it is to clear a backlog of required new roads and m…,1
"Korea Hits New Record of 300,000 Industrial Robots in Operation – IFR Reports",1
"Kudlow: no arbitrary deadlines in U.S.-China trade talks, Dec 15 important",1
Labour sets out advanced world’s harshest corporate tax regime,1
Large migration flows from #Venezuela are expected to place immediate pressures on fiscal spending and labor market…,1
LATEST: Top economic adviser Larry Kudlow says the Trump administration hasn’t made a decision about re-imposing st…,1
Live: PM Modi Says Have Kept Fiscal Deficit And Inflation In Check,1
Maharashtra Chief Minister Devendra Fadnavis Announces Rs 5.3-Lakh Crore Relief For Farmers,1
Malaysia to Publish Oil-Palm Concession Maps in Traceability Bid,1
Mexico objects to labor enforcement provision in North American trade deal,1
Mexico Official Complains About 3-Way Trade Deal in Tweetstorm,1
Mexico will never accept 'disguised' labor inspectors under USMCA: foreign minister,1
"Mild weather boosts U.S. job growth in January, but momentum slowing",1
"Mnuchin: 'If we don't get it done this year, it will be top of the list' next year, on infrastructure",1
Mnuchin: 'Our big focus right now is implementing phase one',1
Mnuchin: President is willing to cut tariffs but as part of phase 2,1
Mnuchin: 'The president is very focused on getting an agreement with the EU' on trade,1
New tariffs are set to go into place on December 15 that would affect a variety of consumer products such as Chines…,1
"No Date Set for U.S.-China ‘Phase Two’ Talks, Lighthizer Says",1
"No 'phase two' U.S.-China deal on the horizon, officials say - Reuters",1
"No 'phase two' U.S.-China deal on the horizon, officials say #economy #MarketScreener",1
Norway hopes to cut carbon dioxide emissions by requiring airline suppliers to blend their aviation fuel with 0.5%…,1
November Payrolls Preview: This May Actually Matter,1
OECS Organisation of Eastern Caribbean States : Music Talk held in Montserrat #OECS #economy #MarketScreener…,1
Poland has brought home about 100 tons of gold from the Bank of England in a bid to demonstrate the strength of its…,1
Productivity and Costs increase 1.4% in Q4,1
Putin Aide Tells Companies to Prepare for Harsh EU Carbon Tax,1
"Quite Convinced There Will Not Be a Phase Two Trade Deal, Says Matt Gold",1
RECAP 12/10 TRUMPSAYS: It will be the best and most important trade deal ever made by the USA. Live Breaking trad…,1
Record Gasoline Prices in Australian Cities Spark Boycott Call,1
Rural land reform upsets China’s villagers,1
Scottish salmon producers say Brexit will cost them $11 million #economy #MarketScreener,1
Senate approves defense policy bill that includes Trump's Space Force,1
SGX Singapore Exchange : Metropolitan Area Employment and Unemployment (Monthly) #SGX #Stock #MarketScreener…,1
South Africa Plans Duties on Poultry From U.S. And Brazil,1
South Africa's big supermarkets told to drop exclusivity clauses in mall leases #economy #MarketScreener…,1
South32 : Rep. LaHood Statement on USMCA Agreement #South32 #Stock #MarketScreener,1
"Swiss government is in favor of wholesale digital currency, but not retail",1
The Dutch government wants to shrink the nation's hog industry to improve air quality,1
The EU’s trade chief warns that post-Brexit Britain and the EU would struggle to reach a free-trade agreement befor…,1
The January Survey of Consumer Expectations shows that both short- and medium-term inflation expectations remained…,1
"The measure for the expected change in the cost of medical care reached a new series low at 5.7 percent, according…",1
The Recent Rebound In Monthly Employment: Contradictory Micro And Macro Indications. #business #markets #investing,1
The threat of a new transatlantic trade war over a tech tax is diminishing after 137 countries agreed to continue n…,1
The Trade Deal Will Intensify The U.S.-China Rivalry,1
The U.S. and China are trying to agree on the amount of American agriculture products that Beijing is willing to pu…,1
The U.S. lifted sanctions against a unit of China's biggest shipping company that was accused of hauling Iranian cr...,1
This chart shows that the U.S.-China trade war has dominated discussions since August.,1
"Trade talks with China have been “intense,” Larry Kudlow says. “This is a very important matter.”…",1
"Trade War Update: Who Will Lose Patience First, China Or Trump?",1
Trump says he will soon release plan allowing states to import drugs from Canada,1
U.K. Regulator Keeps Energy Price Cap Stable,1
"U.K. Seeks Simpler Tariffs, U.S. Deal to Boost Post-Brexit Trade",1
U.K.'s Johnson to Spend 5 Billion Pounds on Bus Service Overhaul,1
"U.S Mortgage Rates Were on the Rise, with More Likely to Come",1
U.S. and China to link tariff relief with failed deal from May - Bloomberg,1
"U.S. breaks off defence cost talks, as South Korea balks at $5 billion demand",1
U.S. consumers increased their credit use at a much faster pace in February,1
U.S. GDP Rose By $850 Billion In 2019 As U.S. National Debt Surged By $1.2 Trillion. Debt-To-GDP Ratio Hit 108%....,1
U.S. Regional Economic Predictions For 2020. #stocks #stockmarket #markets,1
U.S. 'Section 232' auto decision on hold for possible U.S.-EU trade deal: Kudlow,1
"U.S.-China trade deal 'totally done,' will expand U.S. exports: Lighthizer",1
UK seeks big tariff reductions in U.S. trade deal,1
Underlying Euro-Area Price Pressures Are Gradually Recovering,1
Unemployment Rate Seen Holding at 3.5% -- Data Week Ahead #matprem #MarketScreener,1
UPDATE 1-Venezuela opposition cuts deal to delay possible Citgo seizure,1
"US Economy in ""Late-Cycle"" Phase? ETFs to Play",1
"US wants China trade deal but won't turn blind eye to Hong Kong, Trump national security advisor says",1
USCIB United States Council for International Bu : Urges Resolution to Impasse Over Appellate Body at WTO #USCIB…,1
USDA Chicago Terminal Grain - Feb 10 #matprem #MarketScreener,1
USDA Supply/Demand : World Wheat-Feb 11 #Stock #MarketScreenerÂ,1
USDA United States Department of Agriculture : Secretary Perdue Statement on USMCA Agreement #USDA #economy…,1
USDA Weekly By-Product Value Hog Report - Nov 22 #matprem #MarketScreener,1
Used Vehicle Market Softens in October as Wholesale Volume Spikes,1
Wall Street bull Jim Paulsen sees the economy getting stronger but warns of coming pain,1
"Weekly Fuel Report—December 17, 2019",1
Weekly GDP Nowcast: Q4 2019 1.2% Q1 2020 1.5%,1
'We'll see; - U.S. Vice President on whether U.K.'s 5G decision could hurt possible trade deal,1
Westwater Applauds Federal FY 2021 Budget Proposal for Uranium,1
What does Britain want from trade deal with United States?,1
What the January Jobs Report says about the economy,1
White House adviser: Xi told Trump that China will meet trade targets despite virus,1
Zambia Assures Mines of Power as Supply Deal Deadline Looms,1
Zimbabwe Corn Imports at 11-Year High as GM Ban Lifted,1
"Poland is taking heed of recent events in Hungary, where expectations of too much monetary loosening drove the fori…",1
Coronavirus fears could push mortgage rates past 4-year low,1
Mortgage rates rise slightly from three-year lows - here's why low rates won't help home buyers very much,1
TD Ameritrade Investor Movement Index: IMX hits seven-year low in March,0
"500 - The Bubble: Bigger, Fatter, Uglier. #stocks #stockmarket #finance",0
"European Markets Update: DAX -0.3%, FTSE -0.2%, CAC -0.4%",0
"After a day of gains, US stocks lost steam into the close and finished the day lower. The Dow finished 0.1%, or 26…",0
Asian Markets Slip as Trump Threatens Higher Tariffs,0
Asian Shares Tumble as Trump Threatens Higher Tariffs,0
Australian Market Notably Lower - Nasdaq,0
Baltic Dry Index sheds 5%,0
"Bear-Market Bounce Breaks Despite ""Global Money-Printing Orgy""",0
Bets on potential mining defaults surge on worsening sector outlook #AngloAmerican #Stock #MarketScreener…,0
Carbon Markets Fail to Win Backing at UN Climate Talks,0
Crypto Market Losing Hope,0
Dislocation In Credit Spreads Poses Risk For Market (Podcast),0
Dow briefly flips into negative territory as opening stock gains slip,0
Dow down over 500 points on fears about economic impact of deadly China coronavirus.,0
"Dow Drops 400 Points, Turns Red For 2020, Tests Critical Technical Level",0
"Dow futures down 30 points, or 0.1%; S&P 500 futures down 5 points, or 0.2%",0
"Dow futures down 45 points, or 0.2%; S&P 500 futures lose 3 points, or 0.1%",0
Dow futures pare gains as Home Depot's stock sinks 5% after third-quarter earnings,0
Dow futures signal triple-digit retreat from record heights ahead of jobs data,0
Dow industrials down 50 points as Tuesday morning’s gains evaporate,0
Dow Jones Industrial Average retreats 63 points,0
Dow off 0.4%; S&P 500 slides 0.2% late-morning Tuesday,0
"Dow opens about 13 points, less than 0.1%, lower",0
"Dow opens about 91 points, 0.3%, lower",0
Dow turns negative after exploring record heights at opening bell,0
"Dow turns negative, down 12 points, or less than 0.1%",0
E-mini NASDAQ-100 Index (NQ) Futures Technical Analysis – Trade Through 8216.25 Changes Trend to Down,0
European stocks decline amid weak data and coronavirus concerns,0
Final-hour selloff costs stocks all their gains Tuesday as the Dow ends down 35,0
Fixed Income Fund Flows Dominant Over Equities Amid Recession Threat,0
Futures back off after four-day rally ahead of crucial jobs report,0
Futures dip from all-time highs,0
Futures eke out gains after Fed holds rates steady,0
Global markets fall after new tariff threat,0
Global Markets: Asian shares mixed as doubts grow on elusive U.S.-China trade deal,0
GLOBAL MARKETS-Flare-up of Sino-U.S. tensions over Hong Kong knocks world shares off 22-month high,0
Global stocks stumble toward best week since June,0
Global stocks stutter at end of best week since June,0
Growth worries on coronavirus send stocks lower at end of best week since June,0
Health Care Down As Hopes For Rapid Coronavirus Cure Fade -- Health Care Roundup #economy #MarketScreener…,0
Hong Kong stocks slip as whistle-blower doctor dies of virus,0
Hopes Dim for Broad Deal on Global Carbon Market at UN Talks,0
IMX hits seven-year low in March,0
"In the final hours of trading, the Dow gave up a 900-point rally and finished the day slightly negative. The S&P 50…",0
Industrials Down As Investors Await Dire Economic Data -- Industrials Roundup #economy #MarketScreener…,0
Japan Goes Into Reverse on Going Green,0
Major indexes in the red after hitting record highs,0
Major indexes in the red to end record-breaking year,0
Markets trending lower despite positive jobs report,0
Markets Uncertain After Messy China-U.S. Deal Rollout (Podcast),0
Mid-Afternoon Market Update: Dow Tumbles More Than 500 Points; World Wrestling Entertainment Shares Plummet,0
Nasdaq Composite down 0.2%,0
Nasdaq Composite retreats 0.5% at the start of trade,0
"Nasdaq down about 4 points, 0.1%, at open",0
"Nasdaq sheds 21 points, 0.2%, at the bell",0
"Nasdaq-100 futures down 2 points, or less than 0.1%",0
"Nasdaq-100 futures retreat 15 points, or 0.2%",0
One S&P 500 sector could be in for trouble as this bond rally stretches on: Chart analyst,0
Overbought stock market pauses after this week's rally,0
'Panic-selling' briefly reached Friday morning as coronavirus sparks stock-market tumble,0
Rally May Stall For Malaysia Stock Market - Nasdaq,0
"Real Selling Begins As CTAs Start Liquidating, Dealer Gamma Flips Negative",0
"Recent rally could be a 'bear market trap,' says Miller Tabak strategist by @inesreports",0
Red Flags Emerge in U.S. Stocks With Insiders Rushing to Sell,0
S&P 500 and Dow down 0.1%,0
S&P 500 and Down down 0.1%,0
S&P 500 down 0.2%; Nasdaq Composite down 0.3%,0
"S&P 500 down by about 8 points, 0.2%, at the open",0
"S&P 500 down fractionally, about 2 points, at close",0
S&P 500 erases 2020 gains on concern the spread of the coronavirus will slam global economic growth...,0
S&P 500 falls for first time this week as momentum seeps out - KPRC Click2Houston,0
"S&P 500 headed for a 67% downturn? Seems ‘preposterous’ now but so did similar pullbacks begun in 2000 and 2007, sa…",0
S&P 500 joins Dow in negative territory after setting fresh intraday records in early trading,0
S&P 500 opens fractionally lower,0
S&P 500 Price Forecast – Stock Markets Confused By Trade Deal,0
"S&P 500 turns negative, down less than a point, amid uncertainty over phase-one trade deal",0
S&P down 1.15% but TDEX still below 12.,0
"S&P flat, Dow down after disappointing retail results",0
SPDR S&P Retail ETF down 1.3% in premarket trading,0
"Sterling falls on new Brexit fears, stocks edge higher",0
Stock Market 2020: Goldman presents a gloomy ‘unified government’ scenario by @emily_mcck,0
Stock market news live: Stocks sink despite blowout January jobs data,0
Stock Market Update: Financials sector turns negative amid lower yields,0
Stock Market Update: Futures point to lower open amid more trade noise; Target and Lowe's rise,0
Stock Market Update: Futures slip from record highs in front of January employment report,0
Stock Market Update: Global stocks give back gains,0
"Stock Market Update: Market pares gains, chipmakers stay strong",0
Stock Market Update: Semiconductor stocks underperform; ICE calls off eBay interest,0
"Stock Market Update: Stock market set to open lower, Target and Lowe's gain",0
Stock Market Update: Stock market slips to session lows,0
Stock Market Update: Stocks pull back at open despite encouraging employment data,0
Stock Market Update: Stocks See Muted Response To Confirmation Of US/China Trade Progress,0
"Stock Market Update: Stocks set for lower open after strong week, jobs report tops expectations",0
"Stock-index futures extend losses after jobless claims, producer price data",0
Stock-index futures pare gains after report of China concerns over trade deal,0
Stock-index futures turn lower,0
"Stocks are plummeting. Fortunately for you, @JimCramer is here to break it all down:",0
STOCKS AT THE CLOSE: - Dow down down 0.09% - Nasdaq down 0.11% - S&P down 0.07%,0
STOCKS AT THE CLOSE: - Dow down 0.15% - Nasdaq down 0.33% - S&P down 0.18%,0
STOCKS AT THE OPEN: -Dow down 0.36% -Nasdaq down 0.27% -S&P down 0.22%,0
Stocks close lower after trade creates choppy session by @heidi_chung,0
Stocks close mostly lower on earnings concerns,0
"Stocks face 50% odds of correction in 2020, Vanguard’s Davis says",0
Stocks Finish Lower After Paring Losses on U.S.-Mexico-Canada Trade Pact #SP500 #index #MarketScreener…,0
Stocks give up gains. Experts weigh in on the state of the market (via @TradingNation),0
"Stocks have given back most of their gains, and the Nasdaq has turned negative",0
STOCKS NOW: - Dow down 432.22 points - Nasdaq down 111.22 - S&P down 43.90,0
Stocks open lower amid fears of trade impasse,0
Stocks open slightly lower as investors parse trade news,0
Stocks open slightly lower as investors remain uncertain on trade deal,0
Stocks poised to pause record run,0
Stocks retreat from records at the open after jobs report,0
Stocks squeeze out gains Friday as investors don't fully buy China trade deal,0
Stocks Suffer 'Shocking' Down Week As Fed Balance Sheet Unexpectedly Shrinks,0
Stocks wobble in early trade; energy pulls back,0
"Stocks, Bonds, & Dollar Stumble As Traders Reach 'Peak FOMO'",0
Tech Down As Traders Hedge On US-China Deal Prospects -- Tech Roundup #economy #MarketScreener…,0
The #market is seeing strong #tax-loss selling. #Investors who focus on price action are worried.…,0
"The Dow closed 26 points lower today, or 0.1%, after it was up over 900 points earlier in the trading session",0
The Dow just gave up nearly all of its 940-point gain as stock-market rally stumbles headed into the close,0
"The last time Chinese stocks performed this poorly, the country was in the middle of a massive market meltdown",0
The sky is falling as the entire cryptocurrency market crashes,0
Trade fears have produced yet another pop in the VIX index.,0
U.S. equities pared gains after climbing to fresh records as investors digested the latest views from Federal Reser...,0
U.S. stock futures fall on worries over China trade talks,0
U.S. stock market opens lower after hotter-than-expected jobs report,0
U.S. stocks finish lower as trade deadline looms,0
"U.S. Stocks Give Back Gains, End Modestly Lower #SP500 #index #MarketScreener",0
U.S. stocks open lower,0
U.S. Stocks Waver as Viral Outbreak Claims More Lives #SP500 #index #MarketScreener,0
Utilities Down As Treasury Yields Rise -- Utilities Roundup #economy #MarketScreener,0
Virus uncertainty weighs on global shares - NEWS.com.au,0
VIX Warns Of Imminent Market Correction,0
Volatility made its appearance today as the Dow gave up a 1000-point rally. The volatility sword cuts both ways.,0
Wall St. volatility raises fears of another selloff #Samp;P500 #economy #MarketScreener,0
Wall Street has slammed the brakes on one of 2019’s hottest stock-market funds,0
Wall Street pulls back from record highs after four-day rally,0
Wall Street slips as investors look for concrete details on trade deal,0
Wall Street slips from record highs after jobs report,0
Wall Street slips from record highs at open after jobs report,0
Wall Street Warnings Get Louder Now the Everything Rally Is Back,0
WATCH: Dow drops 500 points as worries grow about the economic impact of the coronavirus.,0
"Weekend Review, 11/24: Confirmed Uptrend Both major indexes are down for the week, breaking 7 consecutive up weeks…",0
Why this bull market may have no teeth left,0
"With China Markets Set To Re-Open, US Traders Are Ignoring Two ""Blatantly Obvious"" Issues",0
Cotton futures are trading at their lowest levels since 2010 as the virus forces clothing retailers to shut stores.…,0
"Asian Markets Close: Nikkei +0.8%, Hang Seng +1.5%, Shanghai +0.7%",2
"Asian Markets Close: Nikkei +2.0%, Hang Seng +2.1%, Shanghai +2.1%",2
"European Markets Update: DAX +0.5%, FTSE +0.9%, CAC +0.4%",2
"European Markets Update: DAX +4.1%, FTSE +3.8%, CAC +3.1%",2
Overnight Summary -- World markets rise following positive trade talk commentary over the weekend,2
A reason you don't panic with your 401(k) when stocks plunge: The Dow is up 13% from its low,2
Alex Gerko’s XTX Markets more than doubled profits last year,2
"All major indexes finished the day in the green, as the number of new coronavirus cases in the U.S. appeared to slo…",2
All major stock indexes have hit record intraday highs on heels of Trump tweets,2
And a big thanks to @carlquintanilla on catching the market typo to end them all: - Dow 654.01 points - Nasdaq up…,2
"Another day, another set of record highs. The S&P 500 closed up 0.6% and the Nasdaq closed up 1%, both reaching all…",2
Another new Stock Market Record. Enjoy!,2
"Another week, another VIX record short.",2
"Asia shares bounce, hope for best on U.S.-China trade #economy #MarketScreener",2
"Asia shares bounce, hope for best on U.S.-China trade",2
Asian markets inch up ahead of U.S. jobs report,2
Asian Shares Jump as Hong Kong Pro-Democracy Candidates Score Major Victory,2
Asian Shares Mostly Higher; Hang Seng Jumps on Stimulus Expectations,2
Asian shares rise as 'phase one' trade deal fans confidence,2
Asian Shares Soar Amid Trade Optimism,2
Averages edges higher,2
Averages soar on hopes of pandemic may be peaking,2
Averages up more than 5% in afternoon action,2
"CEE MARKETS-Forint regains ground before rate meeting, leads FX higher",2
China tariff cut buoys stocks as investors look beyond virus,2
China tariff cut set to power Wall Street to record highs,2
"CNBC-TV18 Market Highlights: Sensex ends 163 points higher, Nifty holds 12,100; PSU bank index up 2.6% - CNBCTV18",2
"Despite Back-and-Forth Trade News, Market Continues To Grind Higher",2
"Dow adds over 1,600 points as investors hope coronavirus cases have peaked",2
Dow and S&P 500 open at records as China cuts tariffs,2
"Dow breaks through 28,000 | Calamatta Cuschieri - MaltaToday",2
Dow breaks through 28000 - Malta Independent Online,2
"Dow futures gain 129 points, or 0.4%, S&P 500 rise 13 points, or 0.4%",2
"Dow futures gain 57 points, or 0.2%; S&P 500 rises 4 points, or 0.1%",2
"Dow futures up 73 points, or 0.3%; S&P 500 futures rise 8 points, or 0.2%",2
"Dow Industrials climbs past 28,000 for first time - Chron",2
"Dow industrials end around 175 points higher, up 0.6%",2
"Dow Industrials Surge About 1,600 Points at Start of Challenging Week #MarriottInternational #Stock #MarketScreener…",2
"Dow Industrials Surge More Than 1,000 Points at Start of Challenging Week #MarriottInternational #Stock…",2
Dow Rallies on Signs Coronavirus Pandemic Is Slowing Worldwide,2
"Dow surges 1,000 points #DOWJONES30 #index #MarketScreener",2
Dow up 0.2%; S&P 500 rises 0.1%,2
"Dow up 110 points, 0.4%, at open",2
"Dow up 121 points, or 0.4%; S&P 500 gains 11 points, or 0.4%",2
"Dow up 25 points, or 0.1%; Nasdaq up 22 points, or 0.3%",2
"Dow, S&P 500 futures both up around 0.2%",2
"Dow, S&P 500 turn positive",2
"EMERGING MARKETS-Stocks, currencies edge up on hopes of U.S.-China trade pact",2
European markets soar after Boris Johnson's victory,2
European shares edge higher amid US-China trade worries,2
European stocks get boost from Fed dot plot as ECB decision awaits,2
European Stocks Jump to Record High,2
Financials Up On Signs Of Credit-Market Stability -- Financials Roundup #economy #MarketScreener…,2
"For the week, the S&P rose 0.7%, the Dow is up 0.4%, and the Nasdaq gained 0.9%",2
FTSE gains 2% after big Tory victory,2
Futures higher ahead of more Q3 results,2
Futures point to fresh records for U.S. stocks on Monday,2
Futures up,2
"Futures, Global Markets Soar For Second Day As Virus Fears Fade, Dollars Slides",2
Global Markets: Asian shares rise as 'phase one' trade deal fans confidence,2
"Global shares gain, oil rises, but caution lingers on U.S.-China deal",2
Global Stocks Gain as China Moves to Boost Intellectual Property Rights #index #MarketScreener…,2
"Goldman says political gridlock to propel stocks in 2020: 'United we fall, divided we rise'",2
Health Care Up As Boost To Risk Appetite Buoys Biotech Cos -- Health Care Roundup #economy #MarketScreener…,2
"'Hope' Vs 'Nope' - Dow Soars 1000 Points As Gold Spikes Near $1,700",2
JUST IN: The S&P 500 rallies 7% to its highest since March 13,2
Macau sector rallies off positive trade news,2
"Market recovery attempt strengthens, S&P 500 knifes toward next test",2
Market Volatility Bulletin: Stocks Get A Reprieve With Yet Another 5%+ Up Day. #finance #economy #markets,2
"Markets may get a boost from cheery Black Friday consumer sentiment, seasonal strength",2
Markets May Rally as Tariff Relief Outshines Trade-Pact Letdown,2
Markets rocket back up - POLITICO,2
"Mexican stocks rose as pledges by U.S. lawmakers to swiftly approve a new trade deal between the U.S., Mexico and C…",2
Mid-Afternoon Market Update: NASDAQ Rises Over 2%; Myomo Shares Spike Higher,2
"Mid-Morning Market Update: Markets Open Higher; Schwab, TD Ameritrade Confirm $26B Merger",2
Money market inflows beat long-term inflows last month - Morningstar,2
"Most Saudi Arabian banking stocks climbed, even as the main local gauge fell, ahead of Saudi Aramco’s giant listing",2
Nasdaq at record high as investors look past coronavirus impact on supply chains,2
Nasdaq at record high as investors look past coronavirus impact on supply chains,2
Nasdaq climbs 0.3%,2
"Nasdaq closes about 21 points, 0.2%, higher",2
Nasdaq Composite hits intraday record,2
Nasdaq hits new high as investors look beyond coronavirus,2
Nasdaq hits new high,2
Nasdaq opens 34 points or 0.4% higher,2
"Nasdaq rises 42 points, or 0.5%",2
"Nasdaq touches intraday high of 8,545",2
Nasdaq up 0.2%,2
"Nasdaq up 14 points, or 0.2%",2
"Nasdaq-100 futures 43 points, or 0.5%",2
"Nasdaq-100 futures gain 28 points, or 0.3%",2
Nasdaq-100 futures up 0.4% after data,2
"Philippine Stocks May Pick Up Into Year-End on Profits, GDP",2
"Positive technical divergences are forming on the weekly charts for the Dow, S&P 500 and the Nasdaq.",2
"Pound and stocks jump on UK election, talk of US-China deal",2
Rally goes on as China cuts U.S. tariffs,2
"S&P 500 adds 9 points, 0.3%, at the open",2
S&P 500 and Dow both up by less than 0.1%,2
S&P 500 and Nasdaq Composite both trade above record close,2
S&P 500 briefly turns positive,2
S&P 500 closes around 0.7% higher; Nasdaq gains 1.1%,2
S&P 500 Coasts Into Thanksgiving Week. Follow this and any other stock on Seeking Alpha! #finance #markets #trading,2
S&P 500 ETF (SPY) Hits New 52-Week High,2
S&P 500 up 0.6%; Dow up 0.4%; Nasdaq up 0.9%,2
"S&P 500, Dow and Nasdaq all turn positive",2
"S&P 500, Nasdaq close at record highs; Dow ends up over 170 points",2
"S&P 500, Nasdaq close at record highs; Dow ends up over 170 points",2
"S&P 500, Nasdaq hit fresh record highs after China signals IP law reform by @emily_mcck",2
"S&P 500, Nasdaq notch records to end the week as market weighs merits of limited China trade-deal",2
"S&P 500, Nasdaq touch records as stocks close higher on solid earnings",2
"S&P, NASDAQ Reach New Closing Highs on 3rd Day of Rally",2
"Safe-havens rise on coronavirus concerns, stocks rebound",2
"South Korean, Philippine and Indonesian stocks are the first in Asia Pacific to enter technical bull markets",2
"Stock buybacks jump by 6.3% in Q3 2019, S&P Dow Jones says",2
Stock futures advance after China IP announcement by @emily_mcck,2
Stock futures move higher as trade deal hopes rise #economy #MarketScreener,2
Stock futures move higher as trade deal hopes rise,2
"Stock Market Live Updates: S&P 500, Nasdaq, Dow post record closing highs - Yahoo Canada Finance",2
"Stock Market Live Updates: S&P 500, Nasdaq, Dow post record closing highs - Yahoo Finance",2
Stock Market Live Updates: Stocks reverse losses as China says 'Phase One' deal is all but done,2
"Stock Market Live Updates: Wall Street sets new highs despite Home Depot, Kohl's",2
"Stock market live Wednesday: S&P 500 erases coronavirus sell-off, Tesla's 2nd worst drop ever - CNBC",2
Stock market news live: Stocks hit record highs after China announces plans to cut tariffs on $75 billion in US goods,2
"Stock Market Update: Futures edge higher despite weakness in Home Depot, retailers",2
Stock Market Update: Futures extend last week's record run,2
"Stock Market Update: Futures extend rally, China says it will cut some tariffs",2
Stock Market Update: Futures gain on back of bullish momentum,2
Stock Market Update: Global stocks extend gains,2
Stock Market Update: Nasdaq More Than Doubles Percentage Gains In S&P 500,2
Stock Market Update: On Track for More Records,2
Stock Market Update: S&P 500 Perks Up,2
Stock Market Update: Stock market edges higher to start the week,2
Stock Market Update: Stock market lifted by mega-cap tech,2
"Stock Market Update: Stock market opens firmly higher, tech stocks lead",2
"Stock Market Update: Stock market opens slightly higher, energy stocks pull back",2
"Stock Market Update: Stock market opens slightly higher, retail drags",2
Stock Market Update: Stock market primed for more gains at open,2
Stock Market Update: Stock market set for higher open despite relative weakness in retailers,2
"Stock Market Update: Stocks set for higher open following trade update, M&A deals",2
"Stock Market Update: Stocks up, but off highs, as trade headlines heat up",2
Stock Market Update: Wholesale inventories decline in December,2
Stock-index futures point slightly higher amid positive trade developments,2
"Stocks are extending their gains in the last hour of trading, with the Dow up 6%",2
STOCKS AT THE CLOSE: - Dow up 0.39% - Nasdaq up 0.16% - S&P up 0.21%,2
STOCKS AT THE CLOSE: -Dow up 0.60% -Nasdaq up 1.13 % -S&P up 0.73%,2
STOCKS AT THE OPEN: - Dow up 0.21% - Nasdaq up 0.48% - S&P up 0.26%,2
Stocks bounce back to record territory,2
Stocks bounce up after China confirms trade deal with U.S.,2
Stocks bounced today on positive coronavirus news - here's what 3 market experts had to say. Follow along with th…,2
Stocks climb to record high on China deal optimism,2
"Stocks edge higher, but S&P 500 ends six-week streak of weekly gains",2
"Stocks gain as China cuts tariffs, investors look beyond virus",2
Stocks Gain as U.S. Economy Signals Strength -- Update #SP500 #index #MarketScreener,2
Stocks grab another round of records as Wall Street parses trade news,2
Stocks hit session highs on trade optimism,2
"Stocks near record highs, pound wavers before election result",2
"STOCKS NOW: - Dow up 1,131.98 points - Nasdaq up 389.55 - S&P up 135.97",2
STOCKS NOW: - Dow up 120.52 points - Nasdaq up 4 - S&P up 5.91,2
STOCKS NOW: - Dow up 345.10 points - Nasdaq up 88.49 - S&P up 32.25 Here's what's moving markets:,2
STOCKS NOW: - Dow up 4.73 points - Nasdaq up 17.91 - S&P up 2.04 Here's what's moving markets:,2
STOCKS NOW: - Dow up 704.83 points - Nasdaq up 165.39 - S&P up 72.15,2
"Stocks open slightly higher on upbeat trade hopes, merger activity",2
"Stocks open slightly higher on upbeat trade hopes, merger activity",2
STOCKS PREMARKET: - Dow up 86.38 points - Nasdaq up 27.50 - S&P up 7.25 Here's what's moving markets:,2
"Stocks rallied for a second day, with the S&P 500 Index venturing briefly into bullish territory",2
Stocks rally after China lauds 'major progress' in trade negotiations,2
"Stocks rose after China moved to step up intellectual property protection, which investors hope may address a key c…",2
"Stocks rose slightly on Friday, after President Trump said the U.S. and China are “very close” to reaching a trade…",2
"Stocks rose today, building on strong gains from the previous session. We spoke with 3 experts - here's what they h…",2
Stocks start with solid gains; tech a strong early leader,2
Stocks start with solid gains; tech a strong early leader,2
Stocks That Hit 52-Week Highs On Monday,2
Stocks turn positive ahead of China press briefing,2
"Stocks, Bond Yields Climb on Strong Jobs Report #SP500 #index #MarketScreener",2
Strong economic data nudge stocks higher,2
Tech Up As Investors Rush Back To Speculative Areas -- Tech Roundup #economy #MarketScreener,2
"Technical Indicator: Late-year bull trend confirmed by S&P, Nasdaq",2
That's a new 52-week high for the Russell 2000. Small caps have nearly caught up....S&P YTD is up 25.6% while Russell 2000 YTD is up 21.4%.,2
"The Dow closed 1,627.46 points higher, or more than 7%, as the number of new coronavirus cases in the US appeared to slow down",2
The Dow has rallied 6% today as investors react to early signs that lockdowns in the U.S. and Europe may be helping…,2
"The Dow is up more than 1,000 points. These kinds of wild swings have dominated the market for the past month.",2
"The S&P 500 is up nearly 25% in 2019, and history shows the momentum could carry over to next year - CNBC",2
The S&P is now up 30 handles.,2
"The S&P is up 0.9% and energy is the best performing sector; XLE is up 1.8%, double the S&P.",2
There was a frantic rally at the market open on Wall Street. The Dow shot up more than 1000 points boosted by hopes…,2
"This S&P 500 comeback stock could ride higher from here, traders agree (via @TradingNation)",2
Today's Free Feature: The Technical Take: Markets Lift Above Two-Day Ranges …,2
"U.K. stocks rally, British pound recovers as optimism over possible virus containment offsets worry over Johnson",2
U.S. markets have hit record levels recently. What's your next move?,2
U.S. markets jump at the open,2
U.S. stocks are staging a remarkable two-day rally. But many analysts are calling the recent run a rally within a b…,2
U.S. stocks are 📈,2
"U.S. Stocks Edge Higher, Trying to Extend Winning Streak #SP500 #index #MarketScreener",2
U.S. Stocks Gain on Trade-Talks Optimism #SP500 #index #MarketScreener,2
U.S. Stocks Open Higher as Risk Appetite Improves #SP500 #index #MarketScreener,2
U.S. stocks open higher,2
U.S. Stocks Were Resilient Last Week As Coronavirus Roils China. #business #stocks #trading,2
"UPDATE: U.S. stocks rose Friday, recovering after three consecutive session of losses by…",2
"US stocks had their best day in two weeks, closing near session highs on optimism about a slowdown in new coronavir…",2
US stocks remain near session highs in the early afternoon. Apparently nothing can derail the positive market senti…,2
US STOCKS-Futures gain as China fuels trade deal optimism,2
Wall Street bounces back from a steep sell-off. Here's what to expect next (via @TradingNation),2
Wall Street hits record high as trade hopes rise,2
Wall Street Hits Record Highs After Reports U.S. ‘Very Close’ To China Trade Deal As Deadline Looms,2
Wall Street opens higher as report sparks trade deal hopes,2
"Wall Street rally continues, Dow and S&P 500 open up over 3% at market open",2
Wall Street rises modestly #S&P500 #economy #MarketScreener,2
Wall Street set for higher open as trade deal hopes build,2
Wall Street surges as China financial measures soothe virus worries,2
Weekly market update : Good corporate results counter virus fears #Weeklymarketupdate #marketscreener…,2
"What to watch today: Dow set for huge jump after rocketing 1,600 points higher",2
"World’s Largest Pension Fund Gains on Stocks, Foreign Debt",2
"500 - Heads Bulls Win, Tails Bears Lose. Read more: #investing #markets #business",1
"Asian Markets Close: Nikkei -0.6%, Hang Seng -0.6%, Shanghai +0.5%",1
Market Briefing: Momentum maintained despite disappointing news,1
A sell-off in bonds amid improving economic fundamentals could bring cyclical stocks back into the spotlight in the…,1
Algos buying bonds because other algos buying stocks.,1
Asia Petrochemical Monthly Price Watch Report 2019 -,1
Asia Stocks Open Mixed as Trade Details Awaited: Markets Wrap,1
Asian shares mixed amid caution on US-China trade talks,1
-Asian stocks ⬆ with U.S. equity futures -Yen and Treasuries dip -Hong Kong stocks outperform -Trump says he's “ver…,1
-Asian stocks see modest gains -Treasury yields dip -U.S. dollar holds an overnight decline -Oil slips after OPEC f…,1
Asian Stocks Set to Open Mixed After Trade Deal: Markets Wrap,1
At the open (11/25/2019),1
At the open (2/10/2020),1
At the open (2/10/2020),1
At the open (2/6/2020),1
At the open (2/7/2020),1
Averages end flat,1
Averages end flat,1
Before the Open,1
Bloomberg's Bill Maloney watches S&P 500 technicals as markets digest a slew of trade headlines…,1
Can The Record Highs In U.S. Stocks Last?,1
"CEE MARKETS-Currencies weaker, stocks grind higher amid U.S.-China trade hope",1
"China market opens, Iowa caucuses, Alphabet earnings: 3 things to watch for on Monday",1
"Consumer Next Shoe To Drop As Wall Street Ignores Data ""Decelerating Hard""",1
"Coronavirus update: China toll skyrockets, but markets calm amid government cash infusion",1
DASAN Zhone : Risk parameters change on Derivatives Market during Holidays on foreign exchanges #DASANZhone #Stock…,1
"Dow futures up 5 points, or less than 0.1%; S&P 500 down 2 points, or 0.1%",1
Dow Jones News: Microsoft Reveals Next Xbox; Apple Avoids Tariffs,1
Dow Jones Today: A Trade-Induced Hangover,1
"Dow Tags 28k, Dumps In Catch-Down To Bonds, Gold",1
Europe has the longest trading hours among major stock markets—some two hours longer than the U.S.,1
General Announcement::AIMS APAC REIT secures 12-year Master Lease with its largest tenant ... #SingaporeExchange…,1
"General Announcement::Announcement by Associated Company, First Sponsor Group Limited #CityDevelopments #Stock…",1
General Announcement::ENTRY INTO A SUPPLEMENTAL DEED IN RELATION TO DC1 #SingaporeExchange #Stock #MarketScreener…,1
General Announcement::Immediate Report - updated rating report (Midroog) #SingaporeExchange #Stock #MarketScreener…,1
General Announcement::LOAN FACILITY OBTAINED BY KEPPEL PACIFIC OAK US REIT #SingaporeExchange #Stock…,1
General Announcement::Melco Resorts Finance Announces Proposed Senior Notes Offering #SingaporeExchange #Stock…,1
General Announcement::Monthly Valuation of Assets and Utilisation of Cash #SingaporeExchange #Stock #MarketScreener…,1
General Announcement::Sasseur REIT will be included in FTSE EPRA Nareit Global Emerging In... #SingaporeExchange…,1
"General Announcement::SIIC Environment to Build 3,800 tonnes per day Waste Treatment Proje... #SIIC #Stock…",1
GLOBAL MARKETS-Asian shares mixed as wait goes on for elusive U.S.-China trade deal,1
Global shares cautious ahead of US jobs data report,1
Here's what happened to the stock market on Monday,1
Here's what happened to the stock market on Tuesday,1
"India's NAFED tenders to purchase 100,000 tonnes corn",1
Inflows with a capital I: The S&P 500 fund took in $11 billion in March,1
"Japan Exchange : Feb. 10, 2020 OSE Deletion of Component Issues for the TSE Mothers Index ... #JapanExchange…",1
Leveraged ETF Decays - Update. Get more updates here: #business #finance #trading,1
London Stock Exchange : ALLERGAN PLC #LondonStockExchange #Stock #MarketScreener,1
London Stock Exchange : Cleansing Notice #LondonStockExchange #Stock #MarketScreener,1
London Stock Exchange : Disclosure Table #LondonStockExchange #Stock #MarketScreener,1
London Stock Exchange : Early Redemption #LondonStockExchange #Stock #MarketScreener,1
London Stock Exchange : Form 8.3 - #LondonStockExchange #Stock #MarketScreener,1
London Stock Exchange : Form 8.3 - Replacement of ABBVIE INC. #LondonStockExchange #Stock #MarketScreener…,1
London Stock Exchange : Form 8.3 - Replacement of ALLERGAN PLC #LondonStockExchange #Stock #MarketScreener…,1
London Stock Exchange : Notice of Event of Default #LondonStockExchange #Stock #MarketScreener…,1
London Stock Exchange : Notice of Redemption #LondonStockExchange #Stock #MarketScreener,1
Market Is Conducive to Long Volatility Positions: JPMorgan,1
Market Scales New High: Top-Ranked Growth ETFs to Buy,1
Markets are mixed on trade news 🔄,1
Mid-Day Market Update: Tallgrass Energy Jumps Following Acquisition News; Proteostasis Therapeutics Shares Plummet,1
Mid-Morning Market Update: Markets Edge Higher; Jabil Beats Q1 Expectations,1
Mid-Morning Market Update: Markets Mixed; Adobe Earnings Beat Estimates,1
"Morgan Stanley says forecasting just the next two months, let alone 2020, is hard right now",1
"Mutual Fund Misfires of the Market - February 06, 2020",1
"Mutual Fund Misfires of the Market - February 07, 2020",1
"Mutual Fund Misfires of the Market - November 25, 2019",1
NASDAQ : Debtor distribution data - Nykredit Realkredit A/S #NASDAQ #Stock #MarketScreener,1
NASDAQ : Oplysning om kommende ændring i Møns Banks ledelse. #NASDAQ #Stock #MarketScreener,1
"NASDAQ : Quarterly Statistical Bulletin Vol 8, No 2, June 2019 - Contents and Narratives #NASDAQ #Stock…",1
Nasdaq Composite down 0.1%; S&P 500 virtually flat,1
Nasdaq Private Market Sets New Annual Transaction Record in 2019 - StreetInsider.com,1
"Netflix must add ad tier or lose millions of users, Needham says via @business",1
News Highlights : Top Global Markets News of the Day #NewsHighlights #economy #MarketScreener…,1
News Highlights : Top Global Markets News of the Day #NewsHighlights #economy #MarketScreener…,1
NYSE Closing Bell : @conmedcorporation (NYSE: ) celebrates their new listing and 50th Anniversary,1
NYSE Closing Bell 🔔: Executives and guests of Greek American Issuer Day ring the bell,1
NYSE Opening Bell : @Generac (NYSE: ) celebrates their 10th anniversary of listing,1
On the hour,1
On the hour,1
Premarket London: EasyJet Profit in Line; Hammerson Fire Sale Continues,1
"S&P 500 earnings upside in 2020 will ‘primarily depend’ on U.S.-China trade deal, says JP Morgan",1
S&P 500 Vs. Commodity Markets: Relative Valuation. #markets #finance #trading,1
"S&P, Dow fall as Nasdaq inches up",1
"Shares gain, but doubts linger on U.S.-China deal, oil rises",1
Some odd divergences in the past two weeks as most asset classes except stocks are reversing recent gains,1
"Stock market live updates: Dow down 180, coronavirus names fall, Uber best day ever",1
"Stock Market Live Updates: Stocks end little changed, lashed by Brexit and US-China trade - Yahoo Finance",1
"Stock market news: November 18, 2019",1
Stock Market News: Uber Hits the Gas; Pinterest Paints a Pretty Picture,1
"Stock Market Update: Asia closes mixed, Europe trades lower",1
Stock Market Update: Averages Still Mixed,1
Stock Market Update: Early Levels,1
"Stock Market Update: Energy remains weak, while mega-cap tech remains strong",1
Stock Market Update: Futures little changed amid news of a limited trade agreement,1
Stock Market Update: Futures Update,1
"Stock Market Update: Retail stocks extend losses, health care sector gains",1
Stock Market Update: S&P 500 Playing For Second Place On Monday,1
Stock Market Update: S&P 500 returns to flat line,1
"Stock Market Update: Stock market closes little changed, retail space hit",1
"Stock Market Update: Stock market opens little changed, energy stocks remain weak",1
"Stock Market Update: Stock market slows down, jobs report beats expectations",1
"Stock Market Update: Stock market trades mixed; Home Depot, Kohl's weigh on retail space",1
Stock Market Update: Stocks market trades flat to start the week,1
Stock Market Update: Wall Street closes little changed after Phase One deal reached,1
"Stock-index futures hold gains after retail sales, import prices data",1
Stocks eke out early gains but retail names drag,1
Stocks finish mixed as Nasdaq logs third consecutive all-time closing high,1
"Stocks indexes edge higher for the day, lower for the week",1
Stocks mixed amid conflicting trade reports,1
Stocks mixed on choppy trading day by @heidi_chung,1
Stocks on Wall Street ended Thursday's session little changed as investors avoided making risky bets amid a lack of…,1
Stocks rose slightly on Friday but headed for their first weekly decline amid uncertainties around the U.S.-China t…,1
Stocks That Fell to 3-Year Lows in the Week of Dec. 13,1
Stocks were little changed at the close despite the news of impeachment articles being drafted and a looming deadli…,1
Sugar Traders Hold Tight: India’s Set to Roil Markets Again,1
"Tech Retakes Leadership Role With Chips And Cloud Names Moving Higher, I See A Pattern - Seeking Alpha",1
The index has served as a yardstick for Hong Kong’s rise and its rebounds from various crises,1
The latest on U.S. markets ,1
"The latest pre-open #analysis of #news, #data driving the #market #PageOne …",1
The Time for Canada’s Stock Market to Shine May Be in 2020,1
"The USA stock market is closed Friday April 10, 2020 in observance of Good Friday",1
This week's #economic data releases & forecasts #AdvIntlTradeInGoods #AdvRetailInventories…,1
Trade momentum rose in September for the first time in four months,1
Trade momentum rose in September for the first time in four months,1
Trading in China ETFs Soars as Trump Upends Tariff Optimism,1
Trading of Own Shares for Treasury Month: January 2020 #Stock #MarketScreener,1
"U.S. equities edged higher, while European and Asian stocks slipped, as investors sought to gauge the economic hit...",1
U.S. stock futures hold modest gains after housing reports,1
"U.S. stocks end higher Friday, but S&P 500 suffers weekly decline",1
"US indices are having the best year since 2013, but large cap active funds are poised to see the worst year since 2016: BofA",1
"Utilities 'the most underappreciated sector,' T. Rowe Price analyst says",1
"Wall Street ends near flat after U.S., China announce trade deal",1
Wall Street firms release their 2020 S&P 500 targets,1
Wall Street hovers near record levels; Boeing drags on Dow,1
Wall Street rallies on Friday but multi-week win streak ends,1
"Week ahead: Black Friday, Federal Reserve’s Powell",1
Weekly market update : The waiting game continues on trade #Weeklymarketupdate #marketscreener #MarketScreener…,1
What Is The TED Spread Telling Investors About The Credit Market?,1
"Voters in key 2020 election states are growing increasingly pessimistic about the economy, as the coronavirus crisi…",0
"""I accept this award on behalf of Ethiopians and Eritreans."" Ethiopian Prime Minister Abiy Ahmed receives the…",1
"""It Was A Coup. Period"": Tulsi Gabbard Slams US 'Interference' In Bolivia",1
"""It's impossible to say, under any serious economic model, under which party's manifesto the economy would do bette…",1
"""Tell your parents not to get their opinions on Facebook,"" @AOC says",1
"""I am happy with him, I really think he's caught up,"" Trump said of Fed Chair Jerome Powell at the White House…",1
"""This Brexit failure was founded on lies and hypocrisy"" These 4 friends behind @ByDonkeys have crowdfunded hundred…",1
"""We are close. Great progress has been made."" Larry Kudlow, Director of the National Economic Council, discusses wh…",1
"""We were a target"" Here's what some Ukrainians had to say about their country being in the spotlight during the U.…",1
.@realDonaldTrump has repeatedly touted his friendship with China's President Xi. @JimCramer says @BernieSanders wo…,1
"‘Chill Is Real,’ Trudeau Envoy to China Says of Huawei Feud",1
‘Unicorns and rainbows!’ Kellyanne Conway shrugs off Bloomberg’s candidacy,1
“It was a great opportunity to say thank you to the president.” Australia’s PM Scott Morrison comments on his call…,1
“President Trump is facing a process which is unprecedented for its unfairness.” Sam Dewey,1
“The Democrats are getting hit and slammed on Impeachment. It is getting less and less popular by the day.” @kilmeade @foxandfriends,1
“The investigation isn’t going to end”,1
“The support for Impeachment is not there. I think the Democrats will have to come up with a new game plan.” @jasoninthehouse @FoxNews,1
"“The whole Russia thing was a Hoax, and the Ukraine thing is a Hoax, and the Democrats are a Joke. This is a disast…",1
'A lot of people feel defeated...Trump always wins. It seems like nothing can stop him.' Danny Villazon @nytimes…,1
A new proposal in Congress is looking to resurrect an old tradition: mailing Social Security statements to your hom…,1
"After PM Johnson's big win, what's next for Brexit",1
"Alberto Fernández was sworn in as Argentina’s new president on Tuesday, marking a historic return to power for the…",1
Alexandria Ocasio-Cortez says she plans to oppose House Speaker Nancy Pelosi's drug pricing bill,1
Alpha Dog Putin Shows Meeker Side With Erdogan,1
An open letter to President Trump 3 years after the election,1
"Angela Merkel's government announces a new ""limitless"" aid program for small companies as part of an effort to supp…",1
"As senators prepare to vote on whether to call witnesses like John Bolton, the New York Times has more details of t...",1
"Astrology is cool again. So what will happen with Brexit, and who will win the 2020 US election? A prominent New Yo…",1
"Azerbaijan's first snap parliamentary elections 'lacked genuine competition and choice,' international monitors say",1
Azeri Snap Elections Condemned by Monitors for Vote 'Violations',1
Barron’s on MarketWatch: How Elizabeth Warren is a value investor’s friend,1
"Bernie Sanders and Pete Buttigieg are asking for a partial retabulation of Iowa caucus results, citing 'widespread…",1
Bernie Sanders Builds Big Primary Machine to Win Prized California,1
"Bernie Sanders continues to challenge Joe Biden for the lead spot among Democratic voters nationally, according to...",1
Bernie Sanders has unveiled a plan to expand broadband internet access as part of a push to boost the economy and r…,1
Betsy DeVos: This Memo Will Better Protect Student Loan Borrowers,1
Biden Adviser Raises Questions About Iowa Caucus Over App Problems,1
Biden Campaign Says It Will Push Ahead Regardless of New Hampshire Results,1
Biden Is Endorsed by Nevada Congresswoman Titus: Campaign Update,1
Bill De Blasio Says New York City Must Tackle Affordability Crisis,1
"BJP Issues Whip To Its MPs Asking Them To Be Present In Lok Sabha, Rajya Sabha On Tuesday",1
Bloomberg Gets Backing of Former Navy Secretary Ousted by Trump,1
Bloomberg Unveils Extreme Gun Control Plan,1
Bloomberg Westminster: Johnson's to lose? (with Chris Hanretty),1
Bloomberg’s entry into presidential race raises ethical issues for his news service,1
Boris Johnson and Jeremy Corbyn go head-to-head in the final scheduled leadership debate ahead of next week's gener…,1
"Boris Johnson and Jeremy Corbyn have radically different visions for the UK. What are their policies on Brexit, the…",1
Boris Johnson Cancels 2020 Tax Cut for Businesses: U.K. Votes,1
"Boris Johnson is heading for a clear victory in next week’s U.K. general election, according to senior officials in…",1
Boris Johnson postpones plans to cut corporate taxes,1
Boris Johnson to remain in hospital for coronavirus tests,1
Boris Johnson vows no tax hikes in Tory manifesto,1
Boris Johnson vows no tax hikes in Tory manifesto,1
Boris Johnson wins overwhelming victory in UK,1
Boris Johnson’s Conservative Party will pledge not to increase several key tax measures if it wins next month’s gen…,1
Boris Johnson’s Conservatives are proposing to spend an extra 1 pound for every 6 pledged by Jeremy Corbyn‘s Labour…,1
Boris Johnson’s New Priorities See the U.K. Boycott Davos,1
Boris Johnson's New Priorities See the U.K. Boycott Davos,1
Brazil minister says it's 'impossible' to put value on Eletrobras privatization,1
Brexit Bulletin: An Unpalletable Truth,1
Brexit has destabilised the Franco-German couple,1
"Brexit is rattling Europe's market for carbon allowances, and the U.K. election may push traders off the fence no m…",1
British diplomat to US quits in tirade over Brexit ‘half-truths’,1
British politicians are clueless on what the public thinks about trade,1
Brussels Edition: Truce Offerings to Trump,1
Buttigieg Faces Tough Battle to Repeat Iowa Feat in Later States,1
California Won't Buy From Automakers Who Sided With Trump,1
Canada's New Health Minister's Thoughts On Cannabis: What You Should Know,1
"Canadian ministers meet with CN Rail, union as strike looms",1
Candidates Make a Final Push in New Hampshire,1
Check out the week's most compelling political images,1
China attacks US at G20 as the world’s biggest source of instability- CNBC,1
China's Xi Visits Hospital in Beijing,1
Chris Matthews Asks Gabbard: Why Are So Many Democrats War Hawks?,1
"CNN: Trump Is Leader Of ""Destructive Cult""; Using ""Mind Control"" On Americans",1
Comey Admits Being ‘Overconfident’ in Approving Trump Probe,1
Congress is asking Airbnb to provide information about hosts that list short-term rentals on the site who don’t com…,1
Congress Leaders Move Supreme Court Against Amended Citizenship Act,1
"Congress Mulls Reviving Tax Breaks Prized by ADM, Tesla, GM",1
Conservatives promise ‘world class’ public services,1
Consumer watchdog now downplaying a major Obama-era tool by @ewolffmann,1
Court dismisses Democratic lawmakers' emoluments lawsuit against Trump,1
Democrats by next Thursday could begin to draft the articles of impeachment against President Trump,1
Democrats Getting 'Cold Feet' As Impeachment Support Evaporates,1
Democrats need to realize that impeaching Trump may not accomplish anything at all,1
Democrat's New Taxes Wouldn't Hit Just Billionaires,1
Democrats Share Attack Lines in New Hampshire: Campaign Update,1
"Donald Trump likes to boast that he has unwavering Republican support, but that backing is softer than he suggests",1
Donald Trump on Social Security: Everything You Need to Know,1
Donald Trump will face a more assertive Congress on foreign policy as he fights off impeachment and seeks re-electi…,1
El Salvador president's strong-arm tactics spark outrage,1
Elizabeth Warren releases doctor's note describing good health as voters weigh age of contenders,1
Erik Prince Held Secret Talks in Caracas With Maduro’s No. 2,1
European diplomats have a message for Donald Trump: Bullying tactics won't win support for your Iran policy,1
'Everyone is exhausted by this president': Bill Weld on why he's challenging Donald Trump,1
Exclusive: Elise Stefanik Reflects on Her Two-Week Whirlwind,1
Federal pension fund says bill banning China investment is discriminatory,1
Finance Minister Begins Pre-Budget Consultations Starting Monday,1
"For the first time in a decade, the US has sent its most senior Pentagon official to Taiwan, in a reflection of Was…",1
Former Ecuadorian President Rafael Correa goes on trial on charges of campaign finance fraud and accepting millions…,1
Former Goldman Sachs CEO pushes back on Warren attacks -CNBC,1
Former Trump advisor John Bolton accuses White House of locking him out of his Twitter account,1
"French labor unions call for a new day of protests, seeking to force President Emmanuel Macron to either sweeten hi…",1
Friday Humor: Democratic Candidates Clash Over Most Effective Plan To Destroy Economy,1
GERMAN SPD BACKS DEMANDS FOR TALKS TO STAY IN MERKEL COALITION,1
German union calls for pre-Christmas Amazon strike,1
Germany sees 1.5 billion euro annual take from new financial transaction tax,1
Germany’s ruling Christian Democrats call for restrictions on Huawei participating in country's 5G network,1
"Giuliani Giving Ukraine Data to Justice Department, Barr Says",1
Gove Rules Out Scottish Independence Referendum: U.K. Politics,1
Gove rules out Scottish referendum,1
Government Examining Foreign Fund Flows In Infrastructure At Strategic Locations,1
Government Launches Portal For Subsidy Scheme Under PMAY,1
Government Moves Bill In Lok Sabha To Appoint Unified Regulator For IFSCs,1
Governments across Asia are pushing back against unwanted rubbish from overseas that has accumulated within their b…,1
Guinea-Bissau’s current leader was eliminated from the country’s presidential election after two former prime minis…,1
"Gundlach, who nailed Trump's 2016 election, says he'll win again 'if economy holds' by…",1
Here’s the latest on the 2020 presidential race and what to watch today,1
Here’s the latest on the 2020 presidential race and what to watch today 🇺🇸,1
Here’s what bugs Democratic presidential candidate Michael Bennet about the front-runners b…,1
Here's the breakdown of Sen. Bernie Sanders estimated $60 trillion tax plan.,1
Here's the latest on the 2020 presidential race and what to watch today,1
Here's where we are in the impeachment process and what comes next,1
Hindu nationalists see Ayodhya victory as just the start,1
Hong Kong Election: Pro-Democracy Candidates Surge Amid Record Turnout; Protest Organizer Wins Seat,1
Hong Kong’s Pro-Democracy Candidates Poised to Win Majority,1
Hong Kong’s pro-democracy candidates won an overwhelming victory in district council elections on Sunday after mont…,1
Hong Kong's leader has insisted that escalating violence would not force her administration to yield to protester d…,1
Horowitz: FBI Should Have Pumped The Brakes On Surveillance Of Trump Campaign Aide,1
House Judiciary Committee approves impeachment,1
How Bernie Sanders is helping Mike Bloomberg by @rickjnewman,1
How Trump's trade war is hurting swing states,1
How Trump's trade war is hurting swing states by @rickjnewman,1
How will the Democratic primaries shift the election? Listen to @rickjnewman and @alexisTVNews discuss on the lates...,1
"'I’m [Russia's] main opposition leader not because I banned everyone else from being one, but because it’s scary to…",1
"Impeachment investigators don't know exactly Rudy Giuliani said in phone calls regarding Ukraine, but ""I guarantee…",1
Impeachment Probe Turns to Trump Ally at Heart of Ukraine Storm,1
Impeachment Reaches Decision Stage as Democrats Review Evidence - BBG,1
Impeachment Theater Offers Americans Glimpse Of The Unseen-Unelected Who Actually Rule Over Us,1
"Incompetence, not ideology, is the worst thing about this election",1
Investors 'are really excited about the Donald Trump presidency continuing': top strategist,1
Ireland Brings New Twist to Populism,1
It's the first election in the U.S. to enable any resident to vote by phone,1
Jeremy Corbyn has announced he would take 'a neutral stance' in a second Brexit referendum if Labour won the genera…,1
Jeremy Corbyn is a controversial leader even in his own party. Here's why,1
Jeremy Corbyn says he would be ‘neutral’ in a second Brexit poll,1
Jim Messina: The re-election of Donald Trump would pose an existential threat to the US and the world,1
Jobs Fuels Economic Momentum for Trump Ahead of Election,1
Jobs Fuels Economic Momentum for Trump Ahead of Election,1
Joe Biden claims he said 'facts' not 'fat' to Iowa voter: Listen to the tape yourself,1
"Joe Biden says if he's elected president, he'll ask the Justice Dept. to review mega mergers. ""There's too much con…",1
Joe Biden's campaign is determined to fight past Tuesday's New Hampshire primary,1
"Joe Biden's tax plan is refreshingly moderate, says @karlbykarlsmith, especially when compared with those of his ri…",1
John Bercow reveals Boris Johnson’s tennis trick,1
John Major gives his backing to Tory rebel candidates,1
Johnson Gets to Work Naming Cabinet and Taking U.K. Out of EU,1
"Johnson promises Brexit on Jan. 31, trade deal in 2020",1
Johnson Races to Pass U.K. Terror Law Before Next Convict Freed,1
Johnson seeks votes in whirlwind tour of Britain,1
Johnson’s manifesto demands voters take a lot on trust,1
Johnson’s safety-first pitch intended to avoid repeat of 2017,1
JUST IN: Former Trump advisor George Papadopoulos just annouced he is running for Congress,1
"Kelly Craft, U.S. ambassador to the UN, said the Security Council is united in its alarm over repeated missile test…",1
Kudlow,1
Labour struggles to recapture ‘Red Clydeside’,1
"Lam to Update Xi, China Officials on Protests: Hong Kong Update",1
"Lanai, Nicole, Josh and Joana were too young to vote in the Brexit referendum in 2016. This year, they’re finally…",1
LATEST: House Democrats plan a vote next week on the U.S.-Mexico-Canada free-trade agreement. Pelosi says the amen…,1
Lighthizer Scores a Trifecta of Wins for Trump's Trade Agenda,1
Lighthizer Scores Trifecta of Wins for Trump’s Trade Agenda,1
LIVE: Senate impeachment trial continues with debate over allowing witnesses,1
Marco Rubio expects the Senate to pass at least one more coronavirus relief bill,1
Merkel Calls for Reversal of CDU's 'Unforgivable' Far-Right Deal,1
Merkel Party Chief Faces Deepening Divide Over Far Right Episode,1
Merkel Party Leader Gets Unanimous Backing for Thuringia Plan,1
Merkel Says Thuringia CDU State Party Decision 'Unforgivable',1
Merkel Successor Unexpectedly Resigns As CDU Leader In Latest Shock To Germany's Political Establishment |…,1
Michael Bloomberg has officially entered the Democratic race for president.,1
"Michael Bloomberg is joining a crowded 2020 Democratic field, starting his campaign with a $35 million cross-countr…",1
Michael Bloomberg makes it official: ‘I’m running for president’,1
Michael Gove warns the logistics industry to prepare for strict border controls between Britain and the EU after Br…,1
Mid-Southern Bancorp appoints Robert W. Derossett as CFO,1
Mike Bloomberg is running for president — his policies will impact these big industries,1
"Mitch McConnell says voting on the USMCA won't happen next week. ""That will have to come up, in all likelihood, r…",1
Morrison Reshuffles Cabinet After Resignations Within Coalition,1
"Naive Brazil to Rethink Relations With U.S., Bolsonaro Ally Says",1
"Namibia has its first woman presidential candidate. Meet Esther Muinjangue, the first elected female leader of a po…",1
"Nancy Pelosi, the Democratic speaker of the House of Representatives, says she has agreed a deal with US President…",1
New Hampshire Debate Marks New Phase in Democratic Battle,1
New Twitter Account Drives Fresh Talk of Pompeo Senate Run,1
"New York AG used pulled fraud claims to score political points, Exxon says",1
"NEW: Bernie Sanders leads the Democratic field in a new national poll taken after the Iowa caucuses, with Joe Biden…",1
NPPC Applauds House Passage of Ag Inspectors Bill #Stock #MarketScreener,1
"Obviously, I am not a communist,' @BernieSanders said, adding that Trump 'maybe doesn't know the difference.""",1
Officials at Ukraine's U.S. embassy got word that the U.S. had frozen military aid in July—but it would be weeks be…,1
Partisan finger-pointing in Congress threatens to poison the debate when lawmakers try to find another emergency bo…,1
Partisan finger-pointing in Congress threatens to poison the debate when lawmakers try to find another emergency bo…,1
Pelosi criticizes Trump's prayer breakfast comments as 'without class' - POLITICO,1
Pete Buttigieg is raking in more money from the entertainment industry than any of his rival Democratic presidentia…,1
Pete Buttigieg now No. 1 in Iowa polls,1
Plaid Cymru promises ‘green jobs revolution’ for Wales,1
"President Donald Trump assumes economic growth above 3% this year in his annual budget proposal, exceeding mainstre…",1
President Donald Trump continued his attacks on ousted U.S. Ambassador to Ukraine Marie Yovanovich and other witnes…,1
President Donald Trump said that he’ll stand by his man Mike Pence in the 2020 campaign,1
President Donald Trump's $4.8 trillion budget for the upcoming fiscal year proposes billions more in funding for de…,1
President Trump expected to release $4.8 trillion 2021 budget,1
"President Xi Jinping calls China’s sprawling belt and road initiative the ""project of the century,"" but many challe…",1
Prime Minister of Hungary : The opportunity to reach agreement on the EU budget will certa...…,1
"Prince Andrew booted from Buckingham Palace over Jeffrey Epstein scandal, report says",1
Pro-democracy candidates make big gains in Hong Kong local elections,1
"Pro-democracy candidates won a landslide victory in Hong Kong’s elections this weekend, with a record high voter tu…",1
Prosecutors said former Trump campaign aide Rick Gates deserves leniency for his “extraordinary assistance” probing…,1
Quaker Lobby Hails House Passage of Voting Rights Advancement Act,1
"Rabobank on Democratic primary: ""Oddly for the ‘party of the workers’, two of its 18 candidates for president are n…",1
Rebel in tweed battles to defend his seat against former party,1
"Rep. Alcee Hastings, who faces House ethics probe, paid his girlfriend more than his chief of staff",1
Rep. Jerry Nadler leaves Trump impeachment trial to be with his wife as she battles cancer,1
Republicans & Democrats Agree: Give Vast Snooping Powers To The US Government,1
Rudy Giuliani discussed representing a state-owned Ukrainian bank in a legal dispute over the summer even while pub…,1
Rudy Giuliani says documents on Joe Biden will be released ‘if I disappear’,1
Rudy Giuliani Sought Role in Ukraine Bank Case While He Dug for Dirt - BBG,1
Ruth Bader Ginsburg Hospitalized Again,1
"Ruth Bader Ginsburg released from hospital, ‘doing well’",1
Sajid Javid to push for 'permanent equivalence' for City in Brexit talks,1
Sanders Says He Had Campaign Best $25 Million Haul in January,1
Sanders Targets Buttigieg Over His Ties to Billionaires,1
Sanders Ties Buttigieg to Billionaires: Campaign Update,1
Sanders Tops Democratic Field in National Poll After Iowa,1
"Sanders, Buttigieg chase New Hampshire Democrats as Trump crashes the party",1
Scoop: Trump administration pushing new drug spending cap - Axios,1
Scotland's First Minister Nicola Sturgeon says a standoff with Boris Johnson over a second Scottish independence re…,1
Scottish Finance Secretary Quits Hours Before Budget Speech,1
Scottish Nationalist Victory Sets Up Standoff Over Independence,1
Seattle Holds Landmark Mobile Election in Wake of Iowa Failure,1
"Sen. Kamala Harris wants to ""modernize"" the school schedule, and is introducing a bill that would mean kids are at…",1
"Senate Chairmen Say Ukraine Meddling 'Not Debunked', Demand Docs From DNC Contractor",1
Senate Democrats Demand White House Testimony on Impeachment,1
Senate Passes Bill To Support Hong Kong Protestors,1
Senate to vote on calling witnesses in Trump impeachment,1
"Shortly after Mr. Trump’s election victory, for example, Mr. Clinesmith texted another official that “the crazies w…",1
Singapore Government Again Uses Fake News Law on Opposition,1
South Africa’s Economic Freedom Fighters Party Keeps Top Leaders,1
STATEMENT FROM THE DOMINICAN REPUBLIC MINISTER OF TOURISM FRANCISCO JAVIER GARCÍA,1
Stephen Poloz to step down as Bank of Canada governor,1
STURGEON: BREXITEERS `MESSED IT UP',1
"Support for Impeachment is dropping like a rock, down into the 20’s in some Polls. Dems should now get down to work…",1
Tax Relief Leads Governors' 2020 Agendas (Radio),1
Taylor Caswell on the Political Impact of New Hampshire's Economy,1
The bottom line among the Wall Street/Chicago Mercantile Exchange crowd is that Trump is a disgrace but Warren is a…,1
The Democratic presidential candidates' yearlong non-aggression pact is over,1
The Democrats’ 3 worst ideas by @rickjnewman,1
The facts pile up against Trump in impeachment inquiry,1
The final TV debate between Boris Johnson and Jeremy Corbyn is about to begin. Follow live updates and analysis her…,1
The first challenges to Benjamin Netanyahu’s continued rule have started to roll in,1
"The Impeachment Scam is driving Republican Poll Numbers UP, UP, UP! Thank you Shifty.",1
The Justice Department urged the Supreme Court to hear President Trump’s bid to prevent his tax returns from being…,1
The latest Eastern European politician to face accusations of plagiarism is the Serbian finance minister,1
"The leader of Angela Merkel’s Christian Democratic Union may have thwarted her critics for now, but a raucous speec…",1
The most compelling political images of the week,1
The New Hampshire primaries are tomorrow and Democrats have been competing over independent voters. Pete Buttigie…,1
The results of Hong Kong's district council elections show the city’s 7.4 million people remain firmly on the side…,1
"The Trump administration announced a plan Wednesday to end food-stamp benefits for about 700,000 Americans",1
The Trump administration is changing a key exemption to America's trade-remedy laws to make it easier to penalize s…,1
The Trump administration is changing a key exemption to America's trade-remedy laws to make it easier to penalize s…,1
The U.K.'s Women's Equality Party says politicians are letting them down ahead of #generalelection2019. We spoke t…,1
The U.S. House voted to require states with a history of voter suppression to get federal approval for election-law…,1
The UK General Election – Johnson Wins with an Emphatic Majority,1
The Unspoken Truth: What Impeachment Exposed About Trump and 2020,1
The White House is considering more aggressive strategies in Venezuela as Trump is losing confidence that oppositio…,1
"There are Democrats that can win 2020 election, billionaire Trump-ally Tom Barrack says",1
This week in Trumponomics: Wowsa by @rickjnewman,1
Today in Brexit: European Union members are ratcheting up their negotiating demands,1
Top Trump Adviser Says U.K. Slips Behind EU in Trade Priorities,1
"Tory Win Will Encourage U.K. House-Price Gains, Rightmove Says",1
"Trudeau ""Open"" To Handing Out Taxpayer-Funded Heroin To Vancouver Addicts",1
Trudeau's Finance Chief Says Coronavirus Will Take 'Real' Toll,1
Trump Attacked Boris Johnson Over Huawei in Heated Phone Call,1
Trump Beats Congressional Democrats’ Emoluments Lawsuit,1
Trump brings a third case over his financial records to the Supreme Court,1
Trump budget proposes $150 million for creation of uranium reserve,1
Trump Budget Sets Up Clash With $4 Billion Cut for Warships,1
Trump Calls Hong Kong Protests 'Complicating Factor' in Trade Talks -- Update #economy #MarketScreener…,1
Trump Grabs Spotlight Ahead of New Hampshire Democratic Primary,1
Trump has asked the Supreme Court to stop Deutsche Bank and Capital One from handing over his financial records to…,1
Trump has complied with a court order to pay $2 million in damages after he admitted misusing his personal charitab…,1
"Trump Impeachment Drama Not Changing Minds, New Polls Show",1
Trump Impeachment Fury Sows Fear of Payback Among Diplomats,1
"Trump is considering executive action to cut drug prices ahead of the 2020 election, officials familiar with the ma…",1
Trump Is Still Studying Ways to Crack Down on Chinese Stocks,1
Trump looks to kill student loan forgiveness program,1
Trump Offensive Leaves Iran’s Hardliners Ascendant as Poll Nears,1
Trump Plans to Attend World Economic Forum in Davos Next Month,1
"Trump proposes cutting Amtrak funding, boosting money for infrastructure",1
"Trump rally was a winter boost for NJ summer resort but he still has to pay for it, mayor says",1
TRUMP SAYS GOING TO TAKE 'GOOD LOOK' AT HONG KONG BILL,1
Trump Says He’s ‘Strongly’ Considering Impeachment Testimony,1
Trump Sets Up Clash in Congress With $4 Billion Cut for Warships,1
Trump urged the U.S. Supreme Court to block a House subpoena for 8 years of his financial records,1
Trump Vengeance Illuminates Legislative Branch Weakness (Radio),1
Trump wants to extend his tax overhaul. What it means for you,1
Trump Wins Suit Over Records of Meetings With Foreign Leaders,1
"Trump Withholding $823 Million for Clean Energy, Democrats Say",1
Trump: 'Exports would zoom' if Fed lowers rates,1
Trump: Here's My New Plan For Your Student Loans,1
Trump’s ‘America First’ Tensions Exposed as Defense Secretary Ends Asia Trip,1
Trump’s Acquittal Boxes In Republicans,1
Trump’s Plea to Black Voters Showcases Find-Just-a-Few Strategy,1
"Trump-branded properties lost value since the 2016 election, study shows",1
Trump's $4.8 trillion budget gets chilly reception from Congress,1
Trump's $4.8 trillion budget likely to get thumbs-down from Congress,1
Trump's $4.8 trillion budget likely to get thumbs-down from Congress #economy #MarketScreener…,1
Trump's campaigning on the roaring economy. Here's how Democrats plan to stop him. - NBC News,1
"Trump's Defense Budget Proposal Focuses on Nukes, Research",1
Trumps FY2021 budget proposal plans 0.3% rise in defense spending,1
Trump's Impossible Fight To Stop Theft Of Ideas,1
"Trump's personal lawyer, Rudy Giuliani, suggests he has dirt on the Biden family that would be released were he to…",1
Trump's proposed budget would kill a loan program that an electric-truck company is counting on to revive an Ohio f…,1
U.K. Moves Toward Brexit After Tory Win,1
U.K. Names Pierce Envoy to U.S. at Critical Time for Allies,1
U.K. Rainmakers Eye Return to Dealmaking After Tory Election Win,1
U.K.'s Gove Warns Industry to Brace for Strict Border Controls,1
U.S. counterintelligence chief warns of meddling after Iowa caucus confusion,1
U.S. House Democrats claim victory in revamping U.S.-Mexico-Canada trade pact #economy #MarketScreener…,1
"U.S. Is Open to Dialogue With Iran, Special Envoy Hook Says",1
U.S. officials are signaling the EU might be an easier target than Britain for a quick outcome aimed at avoiding a…,1
U.S. officials are signaling the European Union might be an easier target than the U.K. for a quick outcome aimed a…,1
U.S. Open to Dialogue With Iran: Hook,1
UK politicians face ‘steep learning curve’ on EU trade,1
"Ukraine, Trump, & Biden - The Real Story Behind ""Ukrainegate""",1
UK's Labour vows action on 'tax and wage cheat' multinationals #Amazoncom #Stock #MarketScreener…,1
UN convention pushes for recognition of educational qualifications,1
United Nations Global Compact : issues new report to help companies advance human rights…,1
UPDATE 3-UK's Johnson drops corporate tax cut plan in bid to woo voters,1
Uruguay’s conservative opposition on track for victory,1
"US President Trump's reelection campaign ran more than 6,000 Facebook ads mentioning impeachment during the first w…",1
US-Israel Defense Treaty Gaining Steam After Pompeo & Netanyahu Meet,1
"Venture capitalists, start-up founders and tech workers have warmed to Pete Buttigieg",1
Vice President Mike Pence made an unannounced visit to Iraq on Saturday aimed at reassuring Kurdish allies in the U…,1
Vladimir Putin says returning control of Ukraine’s eastern border to Ukrainian forces could lead to a genocide simi…,1
"Voters in Iowa have been queueing this week for photographs with Elizabeth Warren's golden retriever, Bailey",1
Wall: UK Government Drive for Pro-Business Budget,1
"Watch this tense exchange between former VP Joe Biden and an Iowa voter. Biden appears to call the man “fat,” but h…",1
Watch: Senate debates critical witness vote in Trump's impeachment trial,1
WATCH: Trump participates in a small business round table discussion,1
WATCH: Trump sits in on a listening session with tobacco executives and public health groups over the vaping epidem…,1
"We should never underestimate the political commitment to the euro, says Financial Times’ @martinwolf_ to our host…",1
"We Urge People to Cut Ties With the Violence, Says Democratic Alliance’s Chow",1
What Boris Johnson and Jeremy Corbyn are promising for the Christmas Brexit election,1
What is driving Sinn FÃƒÂ©in's electoral surge in Ireland?,1
What the general election could mean for the pound by @OscarWGrut,1
Where’s the Fake Whistleblower? Where’s Whistleblower number 2? Where’s the phony informer who got it all wrong?,1
"White House calls for biggest NASA budget in decades to reach the moon, Mars",1
Why a Trump win would be worse for markets than a Warren win,1
Why a Trump win would be worse for markets than a Warren win by @SibileTV,1
William Barr Is Attacking His Own Department,1
"With Brexit, the U.K. tops many other countries in economic and policy uncertainty. Consult the FRED Blog for a wor…",1
��🇰 Hong Kong’s pro-democracy candidates won an overwhelming victory in district council elections on Sunday after m…,1
G20 financial officials see need for joint action against coronavirus - statement #economy #MarketScreener…,1
Ireland's finance minister expects two billion euro in extra health spending #economy #MarketScreener…,1
Kudlow says Fed should take bolder action on interest rates,1
"Kudlow Claims Fed Still Has ""Ultimate Bazooka""",1
Republican and Democratic senators urge Jerome Powell to defend the independence of the Fed,1
"Trump economic adviser Larry Kudlow says he supports a proposal for the U.S. to sell ""war bonds"" to finance the fig…",1
Trump Fed nominee faces bi-partisan doubters #economy #MarketScreener,1
Trump Fed nominee Shelton apologises for likening currency forger to Rosa Parks #economy #MarketScreener…,1
Trump praises Powell as he says Fed chief has more 'arrows' in quiver,1
Trump said he called Federal Reserve Chairman Jerome Powell on Monday to thank him for his efforts to fight an econ…,1
"U.S. Treasury Secretary Steven Mnuchin says G-7 counterparts and central bankers vow to do ""whatever is necessary""…",1
Credit Suisse Ousts CEO In Boardroom Clash: Martinuzzi (Radio),0
Ford shakes up top management 3 days after weak profit outlook,0
Ford shakes up top management three days after weak profit outlook,0
Ted Baker Chairman David Bernstein and CEO Lindsay Page are quitting after the British retailer slashed its full-year earnings…,0
The head of loan trading at UBS was terminated after engaging in an allegedly improper transaction,0
Credit Suisse CDS jump after CEO Thiam quits,2
American Water CEO Story to retire in April; COO Lynch to step up,1
CEO turnover at Bluegreen Vacations,1
"Bluegreen Vacations President/CEO Shawn B. Pearson resigns effective December 31, 2019 for family reasons",1
Daseke names Chris Easter CEO,1
FuelCell expands board to five members,1
"Fortis announced the appointment of David Hutchens as Chief Operating Officer, Fortis, effective January 1,...",1
GoDaddy announces board changes,1
GE finds replacement for CFO Jamie Miller,1
GTT Communications appoints Steven Berns as CFO,1
Granite Constr names Kyle Larkin as COO,1
"Ingersoll-Rand CFO Susan K. Carter to retire in 2020; Christopher J. Kuehn will succeed Carter as CFO,...",1
"IVERIC bio Appoints Guangping Gao, PhD, Internationally Recognized Gene Therapy Pioneer as Chief ...…",1
"La Jolla Pharm President/CEO George Tidmarsh, M.D., Ph.D., leaves the company to pursue other interests",1
Mid-Southern Bancorp appoints Robert W. Derossett as CFO,1
Nasdaq names new risk chief,1
.C - Oi CEO to exit post Jan. 30,1
Potbelly CFO steps down,1
"Plantronics names Robert Hagerty Interim CEO, effective immediately",1
SNC-Lavalin selects Bell as new CFO,1
"ReneSola names new CEO, CFO after departures",1
"Taro Pharm CFO Mariano Balaguer is leaving to accept the position of CFO at another company, effective...",1
Carrols Restaurant names Anthony E. Hull as CFO,1
Carrol's Restaurant Group appoints Anthony Hull as CFO,1
"Tallgrass Energy CEO Dehaemers departs, succeeded by Moler",1
Tesla: The Top Is Here. #stockmarket #finance #economy,1
Tivity Health announced that its Board of Directors unanimously elected Tivity Health Director Anthony M....,1
Workday reveals Products exec shuffle,1
"WeWork adds SoftBank execs, Maurice Levy",1
7 Dividend Stocks with Low Payout Ratios,1
A P Møller Mærsk A/S : General Electric grabs finance chief from shipping group Maersk #Stock #MarketScreener…,1
ADO Properties S.A.: Changes in the board of directors composition and change in the posit... #ADOProperties #Stock…,1
AECOM Names Todd Musterait Senior Vice President of Strategy and Growth for Its Environment Practice in the Americas,1
Airbnb COO Belinda Johnson is stepping down. Here’s what this big loss will mean for the company ahead of its expec…,1
Amazon hires former Sony executive for top video entertainment role,1
"Amazon Selects Sony Television Executive to Take Over Prime, Studios",1
AMC : ELIOT GOLDBERG STEPPING DOWN AS HEAD OF NONFICTION AND ALTERNATIVE PROGRAMMING FOR T... #AMC #Stock…,1
"American Water CEO Susan Story Announces Retirement for April 1, 2020",1
Anexinet Further Expands Executive Team with VP of Partner Strategy Robert Sheinker,1
Anheuser-Busch InBev names new CFO,1
"Annegret Kramp-Karrenbauer plans to step down as leader of Angela Merkel's Christian Democratic Union, says a spoke…",1
Annegret Kramp-Karrenbauer's departure just blew open the race to succeed Angela Merkel as Germany's leader,1
"As Glencore's billionaire boss Ivan Glasenberg prepares to retire, his final years will be marred by corruption pro…",1
"As Pete Buttigieg tries to attract the support of black voters, Joe Biden’s campaign touted the endorsement Friday…",1
Associa Community Management Corporation Hires Pamela A. Wiles as Executive Vice President,1
Atlas Financial names COO as operations VP leaves,1
Avaya names Bartolo chief product officer,1
Avis Budget : Taps Former Kraft Heinz CEO as Chairman #AvisBudget #Stock #MarketScreener,1
AVITA Medical names David McIntyre as CFO,1
BAE Systems U.S. gets a new CEO in April,1
Barclays head of corporate broking Kunal Gandhi has left - sources,1
Bed Bath & Beyond announces changes to leadership team,1
BlackRock’s HR chief was fired in July after office relationship via @business,1
"Bojangles’® Makes Key Culinary Hire with Accomplished Chef, Marshall Scarborough",1
BP downstream boss Erginbilgic to leave next month,1
BP's downstream boss Erginbilgic to leave next month,1
Business live: T-Mobile boss to step down - BBC News,1
Canadian National Technology Guru Departing,1
Carl Icahn plans to nominate a slate of 10 directors in an attempt to seize control of the board of U.S. oil and ga…,1
Carpentaria Resources : Board Changes #CarpentariaResources #Stock #MarketScreener,1
CBS will make William Hill its exclusive online sports betting and data provider,1
Cevian's Tischendorf to leave Thyssenkrupp supervisory board,1
CME Group president to step down in May,1
Coca Cola Amatil : APPOINTMENT OF PENELOPE WINN TO COCA-COLA AMATIL BOARD #CocaColaAmatil #Stock #MarketScreener…,1
Coca-Cola brings back CMO role,1
Collection House : Change of Chief Executive Officer #CollectionHouse #Stock #MarketScreener,1
Credit Suisse CEO Choice Might Not Stem Disputes,1
Credit Suisse CEO Thiam quits after spying scandal,1
Credit Suisse CEO Tidjane Thiam Resigns,1
Credit Suisse chairman says many shareholders back board on CEO exit,1
Credit Suisse Taps First Swiss Chief in Decades Amid Turmoil,1
Credit Suisse’s Thiam Exits in Shock Reversal After Scandal,1
Credit Suisse's incoming CEO Gottstein looking to grow balance sheet,1
Credit Suisse's new CEO Gottstein seeks growth offensive,1
CSA Canadian Securities Administrators : Chinese president meets United Russia party delegation #CSA #Stock…,1
CTS : Announces Nomination of Ye Jane Li for Election to its Board of Directors #CTS #Stock #MarketScreener…,1
Cutera names Fuad Ahmad as interim CFO,1
Daseke names Chris Easter as permanent CEO,1
Davey Promotes Maize to District Manager of Northwest Seattle Office #Stock #MarketScreener,1
"Dürr : Dietmar Heinrich becomes new Chief Financial Officer of Dürr AG, Dr. Jochen Weyrauc... #Dürr #Stock…",1
"Dybeck Happe, who joins from A.P Moller-Maersk, the world's biggest container shipping group, will take over fo…",1
Exclusive: Ryanair marketing chief Kenny Jacobs to leave company,1
Facebook just nabbed a major player for its gaming platform as it continues to ramp up efforts to compete in the vi…,1
"Fiesta Restaurant Group, Inc. to Appoint Andrew Rechtschaffen to the Board as Independent Director",1
"Ford Promotes One President, Loses the Other",1
"Ford Promotes One President, Loses the Other",1
"Ford shakes up top management, promises faster turnaround",1
Ford to name new COO,1
Ford top automotive executive retires in management shake-up,1
GE names Maersk executive as new chief financial officer,1
GE taps Maersk's Carolina Dybeck Happe as new CFO,1
GEE : Announces Untimely Death of President George A. Bajalia #GEE #Stock #MarketScreener,1
General Announcement::Appointment of Independent Financial Adviser #SingaporeExchange #Stock #MarketScreener…,1
"General Electric has hired Carolina Dybeck Happe as its new finance chief, filling a vital role that will focus on…",1
"Ghosn hires CAA founder Michael Ovitz to evaluate film, TV deals",1
Hamilton Lane bolsters leadership team with trio of appointments,1
Healthcare Distribution Alliance Names Chip Davis President and Chief Executive Officer #Stock #MarketScreener…,1
HSBC holds off on naming permanent CEO,1
HSBC ready to replace investing bank chief - FT,1
HSBC’s top duo put futures on line with radical overhaul,1
IAA Appoints Gail Evans to Board of Directors,1
Impinj COO stepping down,1
INVICTUS ANNOUNCES RESIGNATIONS,1
Iron Road : Resignation as Director #IronRoad #Stock #MarketScreener,1
It's Official: Nio Brings Former Auto Analyst Wei Feng On As CFO,1
J.B. Hunt CFO steps down,1
Kate Spade Gets New CEO to Lead Turnaround Bid at Handbag Brand,1
La Jolla Pharmaceutical says CEO George Tidmarsh has left company,1
La Jolla Pharmaceutical to initiate executive search,1
Lincoln Minerals : Director Resignation #LincolnMinerals #Stock #MarketScreener,1
LISTEN NOW: Ginni Rometty is stepping down as CEO of IBM. Listen and subscribe to the Squawk Pod podcast by...,1
Lithia Motors names new COO,1
Lumber Liquidators CEO Dennis Knowles resigned,1
Lumber Liquidators names Charles Tyson interim president and principal executive officer,1
Lumber Liquidators: CEO Knowles duties will be divided between CFO Nancy Walsh and Tyson,1
Malaysian Prime Minister Mahathir Mohamad has said the country could soon settle with Goldman Sachs over its role i…,1
Maurice Saatchi quits M&C as accounts scandal takes fresh twist,1
McDonald's names new international president after executive shake-up,1
MMG : Resignation of Key Executive and Redesignation as NED #MMG #Stock #MarketScreener,1
MMG : RESIGNATION OF KEY EXECUTIVE AND RE-DESIGNATION AS NON-EXECUTIVE DIRECTOR #MMG #Stock #MarketScreener…,1
MMG Consumer Brands Adds CPG Executive Nicole Butera as Product Development Manager,1
More Goldman execs head for the exit,1
Morgan Stanley hires former AIG executive to lead global support centers #economy #MarketScreener…,1
MSC Confirms Soren Toft Will Become Chief Executive Officer,1
Navigator : Changes in the Executive Committee and in the Board of Directors #Navigator #Stock #MarketScreener…,1
NCLAT Judgement Over Mistry’s Removal As Tata Sons Chairman On Wednesday,1
New commercial chief at Ovid,1
New finance chief at Plus Therapeutics,1
New finance chief for Trimble,1
New medical chief at Savara,1
New Renault CEO de Meo will be much better paid than predecessor,1
Norwegian Air finds a new boss,1
Old Mutual : Starts 2020 With Two New Senior Appointments #OldMutual #Stock #MarketScreener,1
Oracle Delays Decision to Replace Mark Hurd,1
Oracle taking time with Hurd replacement - Bloomberg,1
Paige Thomas Appointed President of Saks OFF 5TH,1
Panda Green Energy : APPOINTMENT OF INDEPENDENT FINANCIAL ADVISER #PandaGreenEnergy #Stock #MarketScreener…,1
PG&E Appoints Industrial Safety Expert Francisco Benavides as Chief Safety Officer,1
R&B Debris Names Patrick Dauria General Manager,1
Red Robin Gourmet Burgers Appoints Allison Page to its Board of Directors,1
Renascor Resources : Change of Director's Interest Notice 3Y RK #RenascorResources #Stock #MarketScreener…,1
"Rent-A-Center Announces New Board Member, Glenn Marino, and Vice President of National Accounts, Paul Hamilton",1
Rosenberg to Leave Gluskin Sheff to Start Research Firm,1
Ruling on Ryanair bid to delay COO's easyJet move set for next week,1
Sberbank of Russia : announces personnel changes to Capital management #SberbankRossii #Stock #MarketScreener…,1
Shutterstock names Jarrod Yahes as CFO,1
Simplus Announces Key Hires to Bolster Salesforce Manufacturing Practice,1
SNC-Lavalin selects Bell as new CFO,1
SOCi Adds Localized Marketing Pioneer Chad Jordan to the Team,1
Sports Direct International : Britain's Sports Direct to change name to Frasers Group ...…,1
Starbuds CEO Brian Ruden Joins Medicine Man Board,1
Stratasys Announces Elchanan (Elan) Jaglom to Step Down as Chairman of the Board of Directors in May,1
Stratasys board chairman steps down,1
Susa Ventures follows double fund close by hiring new partner from First Round Capital,1
Swiss grain merchant Ameropa picks Bunge executive as next CEO,1
Synlait Milk : appoints Director Operations #SynlaitMilk #Stock #MarketScreener,1
Tallgrass CEO Departs Amid Blackstone Take-Private Bid,1
"Tallgrass Energy CEO Dehaemers departs, succeeded by Moler",1
"Tapestry, Inc. Strengthens Leadership Team with Key Executive Appointments",1
Thiam gets the boot at Credit Suisse,1
Thiam quits as Credit Suisse CEO after spying scandal split,1
"T-Mobile names Mike Sievert as CEO effective May 1, 2020, replacing John Legere",1
"T-Mobile names Mike Sievert CEO effective May 1, 2020",1
T-Mobile says CEO John Legere will be replaced next year by Mike Sievert,1
"T-Mobile US says Sievert will replace John Legere whose contract ends April 30, 2020",1
T-Mobile's outgoing CEO John Legere says he 'was never having discussions to run WeWork',1
Uber losing Chief Product Officer,1
Uber’s chief product officer to step down,1
Under Armour announces C-suite hirings,1
UPDATE 1-Commodity group Louis Dreyfus promotes coffee head to COO role in latest reshuffle,1
Veris : Changes to the Board #Veris #Stock #MarketScreener,1
ViacomCBS named former NBCUniversal executive George Cheeks to lead CBS's broadcasting properties,1
What CEO Tidjane Thiam's Resignation Means for Credit Suisse,1
WP Engine nomina Lisa Box Vicepresidentessa senior della divisione Sviluppo aziendale,1
Wynnchurch follows impressive $2.27bn fund close by hiring industry veteran Bob Linscott,1
"XPO announces new CFO, watches for coronoavirus impact",1
XPO Logistics Appoints David Wyshner as Chief Financial Officer,1
Yellow Wood names second partner this year with promotion of CFO Pizzi,1
Zee Entertainment’s Subhash Chandra Resigns As Chairman,1
"Zimbabwe’s Meikles Hotel is getting a new owner, an investment company from Dubai. The 312-room hotel, built in 191…",1
Apple Could Still Be In For More Pain. #finance #business #stockmarket,0
Ambarella Will Be Hard Pressed To Keep Going At Its Current Pace. Read more:,0
Alteryx Stock Price: More Downside Before Taking Off. Continue reading: #business #investing #economy,0
Recession Risk Isn't Off The Table: Adjusting ETF Portfolios Accordingly (Podcast Transcript). Fo…,0
Baozun: The Pain Does Not Stop Here. Continue reading: #trading #stockmarket #markets,0
Canopy Growth: Falling Apart During Leadership Void. Get more info on Seeking Alpha:,0
Coupa: Don't Buy Into Expensive Valuation Amid Decelerating Growth. Follow this and any other stock on Seek…,0
Cambridge Analytica deceived FB users - FTC,0
"Despite The Recent Pullback, HD Shares Are Not Yet A Buy. Read more: #investing #markets #finance",0
More Pain In Sight For Helmerich & Payne. Sign up for updates on Seeking Alpha! #markets #investing #trading,0
ING May Be Through The Worst Point Of The Cycle. Read more: #stockmarket #economy #investing,0
Kraft Heinz: Why Dividend Investors Should Not Buy. Subscribe to Seeking Alpha for more:…,0
Marijuana names mostly underperforming following three straight days of relative outperformance,0
McClatchy Company Is Headed Towards Restructuring. Read more and sign up for updates:…,0
Nvidia Slowing: Moving To Neutral Rating. Read more and sign up for updates:,0
Sell Omega Healthcare: 50% Downside To Generous NAV Estimate. #finance #business #trading,0
"OMAB Hammered As Covid-19 Bites Into Air Travel, But A Possible Contrarian Buy. #finance #investing #economy",0
Pacific Biosciences Still Can't Catch A Break. #trading #economy #business,0
"After A 20% Gain, Parker-Hannifin Is No Longer Attractive. Follow this and any other stock on Seeking Alpha!…",0
PulteGroup Has Calamity Priced In. #stockmarket #business #finance,0
Gapping down,0
Gapping down,0
"Seadrill: Another Debt Restructuring In The Making, But Don't Bet On Bankruptcy This Time. Read more and si…",0
"Tanger: Instead Of Turning Opportunities Into Profit, Risk Was Turned Into High Losses.…",0
5 Reasons To Sell Summit Midstream Partners. Read more and get updates on any stock!…,0
Square's Stock May Retest Its Recent Lows. #trading #stockmarket #markets,0
Skyworks: China Risk Caps Upside. Read more: #stockmarket #stocks #investing,0
Irrational Market Drops AT&T Because Of Its Most Promising Business. #investing #business #economy,0
Turquoise Hill: Strong Headwinds Ahead Of 2020. #trading #business #finance,0
"Tesla's New Pickup Is Ugly, Sell; Also Week-End Rally Pattern Holding But Weakly. Get more updates here:…",0
"UVXY: Sell, And Sell Short. Read more and sign up for updates: #investing #finance #trading",0
Vericel Corporation: A Must-Have Biotech Post-COVID-19 Sell-Off - Behind The Idea.,0
Western Digital May Have Trouble Pushing Stock Price Higher. Subscribe to Seeking Alpha for more:…,0
here we go..... down....,0
3 Big Reasons Investors Are Bailing on New Relic,0
50 PUTS DAYTRADE 4/6 $258P .36 AVG,0
A Sliding Share Price Has Us Looking At Chi Ho Development Holdings Limited's (HKG:8423) P/E Ratio,0
A Sliding Share Price Has Us Looking At RaySearch Laboratories AB (publ)'s (STO:RAY B) P/E Ratio,0
Amazon’s Cloud Battle With Microsoft Weighs on AMZN Stock,0
Apple Is a Great Company With a Dubious Valuation,0
"Atlas Air Worldwide Holdings, Inc. (AAWW): Hedge Fund Interest Taking A Nosedive",0
Aurora Cannabis (NYSE:ACB) Stock Dives Breaking Key Support - Live Trading News,0
"BlackRock Inc. is pouring cold water on equity bulls, saying this year’s double-digit returns will be tough to matc…",0
BTC next week 134 puts,0
CFNAI falls sharply in October,0
CFNAI falls sharply in October,0
China Unicom (Hong Kong) Limited’s (HKG:762) Investment Returns Are Lagging Its Industry,0
Energy Stock Carnage Sets Up ‘Rinse and Repeat’ Start to 2020,0
"Even After Its Latest Moves, Chesapeake Energy Stock Is Still Too Risky",0
Fossil Has Lost Half of Its Value This Year,0
Friday's massive sell-off ruins 'January barometer' market signal,0
"Healthcare Services Group, Inc. (HCSG): Hedge Funds Are Cashing Out",0
"Hedge Funds Are Cashing Out Of Banc of California, Inc. (BANC)",0
Hedge Funds Are Cashing Out Of Watsco Inc (WSO),0
Hedge Funds Are Disconnecting From Boingo Wireless Inc (WIFI),0
"Hedge Funds Are Done Buying Waddell & Reed Financial, Inc. (WDR)?",0
Hedge Funds Are Dumping Altair Engineering Inc. (ALTR),0
Hedge Funds Are Dumping Cedar Realty Trust Inc (CDR),0
Hedge Funds Are Dumping Entravision Communication Corporation (EVC),0
Hedge Funds Are Dumping FutureFuel Corp. (FF),0
"Hedge Funds Are Dumping ImmunoGen, Inc. (IMGN)",0
Hedge Funds Are Dumping Lumber Liquidators Holdings Inc (LL),0
Hedge Funds Are Dumping NIO Limited (NIO),0
Hedge Funds Are Dumping Noble Corporation plc (NE),0
Hedge Funds Are Dumping Ocwen Financial Corporation (OCN),0
Hedge Funds Are Dumping Qudian Inc. (QD),0
Hedge Funds Are Getting Burned By Acorda Therapeutics Inc (ACOR),0
Hedge Funds Are Selling AMERCO (UHAL),0
"Hedge Funds Are Selling Axos Financial, Inc. (AX)",0
"Hedge Funds Are Selling CareTrust REIT, Inc. (CTRE)",0
Hedge Funds Are Selling CenterState Bank Corporation (CSFL),0
Hedge Funds Are Selling Covanta Holding Corporation (CVA),0
Hedge Funds Are Selling El Paso Electric Company (EE),0
Hedge Funds Are Selling Franks International NV (FI),0
"Hedge Funds Are Selling Greif, Inc. (GEF)",0
"Hedge Funds Are Selling Schneider National, Inc. (SNDR)",0
Hedge Funds Are Selling Shenandoah Telecommunications Company (SHEN),0
"Hedge Funds Are Souring On AMAG Pharmaceuticals, Inc. (AMAG)",0
"Hedge Funds Are Souring On Compass Minerals International, Inc. (CMP)",0
Hedge Funds Aren’t Crazy About Hutchison China MediTech Limited (HCM) Anymore,0
Hedge Funds Aren’t Crazy About Ladder Capital Corp (LADR) Anymore,0
Hedge Funds Cashing Out Of Artisan Partners Asset Management Inc (APAM),0
"Hedge Funds Couldn’t Dump AnaptysBio, Inc. (ANAB) Fast Enough",0
Hedge Funds Have Never Been Less Bullish On MDC Partners (NASDAQ:MDCA),0
Hedge Funds Have Never Been Less Bullish On Public Service Enterprise Group Incorporated (PEG),0
Hedge Funds Have Never Been Less Bullish On Southwestern Energy Company (SWN),0
Hedge Funds Have Never Been Less Bullish On Westlake Chemical Corporation (WLK),0
Here's the level to watch in Texaco as stock falls on London ban (via @TradingNation),0
Here's what has stock down over 9%,0
Here's Why Athenex Stock Is Sliding Today,0
Here's Why NN (NASDAQ:NNBR) Is Weighed Down By Its Debt Load,0
Here's Why Proteostasis Therapeutics Stock Plummeted Today,0
Intelsat Shorts Stick to Positions Even After Record 75% Wipeout,0
"Introducing Highway Holdings (NASDAQ:HIHO), The Stock That Slid 59% In The Last Year",0
"Introducing Innate Pharma (EPA:IPH), The Stock That Slid 62% In The Last Three Years",0
"Introducing Lannett Company (NYSE:LCI), The Stock That Tanked 80%",0
Knowles Corporation Just Missed EPS By 14%: Here's What Analysts Think Will Happen Next,0
Marijuana Stocks Have Serious Cash Concerns,0
Option Traders Bet $3.8M Disney Is Headed Lower In 2020,0
Palo Alto Networks (PANW) Dips More Than Broader Markets: What You Should Know - Nasdaq,0
Peloton punctured by critical reception to viral ad,0
Pot Stock Hits Keep Coming as Biden Knocks Weed Ahead of Meeting,0
Prospects for Aurora Cannabis Stock Look Grim,0
RECAP 1/31 Unusual Puts: Mar 9 P Feb 16 P Feb 9 P Mar 25 P Feb 12 P Jul 8 P Mar 14…,0
RECAP 11/22 -Neg Comments: Wolfe Wolfe Daiwa Nomura Oppenheimer Williams Trading,0
RECAP 11/22 Unusual Puts: Jan 120 P Feb 9 P Dec 28 P Mar 14 P Dec 7.5 P Dec 65 P…,0
RECAP 12/10 -Neg Comments: DB Citron William Blair Keybanc,0
RECAP 4/7 -Neg Comments: Sidoti Lakewood Lakewood Lakewood Lakewood …,0
Schwab’s plan to buy TD Ameritrade isn’t sitting well with investment advisers who park their clients’ money with t…,0
Some Galliford Try (LON:GFRD) Shareholders Are Down 46%,0
"Stairs up, elevator down. heading to the 50ma or lower? Time tells.",0
Sugar's Short-Term Support Is Eroding. #markets #stocks #trading,0
The Lazard (NYSE:LAZ) Share Price Is Down 26% So Some Shareholders Are Getting Worried,0
The Norsk Hydro (OB:NHY) Share Price Is Down 21% So Some Shareholders Are Getting Worried,0
The Ra Medical Systems (NYSE:RMED) Share Price Is Down 81% So Some Shareholders Are Rather Upset,0
The ServiceSource International (NASDAQ:SREV) Share Price Is Down 71% So Some Shareholders Are Rather Upset,0
Those Who Purchased EOG Resources (NYSE:EOG) Shares A Year Ago Have A 33% Loss To Show For It,0
Those Who Purchased Park Aerospace (NYSE:PKE) Shares Five Years Ago Have A 36% Loss To Show For It,0
Vanguard Real Estate sweep buys 4450 January $60 puts to open $4.90 to $5 offers after it retested a key support break this week,0
"When the market sells off quickly like this morning, it is quite common to undercut the prior low by a few pennies...",0
Why 51job Shares Dropped 15% Last Month,0
Why Aurora Cannabis Is Getting Hammered Today,0
Why Deere & Company’s (NYSE:DE) Return On Capital Employed Might Be A Concern,0
Why Did Altria Take A Hit Of $4.5 Billion On Its Bottom Line?,0
Why Honeywell International's Guidance Looks Conservative,0
Why Myriad Genetics Shares Are Tanking Today,0
Why Shares of PPG Industries Fell in January,0
Why Shares of Take-Two Interactive Are Down Today,0
Why Shares of Ubiquiti Tumbled Today,0
Why Shares of UPS Fell in January,0
The Best Is Yet To Come As Apple Moves Into Media Production. Read more and sign up for updates:…,2
"if it breaks 78c, it can easily run to $1 definitely on watch.",2
Yes SIR !!!!!!!!!! New HOD !!!! wants higher. Looking good for next week.,2
AES Is A Soft Buy. Subscribe to Seeking Alpha for more: #business #economy #stockmarket,2
bouncing nicely.....,2
Remain Cautiously Optimistic On Air Lease Even After Major Correction. #finance #stocks #business,2
strong all day on volume abv average.,2
Increased position on this name after RS. All bad news are priced in IMHO and plenty of room to the upside.,2
Amarin Corportion Plc: Now Compelling On Ex-U.S. Opportunity And Potential Barriers To Generic Competition.…,2
getting the move over 23 now will want to see this hold by days end,2
Patience is key. Good news + strong accumulation. Let the weak hands sell.,2
Associated British Foods: High Quality Organically Growing Business At A Reasonable Price. Get more info o…,2
impressive move here....,2
Antares' Xyosted Is One Of The Best Testosterone Replacement Therapies Available. Subscribe to Seeking Alph…,2
Aurinia's Successful Study In Lupus Nephritis Changes The Scope Of Treatment Options For Patients. Follow t…,2
Avalara: Buy This Leader In The Tax Automation Trend. #economy #stockmarket #markets,2
AutoZone: Becoming More Constructive On Valuation. #trading #stocks #economy,2
3 Reasons Brookfield Is A Must-Own Dividend-Growth Stock. Get more info on Seeking Alpha:…,2
BlackRock Energy & Resources Trust: Buy This 8.3% Yielding CEF For Upside In Oil. Read more and get updates…,2
BOOM! December $310C at $11!,2
nice alert yesterday..... looks ready to run !!,2
Swine Fever And Self-Improvement Leading To Real Progress At BRF. Sign up for updates on Seeking Alpha!…,2
Comeback bid for apparel,2
"Cardlytics: Share Price Justified, Profitability Possible In 2020. Get more updates here:…",2
squeeze mode in after-hours,2
hits @MarketSmith Scan as rises out of Cup and Handle with a target to 79 #IBDPartner @InvestorsBusinessDaily…,2
anyone? It seems to be making a bottom. Company announced recently 500% Increase in New Orders for Developmen…,2
big buyers here. Might bounce before the close.,2
red to green type move soon.,2
Ciena's Drivers Help Offset Some Of The Covid-19 Uncertainty. #economy #stockmarket #stocks,2
deserves your attention next week. Im buying. Loading zone. NOTE: Some China names have been hot lately.,2
Continental Resources: Still Going Strong. #stocks #business #trading,2
the squeeze continues........,2
another good one for penny lovers. Looks primed for a run.,2
big buy block.,2
Strong run for Caesars before COVID-19,2
Danaos Looks Like The Cheapest Stock In The Market. Read more and sign up for updates:…,2
broke out last week on heavy volume (69.89 std pivot) and closed the week at all-time high. Missed the classi…,2
non stop !!!!! new HOD !!! Shorts are getting squeezed... hope to see the same on tomorrow,2
"very very nice, squeeze into the close. strong close.",2
volume is picking up. Watch the break of $2 for a nice move to the upside.,2
Enphase: Promising Growth Vision. #investing #finance #trading,2
"Move big into mortgage insurers after these regulatory announcements, BTIG says",2
EyePoint Still Has A Very Promising Future. #markets #trading #finance,2
Ford Presents A Safe 6.6% Return With A High Margin Of Safety. Read more: #trading #economy #markets,2
"GE Is A Buy, Considering Patent Dynamics. Subscribe to Seeking Alpha for more: #stocks #business #markets",2
General Electric: Shareholders Can Breathe A Sigh Of Relief. #business #investing #economy,2
shorts getting killed today,2
shor-term bottom is in. Loading zone,2
iShares Global Clean Energy ETF: A Bright Future. #stocks #finance #economy,2
Intercept Pharmaceuticals: Blockbuster Therapy Unveils An Upside Catalyst. Read more and get updates on any…,2
buyers into the close,2
is gaining momentum......,2
is gaining some great momentum and volume over the last few trading sessions. Squeeze over 1.49,2
Intel's 7.5% Total Yield Will Push The Stock Higher. Continue reading: #finance #stocks #trading,2
strong action so far. Breakout watch over 20.48,2
Intra-Cellular Therapies: This Small Cap Biotech Will Not Be Small For Long. #economy #investing #markets,2
"Entry 1.05 @here Tissue Paper News Played it once already now going for new highs, has news saying earnings go…",2
back above 8 EMA. Closing matters..,2
Jacobs Engineering: The Transition Shows Positive Signs. Sign up for updates on Seeking Alpha!…,2
U.S. airline traffic stays solid,2
Karuna Therapeutics: Fundraising Makes For Buying Opportunity. Continue reading: #markets #business #economy,2
A History Of IG Credit Spreads Suggests Opportunity. #investing #finance #business,2
Lattice Semiconductor Delivering Early On Several Key Promises. Continue reading:,2
LVMH Well Equipped To Weather Covid-19 Downturn. #finance #trading #markets,2
is back !!! Long and strong here.,2
nice volume...... after-hours could be fun !!! Next 50c,2
strong into the close..... news coming?,2
nice chart. Had great news this morning. Global Jurisdictions Continue to Recognize Microbot Medical’s Innova…,2
Madrigal: A Stellar Stock For This Coronavirus Bear Market. #finance #stocks #investing,2
Why Moderna's Prospects Still Look Great. #business #trading #investing,2
off low float mania is back !!!,2
"Holding overnight. I increased my position today. Im hoping we might get some news, but chart also looks primed for a bounce.",2
Big partner boosts biotech with 120% upside - Raymond James,2
Realty Income: Creates An Attractive Buying Opportunity. #stocks #trading #finance,2
.C - Oi S.A. Is Transforming Into A Leading Telecom Infrastructure Wholesaler For 5G In Brazil. Sign up for up…,2
what a call !!!!!!!! Sweeeeeeeeeetttttt,2
a great chart for technical traders..... Frost on the move !!,2
EOD rally !!!,2
squeeze into the close !!!! strong close !!!,2
waking up. Possible V-bounce after a non sense selloff last week.,2
"easy to see, easy to trade !!!! Dont forget looks primed for a run to $1",2
if it breaks 41c the move could be explosive. Under accumulation here.,2
IS BREAKING OUT ON MASSIVE VOLUME. SHORT SQUEEZE INTO THE CLOSE.,2
Palo Alto Networks: A Decent Buy After The Sharp Fall. #markets #stocks #finance,2
3x avg daily volume today. Added 30k shares today.... holding overnight. Can easily run to $1.2,2
"another good bottom chart. CMF shows money flowing into the stock at a fast pace. Plus, all key momentum indi…",2
nice to see some buyers here,2
Peck: Growth Is Accelerating For This Profitable Green Energy Nano-Cap Company. #trading #markets #finance,2
PepsiCo: It's A Better Dividend Play Today Than You Think. Subscribe to Seeking Alpha for more:…,2
Planet Fitness: Strong Growth Continues. Read more and get updates on any stock! #business #trading #markets,2
this is a great PR. I would not be surprised seeing this stock trading above $2 in after-hours.,2
could squeeze over 2.25,2
woke up. Former runner with just 3.7M shares float. Short-squeeze candidate.,2
PAX Global Technology: A No-Brainer Investment. Read more: #business #markets #trading,2
Coronavirus Won't Hinder PayPal's Growth. #economy #business #stockmarket,2
PayPal's Stock May Be Heading For A Year-End Rally. Get more updates here: #trading #business #economy,2
"April $204 call open interest rises to 32,443 after 20,000 bought for $0.94 yesterday morning, then 10,000 at…",2
Royal Caribbean Cruises: Fleet Expansion Driving Growth. Follow this and any other stock on Seeking Alpha!…,2
".A .B - Shell: The End Of Oil And Gas Is Not Near, And Investors Can Benefit From A High Yield. Read more a…",2
Breaking out to the upside.,2
Mortgage REITs start to climb up from descent,2
Repsol's Excellent Opportunity To Buy In To COP's Alaska Development. Get more info on Seeking Alpha:…,2
510 Mar $220 calls look to be closing late,2
"is working on a 2nd stage, 44% deep cup base. May be building a handle/flag. Watch for break above last week'…",2
buying this dip,2
Gapping up,2
Large cap notable movers of interest -- Splunk (SPLK) rises following upside third quarter press,2
Mid cap notable movers of interest -- Immunomedics (IMMU) gains on ASCENT study updates,2
Small cap notable movers of interest -- Mesoblast (MESO) gains on clearance of remestemcel-L IND,2
Small cap notable movers of interest -- The Buckle (BKE) gains following third quarter press,2
Stocks/ETFs that traded to new 52 week highs/lows this session - New highs (116) outpacing new lows (12),2
back over $6 possible EOD run,2
Bullish options flow and a nice setup. Breakout watch over 24.45,2
Schlumberger: Value Beginning To Emerge After Shares Halved Yet Again. #stockmarket #stocks #business,2
"highs, 50,000 Jan $21/$30 call spreads bought",2
"still liking and holding this stock. Worth reading ""This pipeline of product candidates has the potential to...",2
Bear Market Bounce - J.C. Parets Returns To Alpha Trader. #stocks #finance #trading,2
"When everybody thinks the world is coming to an end, this happens.... nice breakout :) eh eh eh",2
"strong breakout of tight setup on volume. Above 6wk desc tl, last week's high, & ma's. C&H breakout. Higher hi…",2
Market Briefing: Broad-based relief rally,2
Now Is The Time To Build A Position In Toll Brothers. #business #finance #economy,2
Making me some $$$ Today,2
moving good today. Just play the movement. But don't get stuck holding the bag.,2
TOP Ships (TOPS) Stock Is Rocketing For Multiple Reasons via @AlphaStockNews1,2
very good news. Watch the break of 1.03 for a big run,2
Why Tesla Remains A Strong Buy. #markets #stocks #business,2
Why Buying Domtar Isn't Such A Mad Idea. Continue reading: #economy #trading #investing,2
nice volume this morning. Confirming the possible short-term bottom.,2
Unilever sees Lipton as still attractive,2
It's time to buy stocks - Morgan Stanley's Wilson,2
Vericel Corporation: A Must-Have Biotech Post-COVID-19 Sell-Off. #finance #trading #stockmarket,2
Vinda International: Favorable Tailwinds Persist. #business #stockmarket #economy,2
"Even After The Recent Surge, This High-Frequency Trader Still Shows Value. #business #economy #investing",2
WD-40 increases quarterly dividend to $0.67/share from $0.61/share,2
SoftBank will win WeWork bet - Bernstein,2
breakout on volume. Could squeeze into the close.,2
still liking and holding. Adding on any dip.,2
back over $1,2
heavy....,2
strong clearing 21 MA and trying to get back over 200 MA,2
Semis gain on signs of resilience,2
Updated chart for u guys. Bullish MACD crossover on hourly chart. CMF is also rising. Short-term trend is now UP. Pivots on chart.,2
"volume is coming in, the upward momentum could accelerate.",2
"non stop , unreal +250% ...... eyes on another China play",2
"Holding nicely its EMA50. With more than $2 per share in cash, a run to +$1 is likely at this point.",2
Why We Should Buy More Zynga Shares. #economy #trading #investing,2
@here entry was 1.43 will add more and average up. pullback to 1.48-1.50 add for handle @here break above 1.6…,2
"10:09 am 260.13 2,471 STOCKS ARE up from the OPEN vs 736 that are down from the open. 111.7",2
added (common),2
Added for after-hours.... thats great news !!! Can easily run to +$2,2
Added and to the #PowerEarningsGap list These 3 names look very promising going forward! Look f…,2
Added 50k shares thanks for the pullback !!,2
Adding for next week. Love this kind of bottom setups.,2
Adobe Did Good – And Stock Is Headed To A Record High,2
After a early morning mishap on taking control here with . both would be wins now too.,2
Alexco Resource (TSE:AXU) Shareholders Have Enjoyed An Impressive 244% Share Price Gain,2
Alibaba Stock Shows Strong Tailwinds from Subscriber Growth,2
All these names are working. Buying,2
"Allakos buyer of 1000 January $150 calls $3.10, recent report of it exploring options",2
Amazon with 2000 July $1900 calls opening in the afternoon as some of the 6000 $1800 calls adjusted higher,2
Ambu A/S Just Beat EPS By 19%: Here's What Analysts Think Will Happen Next,2
AMD Option Traders Turn Bullish Following Second Analyst Target Hike,2
"Apple and Microsoft helped lift the Dow industrials above 28000 for the first time earlier this month, underscoring…",2
"Apple is worth more than the entire S&P 500 Energy index combined, including industry titans like Exxon and Chevron",2
"Apple shares flex muscles as Trump, Cook tour facilities",2
Bids are building up on could pop over 3.04 love this chart.,2
Boston Scientific more bullish flow with 5000 May $30 puts being sold $0.72 and the August $40 calls bought $1.30,2
"Breaking Out of a Four-Month Stretch, Visa Stock Can Reach $200 - Investorplace.com",2
BRP Inc. (TSE:DOO) Earns Among The Best Returns In Its Industry,2
Bull of the Day: Jazz Pharma (JAZZ) - Nasdaq,2
Bunch of brick and mortar retailers up 15-25% today Sustainable... (sarcasm font),2
Casper ends first day of trade up 13%,2
Changyou.Com Ltd (CYOU): Hedge Funds Are Snapping Up,2
Communications Services Up On Rotation Into Cyclical Sectors -- Communications Services Roundup #economy…,2
Did You Miss Immunodiagnostic Systems Holdings's (LON:IDH) 38% Share Price Gain?,2
FAANG Will Continue To Dominate Stock Market Returns (Radio),2
"Fundstrat’s Top Chartist Sees Bitcoin Approaching $11,000",2
Gotta be impressed how the held the VWAP from the low. Today we made it up past the VWAP from late April low…,2
Heard on the Street: Prada has been the best performing luxury stock over the past three months,2
Hedge Funds Are Betting On Aduro BioTech Inc (ADRO),2
"Hedge Funds Are Betting On Argan, Inc. (NYSEAMEX:AGX)",2
Hedge Funds Are Betting On Bellicum Pharmaceuticals Inc (BLCM),2
Hedge Funds Are Betting On Mercantile Bank Corporation (MBWM),2
Hedge Funds Are Buying EQT Midstream Partners LP (EQM),2
Hedge funds are buying stocks exposed to US-China trade on hopes for a deal,2
Hedge Funds Are Buying Tenneco Inc (TEN),2
"Hedge Funds Are Crazy About Assertio Therapeutics, Inc. (ASRT)",2
Hedge Funds Are Crazy About Cincinnati Bell Inc. (CBB),2
"Hedge Funds Are Crazy About Heidrick & Struggles International, Inc. (HSII)",2
"Hedge Funds Are Crazy About PC Connection, Inc. (CNXN)",2
Hedge Funds Are Crazy About Washington Federal Inc. (WAFD),2
Hedge Funds Are Piling Into Dr. Reddy’s Laboratories Limited (RDY),2
Hedge Funds Are Still Bullish On TechTarget Inc (TTGT) Despite Recent Sales,2
"Hedge Funds Are Still Crazy About Avid Technology, Inc. (AVID)",2
Hedge Funds Are Warming Up To Canadian Imperial Bank of Commerce (CM),2
Hedge Funds Are Warming Up To Celestica Inc. (CLS),2
Hedge Funds Are Warming Up To Eldorado Gold Corp (EGO) Again,2
Hedge Funds Are Warming Up To First Bancorp (NASDAQ:FBNC),2
Hedge Funds Are Warming Up To Helix Energy Solutions Group Inc. (HLX),2
Hedge Funds Aren’t Done Buying California Water Service Group (CWT),2
Hedge Funds Aren’t Done Buying Omega Healthcare Investors Inc (OHI),2
"Hedge Funds Aren’t Done Buying Simulations Plus, Inc. (SLP)",2
Hedge Funds Have Never Been More Bullish On Agile Therapeutics Inc (AGRX),2
Hedge Funds Have Never Been More Bullish On Aurinia Pharmaceuticals Inc (AUPH),2
Hedge Funds Have Never Been More Bullish On Camtek LTD. (CAMT),2
Hedge Funds Have Never Been More Bullish On City Office REIT Inc (CIO),2
Hedge Funds Have Never Been More Bullish On Landec Corporation (LNDC),2
"Hedge Funds Have Never Been More Bullish On MGE Energy, Inc. (MGEE)",2
Hedge Funds Have Never Been More Bullish On RadNet Inc. (RDNT),2
Hedge Funds Have Never Been This Bullish On Adesto Technologies Corporation (IOTS),2
"Hedge Funds Have Never Been This Bullish On Alexander’s, Inc. (ALX)",2
Hedge Funds Have Never Been This Bullish On Bloom Energy Corporation (BE),2
Hedge Funds Have Never Been This Bullish On Bluerock Residential Growth REIT Inc (BRG),2
Hedge Funds Have Never Been This Bullish On Cathay General Bancorp (CATY),2
"Hedge Funds Have Never Been This Bullish On Cedar Fair, L.P. (FUN)",2
"Hedge Funds Have Never Been This Bullish On Century Casinos, Inc. (CNTY)",2
Hedge Funds Have Never Been This Bullish On Chiasma Inc (CHMA),2
"Hedge Funds Have Never Been This Bullish On Construction Partners, Inc. (ROAD)",2
"Hedge Funds Have Never Been This Bullish On Diamond Hill Investment Group, Inc. (DHIL)",2
"Hedge Funds Have Never Been This Bullish On Elevate Credit, Inc. (ELVT)",2
"Hedge Funds Have Never Been This Bullish On Fastly, Inc. (FSLY)",2
Hedge Funds Have Never Been This Bullish On First Financial Bankshares Inc (FFIN),2
Hedge Funds Have Never Been This Bullish On Genmab A/S (GMAB),2
"Hedge Funds Have Never Been This Bullish On HarborOne Bancorp, Inc. (HONE)",2
"Hedge Funds Have Never Been This Bullish On HTG Molecular Diagnostics, Inc. (HTGM)",2
Hedge Funds Have Never Been This Bullish On LiqTech International Inc (LIQT),2
Hedge Funds Have Never Been This Bullish On NVE Corporation (NVEC),2
Hedge Funds Have Never Been This Bullish On Opera Limited (OPRA),2
Hedge Funds Have Never Been This Bullish On Osisko Gold Royalties Ltd (OR),2
Hedge Funds Have Never Been This Bullish On Paramount Group Inc (PGRE),2
"Hedge Funds Have Never Been This Bullish On Paysign, Inc. (PAYS)",2
"Hedge Funds Have Never Been This Bullish On Radiant Logistics, Inc. (RLGT)",2
"Hedge Funds Have Never Been This Bullish On Satsuma Pharmaceuticals, Inc. (STSA)",2
Hedge Funds Have Never Been This Bullish On Trecora Resources (TREC),2
"Hedge Funds Have Never Been This Bullish On Western Midstream Partners, LP (WES)",2
Hedge Funds Piling Into AudioCodes Ltd. (AUDC),2
Hedge Funds Warming Up To Central Pacific Financial Corp. (CPF),2
"Here's how Tesla stock swings 18% higher, trader says (via @TradingNation)",2
Here's Why Amneal Pharmaceuticals Rose as Much as 52.3% Today,2
Here's Why Collegium Pharmaceutical Rose as Much as 20.7% Today,2
Here's Why Renewable Energy Group Shares Jumped as Much as 43.9% Today,2
"Highlight: @ArgusResearch Senior Analyst Bill Selesky on ""I really have no idea what's causing it to pop tod…",2
"Highlight: Cruise stocks are rallying. ""The industry has done a total 180 in the last few months,"" @cfraresearch's…",2
Home Depot stock is still a good investment despite rare misstep: analysts by @BrianSozzi,2
If You Had Bought Canadian Tire Corporation (TSE:CTC.A) Shares Five Years Ago You'd Have Made 24%,2
If You Had Bought CyberArk Software (NASDAQ:CYBR) Shares Five Years Ago You'd Have Made 140%,2
If You Had Bought Stoneridge (NYSE:SRI) Shares Five Years Ago You'd Have Made 159%,2
Im buying today. Chart + news..... we could see $16 again in the coming days....,2
In 1.60 on news 6000 shares. Stock fell 80% and now can run big,2
Incyte (NASDAQ:INCY) Has A Rock Solid Balance Sheet,2
"Introducing Cogent Communications Holdings (NASDAQ:CCOI), A Stock That Climbed 78% In The Last Five Years",2
"Introducing Penumbra (NYSE:PEN), The Stock That Zoomed 151% In The Last Three Years",2
Investors Who Bought GlobalSCAPE (NYSEMKT:GSB) Shares Five Years Ago Are Now Up 302%,2
Investors Who Bought Lendlease Group (ASX:LLC) Shares A Year Ago Are Now Up 53%,2
Investors Who Bought Supernus Pharmaceuticals (NASDAQ:SUPN) Shares Five Years Ago Are Now Up 148%,2
Ionis Pharmaceuticals (NASDAQ:IONS) Has A Rock Solid Balance Sheet,2
It looks like could be a stock that deserves your attention going forward.,2
Large cap Tech call flows hot early,2
Long,2
Looks like 8/21 MA bull cross today,2
Luckin Coffee share price may nearly double to $60 on U.S. exchanges: hedge fund Citron Capital,2
Major Resistances Are Broken – Time To Go Up,2
Mentioned in the past. It looks nice here. Ww.,2
"Money manager says she has 'very high' confidence Tesla shares reach $7,000 in next 5 years",2
"Netflix shares have soared nearly 4,100% since the end of 2009",2
Newmont Goldcorp Is Poised to Outperform,2
News Corporation (NWS): Hedge Funds Are Snapping Up,2
nice chart ty for the share,2
"Nifty, Sensex rise; Reliance, PSU energy stocks gain",2
NXP Semiconductors Started Bouncing Back Already,2
"PGIM Likes Barbell Trade in Credit, Buying AAAs & CCCs (Radio)",2
Pinduoduo's stock is the most active premarket with over 3 mln shares traded,2
RECAP 11/22 +Pos Comments: + Wolfe + Wolfe + Wolfe + DNB Markets + Brookline,2
RECAP 11/22 Unusual Calls: Jan 20 C Jan 11 C Mar 12.5 C Dec 27 C Dec 32 C Jan 37 C…,2
RECAP 12/10 Unusual Calls: Dec 67.5 C Dec13 38.5 C Mar 75 C Apr 20 C Jan 3 C Jan 20…,2
RECAP 4/7 +Pos Comments: + Craig Hallum + CFRA + MS,2
Red-Hot Adobe Stock Sees Surge in Bullish Betting,2
Regional Management (NYSE:RM) Shareholders Have Enjoyed An Impressive 140% Share Price Gain,2
Royal Gold (NASDAQ:RGLD) Shareholders Booked A 68% Gain In The Last Five Years,2
S&P with 5000 June $319 calls opening in a $5M position as December $298 calls adjust,2
"Saudi Aramco will probably soon exceed the $2 trillion valuation targeted by Crown Prince Mohammed bin Salman, acco…",2
Scalp Trader's recent play took off for a +109% gain in just three days. Learn more and #tradesmarter here &gt;&gt;…,2
ScalpTrader's recent swing long ripped higher for a +120% gain in just a few hours. Learn more and…,2
ScalpTrader's recent monster Preferred plays took off for an average gain of +105% overnig…,2
ScalpTrader's recent monster Preferred plays took off for an average gain of +105% overnig…,2
"Shareholders Are Loving SmartFinancial, Inc.'s (NASDAQ:SMBK) 0.9% Yield",2
Signal Says Bank of America Stock Isn’t Done Climbing,2
Signal Says Ferrari Stock Could Race Into New Year,2
Signet Jewelers Finally Regains Some Sparkle,2
Small-Company Stocks Have Been Lagging the Market. Here's Why That Could Change Soon - MONEY,2
SNWV: U.S. Roll-Out May Be Stronger Than Previously Anticipated,2
Square's Breakout May Send Shares Sharply Higher - Seeking Alpha,2
Stock Market Update: Facebook seeing increased buying interest,2
Stock Market Update: Netflix outperforming the FAANG stocks,2
Stock Market Update: Netflix remains among today's winners,2
Stock Market Update: TJX remains bright spot in retail space today,2
"Stocks like HDFC Bank, ICICI Bank & HDFC looking good - Economic Times",2
Stocks This Week: Buy Nike And Autodesk,2
Strong Cloud Growth and 2 More Keys for FireEye Stock,2
"Tesla stock is wrapping up its best month since 2013, adding $40 billion in value in January....",2
The Acme United (NYSEMKT:ACU) Share Price Is Up 29% And Shareholders Are Holding On,2
"The Corticeira Amorim S.G.P.S (ELI:COR) Share Price Has Gained 224%, So Why Not Pay It Some Attention?",2
The Hexagon Composites (OB:HEX) Share Price Has Gained 50% And Shareholders Are Hoping For More,2
The REX American Resources (NYSE:REX) Share Price Has Gained 27% And Shareholders Are Hoping For More,2
The upward trend should continue #AlignTechnology #Stock #MarketScreener,2
"The Zynga (NASDAQ:ZNGA) Share Price Has Gained 200%, So Why Not Pay It Some Attention?",2
"This $3B biotech has been a three-bagger since November, and it still has upside",2
This High-Yielding Renewable Energy Company Continues Generating Solid Results,2
"Today is a good time to buy the only #dividend king in REITdom, says @rbradthomas. …",2
Trade Desk strong with 900 December $275 OTM calls bought $2.70 to $2.95 early,2
"TUNE IN: Tesla's bull run is just getting started, says Ark's Cathie Wood. Watch #WallStreetWeek live today at 6pm...",2
Update: Bluerock Residential Growth REIT (NYSEMKT:BRG) Stock Gained 41% In The Last Year,2
Update: Gardner Denver Holdings (NYSE:GDI) Stock Gained 38% In The Last Year,2
Update: Incyte (NASDAQ:INCY) Stock Gained 36% In The Last Year,2
Update: Insurance Australia Group (ASX:IAG) Stock Gained 41% In The Last Three Years,2
Watch over 43c in after-hours for continuation targeting the 50c area initially,2
Watch over $6 for a strong move higher.,2
We Think Hudson Global (NASDAQ:HSON) Can Easily Afford To Drive Business Growth,2
"Western Digital is ""flashing"" green, adding to the hope that the flash market is improving (WDC)",2
"While Risks Remain, VBI Vaccines Stock Is a Buy at Today’s Prices",2
Why Appian Stock Soared 34% in January,2
"Why Arista Networks, Inc.’s (NYSE:ANET) Return On Capital Employed Is Impressive",2
Why Ball Corporation Stock Gained 12% in January,2
Why Biogen Shares Soared Today,2
Why Campbell Soup Company's (NYSE:CPB) High P/E Ratio Isn't Necessarily A Bad Thing,2
Why Diabetes Stock Insulet Jumped 13.3% in January -- After Soaring 116% in 2019,2
Why Fiverr Stock Rose 11% in January,2
Why Grocery Outlet Could Have Investment Appeal,2
Why Hecla Mining Is a Buy,2
Why Intesa Sanpaolo S.p.A.'s (BIT:ISP) High P/E Ratio Isn't Necessarily A Bad Thing,2
Why Kroger Could Deliver Stock Price Growth,2
Why MTY Food Group Inc.'s (TSE:MTY) High P/E Ratio Isn't Necessarily A Bad Thing,2
Why NIO Hasn’t Fallen Totally Off the Cliff,2
Why Now Is a Great Time to Buy Pinterest Stock,2
Why Pinterest Stock Just Popped 12.5%,2
Why Shake Shack Stock Gained 13% in January,2
Why Shares of NortonLifeLock Jumped Today,2
Why Synaptics Stock Popped Today,2
Why Tallgrass Energy's Stock Is Taking Flight Today,2
Why This Acquisition Could Be Huge for Collegium Pharma,2
Why You Might Be Interested In TMX Group Limited (TSE:X) For Its Upcoming Dividend,2
Wynn Resorts bounces back from Friday's weakness (WYNN),2
Yeah 12/20 $150C @1.16 entry got 5. Reason is look at the inside day hammer today. Looking like we’re gonna break upwards.,2
YPF Sociedad Anonima (YPF): Hedge Funds Are Snapping Up,2
AbbVie Is The First Addition To The Motorhome Retirement 72T Portfolio. Read more and sign up for updates:…,1
OPY and LEAF among financial gainers; CACC leads losers,1
stock is flagging on the hourly chart. A break of 78c could sent it immediately to the gap zone around $1 Big...,1
) 1.22 lock that number in your head.,1
AllianceBernstein National Municipal Income declares $0.04581 dividend,1
still in play for me. Stock is falling hard on low volume while MACD is crossing up. Could bounce into the cl…,1
Akebia Therapeutics: Vadadustat Approval Seems Make Or Break. Read more and sign up for updates:…,1
Crash Protection For AMD. #economy #finance #business,1
here is the hourly chart. Someone is accumulating big time today. Look at the Accumulation line on chart. Kee…,1
Strong action,1
AMZA: Distribution Coverage Analysis And Comparison. Continue reading: #stocks #trading #markets,1
in from last week.,1
on scans.,1
holding it till $25 :),1
Investing With Brookfield: Achieving Attractive Risk/Reward And High Yield Simultaneously.…,1
Liberty Braves Group: Valuing An Undervalued And Unique Business. Subscribe to Seeking Alpha for more:…,1
Bed Bath & Beyond: A Look At The Potential Turnaround. Read more: #stocks #stockmarket #economy,1
"seems extremely cheap, have not looked into why it has lagged so much this year, but screens well",1
"Questions Linger After CTAD For Biogen's Aducanumab, But Trading Opportunities Exist. Follow this and any o…",1
😀,1
only the break of this large trading range will send the stock to higher levels. No position.,1
Bankia: Low Valuation Is More Than Justified By Its Fundamental Woes. Continue reading:…,1
There Is Growing Interest For An Acquisition Of BME. Read more and get updates on any stock!…,1
"Holding for next week event. Long swing idea. Based on the chart, risk/reward looks favorable.",1
Popular to review letter from activist investor,1
Altria & British American Tobacco: Perhaps The Nightmare Is Finally Ending. Continue reading:…,1
Woke up,1
Canfor: Take-Private Bid Significantly Undervalues The Company. Continue reading:,1
Chesapeake Energy's Rebound Is Temporary. Get more info on Seeking Alpha: #trading #stockmarket #stocks,1
Digging Into Calumet's Ever Improving Operations And Balance Sheet. Sign up for updates on Seeking Alpha!…,1
filled the gap .. worth watching for a trade,1
👀..name got incredibly cheap few months ago,1
Comstock Resources: Financial Position Stretched Regardless Of Possible Acquisition. Subscribe to Seeking Al…,1
CSL Limited: A Meteoric Rise Despite Risky Bets Highlights Overvaluation. Continue reading:…,1
BOQI International Medical and CUI Global among Industrial gainers; Beazer Homes and Hovnanian En...,1
DBB: Renewed Weakness Driven By Zinc's Micro Fragility. Read more: #stocks #economy #trading,1
Equity CEFs: The Insanity Of CEF Investors. Get more info on Seeking Alpha:,1
on the move again. Eyes on sympathy play with a great chart. Also a 30 cents stock.,1
Diamond Hill: Dissecting An Undercovered Gem. Read more and get updates on any stock!…,1
hits @MarketSmith Scan as tries to crack consolidation channel #IBDPartner a break out buy over 148…,1
Daqo New Energy Could Rebound Significantly In 2020 After Its Recent Selloff. Keep reading:…,1
"SOXL, LABU, JO and GUSH among weekly ETF movers",1
.P - Waiting For Godot's Dividend Could Pay Off For Patient Investors In Brookfield DTLA Office Trust Preferre…,1
Derwent London Is A High-Quality REIT Growth Opportunity. Read more: #investing #stocks #business,1
supplies surgical masks - #CoronavirusOutbreak nice find @simbatrading,1
Eaton offloads auto fluid conveyance business,1
Etsy Has Many Problems. Here's Why I Bought Its Stock. Read more and get updates on any stock!…,1
37 to 43,1
continuation,1
Express: Shares Are On Sale. Get more info on Seeking Alpha: #trading #business #investing,1
Ford Facing A Difficult Future. Read more and sign up for updates: #finance #stockmarket #investing,1
Freeport-McMoRan builds on this week's strength,1
Forum Energy Technologies: International Operations Can Provide The Relief. Read more:…,1
Five Below: Trapped Below $135. Keep reading: #markets #trading #finance,1
Foot Locker: Can't Get Much Better. Follow this and any other stock on Seeking Alpha!,1
The Withdrawal Season Begins In Natural Gas. Read more and sign up for updates: #stocks #trading #markets,1
"Globetronics: Short-Term Pain, Long-Term Gain. Get more info on Seeking Alpha:",1
Gear Energy: The Important Metric Management Ignores. Read more and sign up for updates:…,1
"Guardion Health Sciences Has Enough Cash For Now, But Be Wary Of Further Dilution. Get more info on Seeking…",1
holding for next week.,1
A U.S. Industrial Giant Bets On Long Interest Rates. Follow this and any other stock on Seeking Alpha!…,1
Halma: The Electronic And Electrical Equipment Gift That Keeps On Giving. Sign up for update…,1
"HDS, AQST, LTHM and SSI among after-hours movers",1
Holly Energy Partners: Another 12% High-Yield Play. Sign up for updates on Seeking Alpha!…,1
Huntington Ingalls Industries: Steady As She Goes. Subscribe to Seeking Alpha for more:…,1
Helmerich & Payne: High Yield Is Still Secured Despite Loss. Read more and sign up for updates:…,1
H&R Block: A Cash Machine With Strong Balance Sheet. Read more: #markets #business #investing,1
Hyundai Motor Company: Strategy 2025 Spells Success. Continue reading: #markets #stocks #investing,1
There Are Still Some Catalysts That Can Give IBM Shareholders Value. Get more info on Seeking Alpha:…,1
"I can see this house doing well, but I'm not playing. Chart is too chaotic.",1
"ITT Inc. Executing Well, But End-Market Weakness Could Create Opportunities For Investors. Get more info on…",1
triggering here out of its flag,1
Industry Briefing: Transports,1
crazy move in pre-market. Pivot points on chart.,1
JBS Does Well With Trade Wars And Higher Meat Prices. Get more info on Seeking Alpha:…,1
One Way J.C. Penney Can Tackle Its Big Debt Problem. Read more and get updates on any stock!…,1
Just Eat shareholders told to stand down,1
strong action this morning on volume.,1
Assessing The Long-Term Case For Korn Ferry. Read more and get updates on any stock!,1
"Kohl's Valuation Is Attractive, Though I Worry About Dividend Safety. Read more and get updates on any stock…",1
Luckin Coffee: It Make Sense That Shorts Sell At 4x Sales.. Read more: #finance #investing #stocks,1
Beautiful setup for next week from the #PowerEarningsGap list! I'd love to see it chop sideways for 1 or 2 mo…,1
Lenovo Group: Core PC Business Delivers Strong Performance But Future Growth Could Slow. Read more:…,1
Mellanox: Cash In On A 6% Spread. #economy #trading #stocks,1
Marvell: Making The Transition With Mixed Results. Get more info on Seeking Alpha:,1
Microsoft: A Deep Due Diligence Dive Or How A Value Investor Embraced Microsoft. Read more and sign up for…,1
"ArcelorMittal Up Nicely Off The Bottom, But Substantial Uncertainties Remain. Follow this and any other stock…",1
"M&T Bank Maintaining Quality, But Lagging In Operating Performance. Get more info on Seeking Alpha:…",1
McEwen Mining: The Writing Was On The Wall. Get more info on Seeking Alpha: #markets #investing #business,1
here we go !!,1
"LK, NAV, WWE and ADNT among midday movers",1
Navistar International leads consumer gainers; NIO and Tata Motors among losers,1
Norilsk Nickel: Planning Ahead. Continue reading: #stockmarket #stocks #finance,1
on the move.,1
Taking A Look At The Special Situation Opportunity In NortonLifeLock. #markets #economy #finance,1
👀,1
Early Options Activity,1
Early Options Activity,1
Unusual Options Activity,1
Unusual Options Activity,1
PALL: Palladium Market To Remain In Deficit In 2019 Despite The Contraction In Global Auto Output. Subscrib…,1
Paycom Software: Time To Take Some Profits. Sign up for updates on Seeking Alpha!,1
Healthcare firms pile on intiaties as COVID-19 pandemic advances,1
PFN: Staying Cautious Through The End Of The Year. Get more info on Seeking Alpha:,1
"Procter & Gamble Is Overvalued By All Means, But For The Sake Of Your Portfolio, Stick To It. Read more and g…",1
PulteGroup - One Of My Favorite Picks For 2020. #investing #trading #business,1
long. Full of shorts.,1
news out !!!!,1
Do you remember this stock? It's back to my buy zone. Loading up.,1
POSCO: Taking Patent Dynamics Into Account. Keep reading: #markets #economy #finance,1
"Dave & Buster's: Cheap, But For A Reason. Follow this and any other stock on Seeking Alpha!…",1
Investors nibble at Party City,1
Pluralsight: Promising Unified Offering Will Unlock More Values. Read more and sign up for updates:…,1
they found it !!!,1
pulling back to 50ma area and holding so far,1
How To Benefit From Trend And Momentum In QQQ. Read more: #investing #markets #finance,1
Robinsons Land: Still Cheap With New Catalysts. Subscribe to Seeking Alpha for more:…,1
RingCentral's Winning Formula Involves Partnerships. Read more and sign up for updates:…,1
Buy Red Robin Gourmet Burgers If The Company Announces It Is Willing To Sell. Read more and get updates on…,1
Today's most active stocks,1
Charles Schwab And TD Ameritrade: The Future Keeps Coming. Follow this and any other stock on Seeking…,1
Sands China: Deploying Capital Into The Expansion Of Premium Mass Offerings Makes The Stock Buy. Read more…,1
BINGO !!!!!!!!,1
trying to trigger a Cup & Handle (target 47) hits @MarketSmith Scan #IBDPartner a buy on break of Handle high…,1
familiar name. Loading zone. Worth a trade again. There is a gap to fill.,1
Tanger Factory Outlet Centers And Coronavirus - Use Protection. #trading #economy #finance,1
Splunk: Full Steam Ahead. Follow this and any other stock on Seeking Alpha! #markets #stocks #economy,1
#China…,1
#NonfarmPayrolls #NonfarmPrivatePayrolls #AvgHourlyEarnings…,1
.B,1
Square: Odds Stacked Against Shareholders. Subscribe to Seeking Alpha for more: #economy #business #investing,1
"SurveyMonkey: Great Long-Term Investment, But Current Valuation A Little High. Sign up for updates on Seeki…",1
Visualizing The Predictive Value Of Contango. Get more updates here: #trading #business #investing,1
"Stanley Black & Decker Comes In A Little Light, But Has Drivers For 2020. #trading #markets #investing",1
Market Briefing,1
Thai Beverage: Deleveraging Is Key Priority With A Potential Listing Of Beer Business. Continue reading:…,1
Tencent: Worst May Be Over. Read more and sign up for updates: #trading #markets #stocks,1
Tailored Brands: Crumpled Quarter Expected But Everything Will Smooth Out. Follow this and any other stock…,1
Betting On Bonds: Why A 2% Yield Isn't So Crazy. Continue reading: #economy #markets #finance,1
Toyota's Conservative Electrification Strategy Will Lead To Long-Term Profitability. Subscribe to Seeking Alp…,1
... watch list for profit taking,1
TQQQ: Sidestepping Recessions With Leverage. Read more: #stockmarket #business #markets,1
Tesla sliced up three different ways,1
2U: Underrated Online Education Enabler Play. Keep reading: #finance #economy #business,1
Twitter Equals Bond Market Record. Read more and sign up for updates: #trading #finance #stockmarket,1
Unpopular Opinion: Jack Dorsey Is A Good CEO For Twitter. Sign up for updates on Seeking Alpha!…,1
Tough Operating Environment Poses A Threat To United Security Bancshares. Read more and get updates on any…,1
needs some attention .... super steep,1
Unilever: Safe Investment With Significant Potential. Get more info on Seeking Alpha:,1
Ulta Beauty: Look Under The Surface. Follow this and any other stock on Seeking Alpha!…,1
"3x daily avg volume. Volume precedes price, just saying.....",1
added 20k shares this morning in this extreme oversold small bio cap for the coming days. Company has a confe…,1
is getting some attention. This stock is starting to make a move of its recent lows. It bear watching going f…,1
VEREIT: Holding The Common But Avoiding The Preferred Class F For Now. Get more info on Seeking Alpha:…,1
someone is using the low volume and the bad market to put fake sell orders and force the SL to be executed.,1
taking +10k,1
volume pop,1
The Most Recent News About Wirecard AG Is Not Really News - But Problematic Nonetheless. Follow thi…,1
holding up well and hits @MarketSmith Scan #IBDPartner remains solid over 65.25 @InvestorsBusinessDaily...,1
On The Wires,1
On The Wires,1
On The Wires,1
On The Wires,1
On The Wires,1
On The Wires,1
On The Wires,1
On The Wires,1
"Electric Trucks: What Tesla, Rivian, The Big 3 Are Bringing To Market via @YahooFinance",1
"Slack: With Billings On Perpetual Deceleration Curve, No Bottom In Sight. Get more info on Seeking Alpha:…",1
.PH .PI - Why Washington Prime Group Should Cut Its Dividend. Get more info on Seeking Alpha:…,1
Homebuilders ETF ; worth watch if momo continues.,1
Exxon Mobil: Don't Chase The Wrong Yield. Read more and get updates on any stock!,1
Xpel Inc: Racing With Exceptional Risk/Reward. #business #economy #stocks,1
XPO Logistics: Why You Shouldn't Let Cyclicality Dictate Investment Decisions. Read more and sign up for upd…,1
"here is the chart, sometimes i have problems to upload the charts on stocktwits.",1
Yext: The Crash Is A Buying Opportunity. Read more and get updates on any stock!,1
"I Wouldn't Touch York Water With A Stick, And Neither Should You. Get more info on Seeking Alpha:…",1
"@ljganz I have no position in for clients or trading account, hold some from 2016 in IRAs",1
"@millennial_investing_ for me it needs to reverse higher, over 60, to make that play.",1
@tparekh it is on my radar for a buy over 200,1
+Initiations 11/25: R …,1
1 China Travel Stock Every Investor Should Watch,1
10 Biggest Price Target Changes For Monday,1
12 Stocks With Short Ratios Above 50,1
2 Best Cannabis Stocks to Buy in February,1
2 Sin Stocks That Show Why Investing In Beer And Cigarettes Isn’t A Bad Idea,1
2 Stocks That Are Soaring on Surging Demand for These Companies' Products,1
"3 Auto Stocks to Trade, 2 Buys and 1 Short",1
3 Canadian Biotechs to Consider Buying Today,1
3 Equal-Weight ETFs Soaring To Record Heights,1
3 ETFs to Consider as Fed is on Mortgage Bond Buying Spree,1
3 Great Income Stocks That Could Double their Dividends,1
3 Marijuana Stocks to Buy Before the End of the Year,1
3 Stocks With Fast-Growing Earnings,1
3 Things to Watch in the Stock Market This Week,1
3 Top Dividend Stocks to Buy in February,1
3 Top Energy Stocks to Buy Right Now,1
3 Top Growth Stocks to Buy in February,1
3 Top Retail Stocks to Watch in February,1
3 Top Schwab Mutual Funds for 2020,1
3 Top Stocks Under $20,1
3 Top Value Stocks to Buy in February,1
"3 Top-Performing Mutual Funds to Consider for Your Retirement Portfolio- February 06, 2020",1
"3 Top-Performing Mutual Funds to Consider for Your Retirement Portfolio- February 07, 2020",1
3 Top-Ranked Cheap Tech Stocks Under $10 to Buy Before Thanksgiving - Nasdaq,1
3 Top-Ranked Real Estate Mutual Funds to Buy Today,1
3 Under-the-Radar Stocks With Low Price-Book Ratios,1
30-minute look across the board; what say you?,1
316 my measure on,1
36 Healthcare Stocks Moving In Monday's Pre-Market Session,1
4 Bond ETFs That Earned Morningstar’s Gold Rating,1
5 Insurance Stocks That Should Rise in 2020,1
5 Lottery Stocks With Triple-Digit Upside,1
5 Merrill Lynch Buy-Rated Tech Stocks That Pay Large Dividends,1
5 Most Popular Financial Stocks Among Hedge Funds,1
6 Easy Credit-Building Tips for First-Time Homebuyers,1
6 Guru Stocks Expanding Earnings,1
6 Stocks With a Low Price-Sales Ratio,1
7 ‘A’-Rated Stocks to Buy Before 2020,1
7 Heavily Shorted Stocks That Could Pop on a Short Squeeze,1
7 Tech Stocks to Buy That Are Also Perfect for Retirement - Investorplace.com,1
8 Cannabis Stocks With Wall Street Buzz,1
8 Industrials Stocks Moving In Monday's Pre-Market Session,1
8 Stocks Donald Smith Continues to Buy,1
A Bunch of Top-Ranked Mega Cap ETFs to Bet on for 2020,1
A few stocks the Dow is thankful for this Friday:,1
A Look At The Intrinsic Value Of Alfen N.V. (AMS:ALFEN),1
A Look At The Intrinsic Value Of Koninklijke DSM N.V. (AMS:DSM),1
"A Look At The Intrinsic Value Of The LGL Group, Inc. (NYSEMKT:LGL)",1
A Look At The Intrinsic Value Of Want Want China Holdings Limited (HKG:151),1
A nice $50B+ deal morning,1
A support level that should be taken advantage of #SéchéEnvironnement #Stock #MarketScreener,1
A2 Milk : Change in substantial holding #A2Milk #Stock #MarketScreener,1
ACHV,1
"Acorda Therapeutics, Inc. (NASDAQ:ACOR): What Does Its Beta Value Mean For Your Portfolio?",1
"Advanced Micro Devices Stock Is a Bargain, But It Still Faces China Risks",1
Air Transport Services (ATSG) Outpaces Stock Market Gains: What You Should Know - Nasdaq,1
"Amazon charts show one crucial technical indicator to watch for the stock, says strategist",1
AMRN,1
An Intrinsic Calculation For American Airlines Group Inc. (NASDAQ:AAL) Suggests It's 45% Undervalued,1
Anheuser Busch InBev : Beer & Brewing #AnheuserBuschInBev #economy #MarketScreener,1
"Are Investors Undervaluing Lifetime Brands, Inc. (NASDAQ:LCUT) By 49%?",1
Are Investors Undervaluing NRC Group ASA (OB:NRC) By 43%?,1
Are Investors Undervaluing West Fraser Timber Co. Ltd. (TSE:WFT) By 49%?,1
Are Kapsch TrafficCom AG’s Returns On Capital Worth Investigating?,1
Aristocrat Leisure Limited (ASX:ALL) Earns A Nice Return On Capital Employed,1
Arrowhead Pharmaceuticals Q1 Results Didn't Matter -- but Its Pipeline Update Did,1
"At €20.76, Is Lagardère SCA (EPA:MMB) Worth Looking At Closely?",1
"At US$47.68, Is It Time To Put Entegris, Inc. (NASDAQ:ENTG) On Your Watch List?",1
"At US$69.02, Is It Time To Put ExlService Holdings, Inc. (NASDAQ:EXLS) On Your Watch List?",1
"Autostrada dei Fiori: viaduct ""Madonna del Monte"" #Stock #MarketScreener",1
Be Sure To Check Out Atrion Corporation (NASDAQ:ATRI) Before It Goes Ex-Dividend,1
Bearish Bets: 2 Stocks You Should Consider Shorting This Week - TheStreet,1
"Benzinga Pro's Top 6 Stocks To Watch For Mon., Nov. 25, 2019: TSLA, UBER, IBKR, XRX, DIS, EBAY",1
Better Buy: AT&T vs. Verizon,1
Better Buy: Disney vs. Time Warner,1
Better Buy: Gilead Sciences vs. Amgen,1
Better Buy: Home Depot vs. Target,1
Better Buy: Intuitive Surgical vs. Medtronic,1
Better Buy: Luckin Coffee or Starbucks?,1
Better Marijuana Stock: Cresco Labs vs. Green Thumb Industries,1
"Biggest analyst calls of the day: Broadcom, AT&T, MSG Networks & more",1
Biofrontera : english #Biofrontera #Stock #MarketScreener,1
"Bitcoin Cash ABC, EOS and Ethereum – Daily Tech Analysis – 15/12/19",1
"Bitcoin fires at $10K, but falls back",1
"Bitcoin, Ethereum & Litecoin - American Wrap: 12/16/19",1
"Boasting A 15% Return On Equity, Is Corporate Travel Management Limited (ASX:CTD) A Top Quality Stock?",1
"Boasting A 24% Return On Equity, Is Parker-Hannifin Corporation (NYSE:PH) A Top Quality Stock?",1
Brookfield Asset Management loses a bull,1
"Bulls And Bears Of The Week: Disney, Macy's, Netflix, Tesla And More",1
Buy The Trade Desk Stock on Dips Heading Into 2020,1
BWAY,1
Calculating The Fair Value Of Altius Minerals Corporation (TSE:ALS),1
Calculating The Fair Value Of IntriCon Corporation (NASDAQ:IIN),1
Calculating The Fair Value Of SP Plus Corporation (NASDAQ:SP),1
Calculating The Intrinsic Value Of Arcadis NV (AMS:ARCAD),1
Call Buyers Keep Betting on Booming Centene Stock,1
"Can IES Holdings, Inc. (NASDAQ:IESC) Maintain Its Strong Returns?",1
Can Kirkland Lake Gold Ltd. (TSE:KL) Maintain Its Strong Returns?,1
Can Northland Power Inc.'s (TSE:NPI) ROE Continue To Surpass The Industry Average?,1
Can Simon Property Group Save Forever 21?,1
Can We See Significant Insider Ownership On The Elmos Semiconductor AG (ETR:ELG) Share Register?,1
"Can We See Significant Insider Ownership On The Fastly, Inc. (NYSE:FSLY) Share Register?",1
Can We See Significant Institutional Ownership On The Tassal Group Limited (ASX:TGR) Share Register?,1
Can You Imagine How Chuffed Lectra's (EPA:LSS) Shareholders Feel About Its 159% Share Price Gain?,1
Can You Imagine How Chuffed Moncler's (BIT:MONC) Shareholders Feel About Its 215% Share Price Gain?,1
Cannabis Countdown: Top 10 Marijuana Stock News Stories Of The Week,1
Cardinal Health Fights To Break Downtrend (CAH) - MarketBeat,1
"CEVA, Inc. (CEVA): Are Hedge Funds Right About This Stock?",1
China Is the Key for Solar Stocks in 2020,1
Consider This Before Buying Birchcliff Energy Ltd. (TSE:BIR) For The 4.8% Dividend,1
Consider This Before Buying Shakti Pumps (India) Limited (NSE:SHAKTIPUMP) For The 2.4% Dividend,1
"Could Applied DNA Sciences, Inc. (APDN) See a Reversal After Breaking Its 52 Week Low? - The Lamp News",1
Could The Hamborner REIT AG (ETR:HAB) Ownership Structure Tell Us Something Useful?,1
Crypto backed by crypto: Dai seeks to change 'stablecoin' game,1
Dapper Labs founder discusses CryptoKitties and digital collectibles,1
December 2019 Stock Watch List. Continue reading: #investing #stockmarket #markets,1
Denbury Resources Inc. (DNR): Are Hedge Funds Right About This Stock?,1
"Despite Its High P/E Ratio, Is L E Lundbergföretagen AB (publ) (STO:LUND B) Still Undervalued?",1
DFND,1
Did Ammo Sales Push Vista Outdoor Stock Higher?,1
Did Business Growth Power Retractable Technologies's (NYSEMKT:RVP) Share Price Gain of 103%?,1
Did Changing Sentiment Drive Helius Medical Technologies's (NASDAQ:HSDT) Share Price Down A Painful 94%?,1
Did Changing Sentiment Drive Lattice Biologics's (CVE:LBL) Share Price Down A Painful 90%?,1
Did Changing Sentiment Drive MDxHealth's (EBR:MDXH) Share Price Down A Painful 79%?,1
Did Changing Sentiment Drive Mountain Province Diamonds's (TSE:MPVD) Share Price Down A Painful 82%?,1
Did Hedge Funds Drop The Ball On Coeur d’Alene Mines Corporation (CDE) ?,1
"Did Hedge Funds Drop The Ball On Editas Medicine, Inc. (EDIT) ?",1
Did Hedge Funds Drop The Ball On El Pollo LoCo Holdings Inc (LOCO) ?,1
Did Hedge Funds Drop The Ball On GNC Holdings Inc (GNC) ?,1
Did Hedge Funds Drop The Ball On Hecla Mining Company (HL)?,1
"Did Hedge Funds Drop The Ball On Intellia Therapeutics, Inc. (NTLA) ?",1
Did Hedge Funds Drop The Ball On Intra-Cellular Therapies Inc (ITCI) ?,1
Did Hedge Funds Drop The Ball On Trupanion Inc (TRUP) ?,1
"Did Hedge Funds Dropped The Ball On Cohu, Inc. (COHU)",1
Did Infinera's (NASDAQ:INFN) Share Price Deserve to Gain 75%?,1
Did Service Corporation International's (NYSE:SCI) Share Price Deserve to Gain 96%?,1
"Did Tactile Systems Technology, Inc. (NASDAQ:TCMD) Use Debt To Deliver Its ROE Of 8.7%?",1
Did You Manage To Avoid China Regenerative Medicine International's (HKG:8158) 96% Share Price Wipe Out?,1
Did You Manage To Avoid Golden Minerals's (NYSEMKT:AUMN) Devastating 71% Share Price Drop?,1
Did You Miss American Financial Group's (NYSE:AFG) 80% Share Price Gain?,1
DMPI,1
DO & : DGAP-DD DO & CO Aktiengesellschaft english #DOCOAktiengesellschaft #Stock #MarketScreener…,1
DO & CO Aktiengesellschaft: DGAP-DD: DO & CO Aktiengesellschaft english #Stock #MarketScreener…,1
Do ACCO Brands Corporation’s (NYSE:ACCO) Returns On Capital Employed Make The Cut?,1
Do Directors Own BLOK Technologies Inc. (CNSX:BLK) Shares?,1
Do Directors Own Kape Technologies Plc (LON:KAPE) Shares?,1
Do Directors Own Ocado Group plc (LON:OCDO) Shares?,1
"Do Directors Own Orchid Island Capital, Inc. (NYSE:ORC) Shares?",1
"Do Hedge Funds Love Ennis, Inc. (EBF)?",1
Do Hedge Funds Love Enstar Group Ltd. (ESGR)?,1
Do Hedge Funds Love ePlus Inc. (PLUS)?,1
Do Hedge Funds Love Galmed Pharmaceuticals Ltd (GLMD)?,1
"Do Hedge Funds Love Globalstar, Inc. (GSAT)?",1
Do Hedge Funds Love Inovalon Holdings Inc (INOV)?,1
Do Hedge Funds Love Kimco Realty Corporation (KIM)?,1
Do Hedge Funds Love Virtusa Corporation (VRTU)?,1
Do Insiders Own Shares In LifeVantage Corporation (NASDAQ:LFVN)?,1
Do Institutions Own Norbit ASA (OB:NORBIT) Shares?,1
Do Institutions Own Reliance Industries Limited (NSE:RELIANCE) Shares?,1
Do Institutions Own Shares In Macquarie Infrastructure Corporation (NYSE:MIC)?,1
Do These 3 Checks Before Buying Schlumberger Limited (NYSE:SLB) For Its Upcoming Dividend,1
Do These 3 Checks Before Buying Valero Energy Corporation (NYSE:VLO) For Its Upcoming Dividend,1
Do you buy Facebook off of @MikeBloomberg's late entry into the Democratic presidential primary? @JimCramer dig…,1
Do You Like Oracle Corporation (NYSE:ORCL) At This P/E Ratio?,1
Does adidas AG's (ETR:ADS) CEO Salary Reflect Performance?,1
Does Brainstorm Cell Therapeutics Inc. (NASDAQ:BCLI) Have A High Beta?,1
Does Chorus Aviation's (TSE:CHR) Share Price Gain of 76% Match Its Business Performance?,1
Does DiamondRock Hospitality Company (NYSE:DRH) Have A Volatile Share Price?,1
Does Equiniti Group (LON:EQN) Deserve A Spot On Your Watchlist?,1
Does Evertz Technologies Limited (TSE:ET) Have A Place In Your Dividend Portfolio?,1
"Does General Mills, Inc. (NYSE:GIS) Have A Good P/E Ratio?",1
"Does Home Bancshares, Inc. (Conway, AR) (NASDAQ:HOMB) Have A Good P/E Ratio?",1
Does KNR Constructions Limited (NSE:KNRCON) Create Value For Shareholders?,1
Does Mimecast Limited (NASDAQ:MIME) Have A Particularly Volatile Share Price?,1
Does National Beverage's (NASDAQ:FIZZ) Share Price Gain of 70% Match Its Business Performance?,1
Does OneSpaWorld Holdings (NASDAQ:OSW) Have A Healthy Balance Sheet?,1
Does Planet Green Holdings Corp. (NYSEMKT:PLAG) Have A High Beta?,1
"Does Steel Dynamics, Inc.'s (NASDAQ:STLD) P/E Ratio Signal A Buying Opportunity?",1
Does The Cubic Corporation (NYSE:CUB) Share Price Fall With The Market?,1
"Does The Financial Institutions, Inc. (NASDAQ:FISI) Share Price Fall With The Market?",1
Does The Hexindai Inc. (NASDAQ:HX) Share Price Tend To Follow The Market?,1
"Does Your Retirement Portfolio Hold These 3 Mutual Fund Misfires? - November 25, 2019",1
Don’t Expect the Roaring ’10s for Stocks to Repeat in the ’20s,1
"Don't Sell Cable One, Inc. (NYSE:CABO) Before You Read This",1
Dotz Nano : Further request for voluntary suspension #DotzNano #Stock #MarketScreener,1
Dragonfly Capital Premium Top 10 Equal Weighted gained 1.00% this week using 70% of capital. YTD +23.03%…,1
"Easy Come, Easy Go: How Stratasys (NASDAQ:SSYS) Shareholders Got Unlucky And Saw 82% Of Their Cash Evaporate",1
"Estimating The Fair Value Of Avid Bioservices, Inc. (NASDAQ:CDMO)",1
"Estimating The Fair Value Of Baidu, Inc. (NASDAQ:BIDU)",1
Estimating The Fair Value Of EBOS Group Limited (NZSE:EBO),1
"Estimating The Fair Value Of Monro, Inc. (NASDAQ:MNRO)",1
Estimating The Fair Value Of Rexnord Corporation (NYSE:RXN),1
Estimating The Fair Value Of The Estée Lauder Companies Inc. (NYSE:EL),1
Estimating The Intrinsic Value Of Polaris Inc. (NYSE:PII),1
"Exxon Stock Still Solid and Undervalued, but the Market Doesn’t Seem to Care - Investorplace.com",1
Eyes on for the coming week !!,1
"Fortinet : FortiGuard Labs Weekly Threat Update &ndash; November 22, 2019 #Fortinet #Stock #MarketScreener…",1
"Franklin Electric Co., Inc. (FELE): Are Hedge Funds Right About This Stock?",1
"FreightCar America, Inc. (RAIL) Is Burning These Hedge Funds",1
Full Earnings Calendar via @eWhispers Upgrades/Downgrades via @Benzinga,1
Genocea Biosciences Inc (GNCA): Hedge Fund Sentiment Unchanged,1
Gilead an acquisition target? Deep pockets required,1
Global Medical REIT adds another bull to its herd,1
Grab Your Smart Watch and Start Tracking Apple Stock,1
Grupa LOTOS S A : Report no. 38/2019 #GrupaLOTOSSA #Stock #MarketScreener,1
GSMA：気候の非常事態への対策として大幅な炭素削減を可能にするモバイル技術,1
"H&E Equipment Services, Inc. (NASDAQ:HEES) Looks Like A Good Stock, And It's Going Ex-Dividend Soon",1
Health Check: How Prudently Does RWE (ETR:RWE) Use Debt?,1
Hedge Fund Sentiment Is Stagnant On Granite Construction Incorporated (GVA),1
"Hedge Funds Dropped The Ball On Adverum Biotechnologies, Inc. (ADVM)",1
"Hedge Funds Dropped The Ball On Molecular Templates, Inc. (MTEM)",1
Hedge Funds Dropped The Ball On Servicesource International Inc (SREV),1
"Hedge Funds Dropped The Ball On The Meet Group, Inc. (MEET)",1
Hedge Funds Open Kimono: 5 Best Media Stocks To Buy,1
Hedge Funds Open Kimono: 5 Most Popular Software Stocks Right Now,1
Hedge Funds Prefer Analog Devices Over ABB Ltd (ABB),1
Here Are 2 Key Catalysts for Kroger Stock in Fiscal 2020,1
"Here is What Hedge Funds Think About Advanced Energy Industries, Inc. (AEIS)",1
Here is What Hedge Funds Think About Antares Pharma Inc (NASDAQ:ATRS),1
Here is What Hedge Funds Think About Briggs & Stratton Corporation (BGG),1
Here is What Hedge Funds Think About Companhia Brasileira de Distrib. (CBD),1
Here is What Hedge Funds Think About Guangshen Railway Co. Ltd (GSH),1
Here is What Hedge Funds Think About Imperial Oil Limited (IMO),1
"Here is What Hedge Funds Think About Leggett & Platt, Inc. (LEG)",1
Here is What Hedge Funds Think About Monmouth Real Estate Investment Corporation (MNR),1
Here is What Hedge Funds Think About National Grid plc (NGG),1
Here is What Hedge Funds Think About Power Integrations Inc (POWI),1
Here is What Hedge Funds Think About Xencor Inc (XNCR),1
Here’s What Analysts Are Saying About Hong Kong Stocks for 2020,1
Here's a Blue-Chip Stock You'd Probably Never Guess Would Profit From Marijuana Legalization,1
Here's How P/E Ratios Can Help Us Understand Open Text Corporation (NASDAQ:OTEX),1
"Here's What Air Transport Services Group, Inc.'s (NASDAQ:ATSG) P/E Ratio Is Telling Us",1
Here's What Analysts Are Forecasting For ConocoPhillips Company After Its Yearly Results,1
"Here's What Analysts Are Forecasting For Dolby Laboratories, Inc. After Its Latest Annual Results",1
"Here's What Analysts Are Forecasting For FireEye, Inc. After Its Annual Results",1
Here's What Analysts Are Forecasting For TD Ameritrade Holding Corporation After Its Latest Annual Results,1
Here's What Analysts Are Forecasting For zooplus AG After Its Latest Half-Year Results,1
Here's What Analysts Are Saying About Hong Kong Stocks for 2020,1
Here's What BW Offshore Limited's (OB:BWO) P/E Is Telling Us,1
Here's what has stock sitting pretty:,1
Here's What MSA Safety Incorporated's (NYSE:MSA) ROCE Can Tell Us,1
"Here's What NVR, Inc.'s (NYSE:NVR) ROCE Can Tell Us",1
Here's What We Think About Enterprise Financial Services Corp's (NASDAQ:EFSC) CEO Pay,1
"Here's What We Think About Orion Energy Systems, Inc.'s (NASDAQ:OESX) CEO Pay",1
Here's what's moving stocks into the close:,1
Here's Why Centrex Metals (ASX:CXM) Must Use Its Cash Wisely,1
Here's Why I Think Microsoft Is a Better Buy Than Amazon,1
Here's Why I Think Middlefield Banc (NASDAQ:MBCN) Is An Interesting Stock,1
Here's Why Magna International (TSE:MG) Can Manage Its Debt Responsibly,1
Here's Why Sino-Ocean Group Holding (HKG:3377) Has A Meaningful Debt Burden,1
Here's Why TORC Oil & Gas (TSE:TOG) Has A Meaningful Debt Burden,1
Here's Why We Think Aecon Group (TSE:ARE) Is Well Worth Watching,1
Here's Why We Think Ohio Valley Banc (NASDAQ:OVBC) Is Well Worth Watching,1
Here's Why We Think Shimao Property Holdings (HKG:813) Is Well Worth Watching,1
Here's Why We Think Wynn Resorts (NASDAQ:WYNN) Is Well Worth Watching,1
Here's Why We're Not At All Concerned With Akcea Therapeutics's (NASDAQ:AKCA) Cash Burn Situation,1
Here's Why We're Not Too Worried About Liberty Gold's (TSE:LGD) Cash Burn Situation,1
Here's Why We're Wary Of Buying Kin and Carta plc's (LON:KCT) For Its Upcoming Dividend,1
Here's Why We're Watching Mineworx Technologies's (CVE:MWX) Cash Burn Situation,1
"Highlight: 'Exxon definitely kind of has a counter-cyclical investment strategy right now,â€ @EdwardJones Analyst Je...",1
HOML,1
"How Does Consort Medical's (LON:CSRT) P/E Compare To Its Industry, After Its Big Share Price Gain?",1
"How Does CVR Energy, Inc. (NYSE:CVI) Fare As A Dividend Stock?",1
"How Does Enterprise Bancorp, Inc. (NASDAQ:EBTC) Fare As A Dividend Stock?",1
"How Does Funko's (NASDAQ:FNKO) P/E Compare To Its Industry, After The Share Price Drop?",1
How Does Investing In Ellomay Capital Ltd. (NYSEMKT:ELLO) Impact The Volatility Of Your Portfolio?,1
How Does Investing In Genovis AB (publ) (STO:GENO) Impact The Volatility Of Your Portfolio?,1
How Does Link Administration Holdings Limited (ASX:LNK) Fare As A Dividend Stock?,1
"How Does Perfect Shape Medical's (HKG:1830) P/E Compare To Its Industry, After Its Big Share Price Gain?",1
"How Dow 28,000 Can Rapidly Become Dow 30,000 and Even Higher in 2020",1
"How Good Is CENTROTEC Sustainable AG (ETR:CEV), When It Comes To ROE?",1
How Large Is Activision Blizzard’s Mobile Gaming Business?,1
How Many Canopy Growth Corporation (TSE:WEED) Shares Do Institutions Own?,1
How Many China Mengniu Dairy Company Limited (HKG:2319) Shares Do Institutions Own?,1
How Many Reliance Communications Limited (NSE:RCOM) Shares Do Institutions Own?,1
How Many The Clorox Company (NYSE:CLX) Shares Do Institutions Own?,1
How Much is ResMed Inc.'s (NYSE:RMD) CEO Getting Paid?,1
"How Much Of ACS, Actividades de Construcción y Servicios, S.A. (BME:ACS) Do Insiders Own?",1
"How Much Of Guangzhou Automobile Group Co., Ltd. (HKG:2238) Do Institutions Own?",1
How Much Tax Will I Owe on My Social Security Benefits?,1
"How Much Upside Is Too Much for Intel, AMD and Nvidia?",1
"How Should Investors Feel About KBR, Inc.'s (NYSE:KBR) CEO Pay?",1
How Should Investors React To Future plc's (LON:FUTR) CEO Pay?,1
How to find growth in stocks after a year of strong gains,1
How to Invest in Gas Stocks,1
How to Invest in Growth Stock Mutual Funds,1
HSAC,1
I Ran A Stock Scan For Earnings Growth And DMC Global (NASDAQ:BOOM) Passed With Ease,1
ICYMI,1
"ICYMI, @ViacomCBS is now on Nasdaq ! 👋 to @ParamountPics @MTV @Nickelodeon @ComedyCentral @BET…",1
"If You Had Bought Cenovus Energy (TSE:CVE) Stock Five Years Ago, You'd Be Sitting On A 56% Loss, Today",1
"If You Had Bought Manhattan Bridge Capital (NASDAQ:LOAN) Stock Five Years Ago, You Could Pocket A 118% Gain Today",1
If You Like EPS Growth Then Check Out Erie Indemnity (NASDAQ:ERIE) Before It's Too Late,1
If You Like EPS Growth Then Check Out John Bean Technologies (NYSE:JBT) Before It's Too Late,1
"I'm not an FA guy, but just heard a preview of Cathie Wood discussing which was interesting. Looking forwa...",1
Imagine Holding Dacian Gold (ASX:DCN) Shares While The Price Zoomed 377% Higher,1
Imagine Owning Caleres (NYSE:CAL) And Wondering If The 28% Share Price Slide Is Justified,1
Imagine Owning Hersha Hospitality Trust (NYSE:HT) While The Price Tanked 51%,1
Imagine Owning PICO Holdings (NASDAQ:PICO) And Wondering If The 42% Share Price Slide Is Justified,1
Imagine Owning Prestige Consumer Healthcare (NYSE:PBH) And Wondering If The 25% Share Price Slide Is Justified,1
"Insider Buying: The Amyris, Inc. (NASDAQ:AMRS) Independent Director Just Bought US$30m Worth Of Shares",1
Is setting investors up for disappointment?,1
"Is ABM Industries, Inc. (ABM) A Good Stock To Buy?",1
"Is AeroVironment, Inc. (AVAV) A Good Stock To Buy?",1
Is Affimed NV (AFMD) Going to Burn These Hedge Funds?,1
"Is Alamo Group, Inc. (ALG) A Good Stock To Buy?",1
Is Alnylam Stock a Good Buy Now?,1
Is American Century Global Growth Investor (TWGGX) a Strong Mutual Fund Pick Right Now?,1
Is Aphria Stock a Buy?,1
Is Aphria the Best Large-Cap Cannabis Stock Right Now?,1
Is Applied Optoelectronics Inc (AAOI) A Good Stock To Buy?,1
"Is Archrock, Inc. (NYSE:AROC) A Good Stock To Buy?",1
"Is Arcus Biosciences, Inc. (NYSE:RCUS) A Good Stock To Buy?",1
Is Ares Commercial Real Estate Corp (ACRE) A Good Stock To Buy?,1
"Is Ashford Hospitality Trust, Inc. (AHT) Going to Burn These Hedge Funds?",1
Is Astra Microwave Products (NSE:ASTRAMICRO) A Risky Investment?,1
Is AT&T Inc. (NYSE:T) Creating Value For Shareholders?,1
"Is Atlantic Capital Bancshares, Inc. (ACBI) A Good Stock To Buy ?",1
"Is AVROBIO, Inc. (AVRO) Going to Burn These Hedge Funds?",1
Is BRP Inc. (DOOO) A Good Stock To Buy?,1
"Is CarMax, Inc.'s (NYSE:KMX) CEO Paid At A Competitive Rate?",1
Is Carpenter Technology Corporation (CRS) A Good Stock To Buy?,1
Is Celestica Inc. (TSE:CLS) Worth CA$10.4 Based On Its Intrinsic Value?,1
Is Chimerix Inc (CMRX) A Good Stock To Buy?,1
"Is China Lodging Group, Limited (HTHT) A Good Stock To Buy?",1
Is Chuy’s Holdings Inc (CHUY) A Good Stock To Buy ?,1
Is Cisco Systems Still On The Right Route?,1
Is Clean Energy Fuels Corp (CLNE) A Good Stock To Buy?,1
Is Colliers International Group Inc (CIGI) Going to Burn These Hedge Funds?,1
"Is Commercial Vehicle Group, Inc. (CVGI) Going to Burn These Hedge Funds?",1
Is Companhia de Saneamento Basico (SBS) A Good Stock To Buy?,1
Is Computershare Limited's (ASX:CPU) CEO Salary Justified?,1
"Is ConnectOne Bancorp, Inc.'s (NASDAQ:CNOB) P/E Ratio Really That Good?",1
Is Corporacion America Airports SA (CAAP) A Good Stock To Buy?,1
Is Country Garden Holdings (HKG:2007) A Risky Investment?,1
Is Cronos Group Inc. (CRON) A Good Stock To Buy?,1
"Is CryoPort, Inc. (CYRX) A Good Stock To Buy?",1
Is Deutsche Bank AG (DB) Going to Burn These Hedge Funds?,1
Is Disney's maintained dividend a reason to leave investors with frozen hearts?,1
"Is Energy Recovery, Inc. (ERII) A Good Stock To Buy?",1
"Is Enzo Biochem, Inc. (ENZ) Going To Burn These Hedge Funds ?",1
Is Evonik Industries AG (ETR:EVK) Trading At A 45% Discount?,1
Is Fidelity International Discovery (FIGRX) a Strong Mutual Fund Pick Right Now?,1
Is Finablr PLC (LON:FIN) Trading At A 30% Discount?,1
Is Finnair Oyj (HEL:FIA1S) Using Too Much Debt?,1
Is First Foundation Inc (FFWM) A Good Stock To Buy?,1
Is First Trust Dow Jones Global Select Dividend ETF (FGD) a Strong ETF Right Now?,1
Is Fortis Inc. (FTS) Going To Burn These Hedge Funds ?,1
Is Fortune Minerals (TSE:FT) A Risky Investment?,1
Is Genfit SA (EPA:GNFT) A Volatile Stock?,1
Is Glaukos Corporation (GKOS) Going to Burn These Hedge Funds?,1
Is Global X SuperDividend U.S. ETF (DIV) a Strong ETF Right Now?,1
Is Gol Linhas Aereas Inteligentes SA (GOL) A Good Stock To Buy?,1
"Is Helios Technologies, Inc.'s (NASDAQ:HLIO) 11% ROE Better Than Average?",1
Is Hess Stock a Buy?,1
"Is HollyFrontier’s Plan for Growth, Shareholder Returns Good Enough?",1
Is Hollysys Automation Technologies Ltd (HOLI) A Good Stock To Buy?,1
Is Home Depot Stock a Buy?,1
Is Honda Motor Co Ltd (HMC) A Good Stock To Buy?,1
"Is IDACORP, Inc. (NYSE:IDA) Excessively Paying Its CEO?",1
Is Ilika plc's (LON:IKA) CEO Overpaid Relative To Its Peers?,1
Is Imerys S.A. (EPA:NK) A Strong Dividend Stock?,1
Is Imperial Oil Limited's (TSE:IMO) ROE Of 11% Impressive?,1
Is Industrial Logistics Properties Trust (ILPT) A Good Stock To Buy?,1
Is INTL Fcstone Inc (INTL) A Good Stock To Buy?,1
Is Invacare Corporation (IVC) Going to Burn These Hedge Funds?,1
Is IQE (LON:IQE) Using Too Much Debt?,1
Is iRobot Corporation (IRBT) Going To Burn These Hedge Funds ?,1
Is iRobot Corporation's (NASDAQ:IRBT) ROE Of 13% Impressive?,1
Is Irsa Inversiones y Rprsntcins SA (IRS) A Good Stock To Buy?,1
"Is It Smart To Buy The TJX Companies, Inc. (NYSE:TJX) Before It Goes Ex-Dividend?",1
Is It Too Late To Consider Buying Atlantic Power Corporation (TSE:ATP)?,1
Is It Too Late To Consider Buying Brady Corporation (NYSE:BRC)?,1
Is Jazz Pharmaceuticals plc's (NASDAQ:JAZZ) CEO Paid At A Competitive Rate?,1
Is Kerlink (EPA:ALKLK) Using Debt In A Risky Way?,1
Is Kite Realty Group Trust (KRG) A Good Stock To Buy?,1
"Is Lands’ End, Inc. (LE) A Good Stock To Buy?",1
Is Les Hôtels de Paris (EPA:HDP) Using Too Much Debt?,1
Is Lexington Realty Trust (NYSE:LXP) A Good Stock To Buy?,1
Is Liminal BioSciences (TSE:LMNL) Weighed On By Its Debt Load?,1
"Is LSC Communications, Inc. (LKSD) Is Burning These Hedge Funds",1
"Is Macy's, Inc.'s (NYSE:M) CEO Paid Enough Relative To Peers?",1
Is Masimo's Stock a Buy?,1
Is Merck's Decision to Slim Down a Buying Opportunity?,1
Is Microsoft Teams Eating Slack Alive?,1
"Is MoneyGram International, Inc.'s (NASDAQ:MGI) CEO Paid At A Competitive Rate?",1
Is New Oriental Education & Technology Group Inc. (NYSE:EDU) Trading At A 42% Discount?,1
Is New Senior Investment Group Inc (SNR) A Good Stock To Buy?,1
Is Nicox (EPA:COX) Using Too Much Debt?,1
Is Northern Graphite (CVE:NGC) In A Good Position To Deliver On Growth Plans?,1
"Is Now An Opportune Moment To Examine First Solar, Inc. (NASDAQ:FSLR)?",1
Is Now The Time To Look At Buying Avaya Holdings Corp. (NYSE:AVYA)?,1
Is Now The Time To Look At Buying Brookdale Senior Living Inc. (NYSE:BKD)?,1
"Is ONEOK, Inc.'s (NYSE:OKE) 20% ROE Better Than Average?",1
Is Orthofix International NV (OFIX) Going to Burn These Hedge Funds?,1
Is Otter Tail Corporation's (NASDAQ:OTTR) High P/E Ratio A Problem For Investors?,1
Is Pinnacle West Capital Corporation (NYSE:PNW) Worth US$86.8 Based On Its Intrinsic Value?,1
Is PPG Industries a Great Dividend Stock?,1
Is Public Storage a Good Dividend Stock Buy?,1
"Is Qorvo, Inc.'s (NASDAQ:QRVO) 5.9% ROE Worse Than Average?",1
"Is Roan Resources, Inc. (ROAN) A Good Stock To Buy ?",1
Is Sampo Oyj's (HEL:SAMPO) 10% ROE Better Than Average?,1
Is SFL Corporation Ltd.'s (NYSE:SFL) 8.2% ROE Worse Than Average?,1
Is Shopify Stock a Buy?,1
"Is Sinclair Broadcast Group, Inc. (NASDAQ:SBGI) An Attractive Dividend Stock?",1
Is Sistema Public Joint Stock Financial Corporation (MCX:AFKS) Trading At A 47% Discount?,1
"Is Sonos, Inc. (NASDAQ:SONO) Trading At A 47% Discount?",1
Is Southwest Airlines Co. (NYSE:LUV) A Smart Choice For Dividend Investors?,1
Is Spirit MTA REIT (SMTA) A Good Stock To Buy?,1
Is Stamps.com a First-Class Investment Again?,1
Is T. Rowe Price Institutional Africa&Mid-East (TRIAX) a Strong Mutual Fund Pick Right Now?,1
Is Taking Out That Personal Loan a Big Mistake?,1
"Is Técnicas Reunidas, S.A. (BME:TRE) Expensive For A Reason? A Look At Its Intrinsic Value",1
Is The Qatar Blockade Coming To An End?,1
"Is There An Opportunity With Altria Group, Inc.'s (NYSE:MO) 48% Undervaluation?",1
"Is There An Opportunity With HealthEquity, Inc.'s (NASDAQ:HQY) 42% Undervaluation?",1
Is This the Best Way to Invest in Outer Space?,1
Is This the Hottest Sector for 2020?,1
Is Tilray (NASDAQ:TLRY) Using Too Much Debt?,1
Is Trump Preparing A New Iran Nuclear Deal?,1
Is Welltower Inc. (WELL) A Good Stock To Buy?,1
"Is Westwood Holdings Group, Inc. (WHG) A Good Stock To Buy?",1
"Is WideOpenWest, Inc. (WOW) Going to Burn These Hedge Funds?",1
Is Wolters Kluwer (AMS:WKL) Using Too Much Debt?,1
"Is Xencor, Inc. (NASDAQ:XNCR) Trading At A 44% Discount?",1
iShares International Dividend ETF: A Global Winner - Seeking Alpha,1
Just in: lol,1
Know This Before Buying Fluor Corporation (NYSE:FLR) For Its Dividend,1
kr121 - That's What Analysts Think NIBE Industrier AB (publ) Is Worth After These Results,1
Latest Bitcoin Cash price and analysis (BCH to USD),1
Latest Bitcoin price and analysis (BTC to USD),1
LHC,1
LHC.U,1
LHC.W,1
LJPC,1
LKQ Has Large Option Traders' Attention After Big 2019 Run,1
LMPX,1
LTRPB,1
"Macy's, Coty, American Express: Stocks That Defined the Week #economy #MarketScreener",1
Market Outlook Are Private Equity stocks losing their lustre? - CMC Markets,1
MEI Pharma Inc (NASDAQ:MEIP): Hedge Funds In Wait-and-See Mode,1
"Monday will be the first chance for insiders to sell stock from Crowdstrike since June's IPO, but the CEO says his…",1
"More Is Needed To Break Through: Devon Energy Corporation (DVN), Analog Devices, Inc. (ADI) - TechnoRecorder",1
"More Is Needed To Break Through: Suncor Energy Inc. (SU), NIKE, Inc. (NKE) - TechnoRecorder",1
More records in store at the open,1
"Mueller Industries, Inc. (NYSE:MLI) Is Yielding 1.3% - But Is It A Buy?",1
My No.1 High-Yield Stock for 2019 Has Returned 53% This Year,1
"Myomo, Inc. (NYSEMKT:MYO): What Does Its Beta Value Mean For Your Portfolio?",1
"Nelnet, Inc. (NNI): Are Hedge Funds Right About This Stock?",1
Never Mind Canada’s Bank Stocks as Traders Bet on Life Insurers,1
New Frontier Corp (NFC): Hedge Funds Are Nibbling,1
"On 3/24 ScalpTrader took profits on remainder of swing position for +90%, or +22 pts. Learn more and…",1
One of the top-performing beauty stocks could surge after 'Kylie Jenner' makeover - CNBC,1
One of the World's Best Investors Just Upped His Big Bet on Discovery,1
One Thing To Remember About The Silicon Motion Technology Corporation (NASDAQ:SIMO) Share Price,1
"One week in, Netflix's stock is weathering Disney+",1
"Opiant Pharmaceuticals, Inc. (OPNT): Hedge Funds Watching From Afar",1
Oslo Børs VPS : - CLOSING PRICES OBOSX FUTURES #OsloBørsVPS #Stock #MarketScreener,1
Oslo Børs VPS : Rate Fixing NO0010861081 2019-11-25 #OsloBørsVPS #Stock #MarketScreener,1
Ovaro Kiinteistösijoitus Oyj: OMIEN OSAKKEIDEN HANKINTA 10.12.2019 #Stock #MarketScreener,1
Patience With Aurora Cannabis Will Pay Off in 2020,1
PECK,1
Penny Stocks On Robinhood To Watch On Monday - Penny Stocks,1
Question on the transportation index Is the index not as relevant as it used to be with all the new mod…,1
Race Oncology : Expiry of Unlisted Options #RaceOncology #Stock #MarketScreener,1
Read This Before You Buy The Marcus Corporation (NYSE:MCS) Because Of Its P/E Ratio,1
"Read This Before You Buy Twitter, Inc. (NYSE:TWTR) Because Of Its P/E Ratio",1
"Really starting to like the recent pullback in .... showing hints of ""seller exhaustion"" down here ... look for…",1
RECAP 11/22 Chatter: + patent award vacated + Unit sale to + Increases prices…,1
RECAP 12/10 Chatter: + Vague Chatter + Starboard Deal DOJ Probe + Powertrain Bid…,1
REITIR: Fallið frá sölu á Fosshálsi 5-11. #Stock #MarketScreener,1
"rolled Feb 115 calls up to 120, taking out $3.50",1
"Roughed-up telecom bounced yesterday, but JPMorgan almost no equity value",1
"Safety Insurance Group, Inc. (SAFT): Are Hedge Funds Right About This Stock?",1
Sarah Ketterer Buys 5 Stocks in 3rd Quarter,1
SBFGP,1
Seeing 15 minute indices ETF's getting a small bounce off the lows. Observation only,1
Sensient Technologies (NYSE:SXT) Has A Somewhat Strained Balance Sheet,1
shhh..Muddy probably already covered.,1
"Short trading day for me guys, im heading to Spain this afternoon, specifically to Coruna. It is the site of the Ro…",1
Should I Buy or Sell Tesla Stock Right Now?,1
"Should Income Investors Look At National Bankshares, Inc. (NASDAQ:NKSH) Before Its Ex-Dividend?",1
"Should We Be Delighted With Delta Air Lines, Inc.'s (NYSE:DAL) ROE Of 31%?",1
"Should We Be Delighted With Huntington Ingalls Industries, Inc.'s (NYSE:HII) ROE Of 36%?",1
Should We Worry About Bryn Mawr Bank Corporation's (NASDAQ:BMTC) P/E Ratio?,1
Should We Worry About Monster Beverage Corporation's (NASDAQ:MNST) P/E Ratio?,1
"Should You Avoid Columbia Financial, Inc. (CLBK)?",1
Should You Avoid Ituran Location and Control Ltd. (ITRN)?,1
Should You Avoid Moneygram International Inc (MGI)?,1
Should You Be Adding Sterling Bancorp (Southfield MI) (NASDAQ:SBT) To Your Watchlist Today?,1
Should You Be Concerned About CVS Health Corporation's (NYSE:CVS) ROE?,1
"Should You Be Concerned About GSI Technology, Inc.'s (NASDAQ:GSIT) Historical Volatility?",1
Should You Be Impressed By Masimo Corporation's (NASDAQ:MASI) ROE?,1
Should You Be Pleased About The CEO Pay At American States Water Company's (NYSE:AWR),1
"Should You Be Pleased About The CEO Pay At F5 Networks, Inc.'s (NASDAQ:FFIV)",1
Should You Be Tempted To Sell Ecolab Inc. (NYSE:ECL) Because Of Its P/E Ratio?,1
Should You Be Worried About ON Semiconductor Corporation's (NASDAQ:ON) 6.4% Return On Equity?,1
Should You Buy Columbia Banking System Inc (COLB)?,1
Should You Buy Ecopetrol S.A. (EC)?,1
"Should You Buy Lee Enterprises, Incorporated (LEE)?",1
Should You Buy NVIDIA Stock At Its Current Valuation?,1
Should You Buy Two Harbors Investment Corp (TWO)?,1
Should You Buy Uber Now?,1
Should You Investigate STERIS plc (NYSE:STE) At US$149?,1
Should You Think About Buying Cintas Corporation (NASDAQ:CTAS) Now?,1
"Should You Think About Buying NV5 Global, Inc. (NASDAQ:NVEE) Now?",1
"Should You Worry About AcelRx Pharmaceuticals, Inc.'s (NASDAQ:ACRX) CEO Salary Level?",1
Should You Worry About Elia System Operator SA’s (EBR:ELI) ROCE?,1
Should You Worry About Helen of Troy Limited's (NASDAQ:HELE) CEO Pay?,1
Should You Worry About Lightbridge Corporation's (NASDAQ:LTBR) CEO Pay Cheque?,1
Siebert Financial : Hammering Away #SiebertFinancial #Stock #MarketScreener,1
Siebert Financial : Where there's a will&hellip; #SiebertFinancial #Stock #MarketScreener,1
Smart Beta ETFs: A Marriage Between Active and Passive,1
Specialized ETFs may end up owning half of some companies' total shares one day soon. Here's a test case for what t...,1
Stakes For Bitcoin Are Highest Since The 2017 Bubble,1
"Stock Market Update: Apple trades in-line with broad market, but other FAANG stocks gain",1
Stock Values in Johannesburg So Low They’re Tough to Resist,1
"Stocks - Tiffany, Disney, Tesla Rise Premarket; Uber Falls",1
Stocks That Hit 52-Week Highs On Tuesday,1
"Stocks To Watch: Aster DM Health, AU Small Finance Bank, RIL, Sun Pharma",1
"Stocks to Watch: Facebook, Bed Bath and Beyond, Unilever, Fiat Chrysler, Netflix",1
TA Page SetUps: Slack Dip-buying post-earnings could be an early read into a possible supply/demand shift--,1
Taking A Look At OHB SE's (ETR:OHB) ROE,1
"Taxable FI, equity funds attract most inflows last week: Refinitiv Lipper",1
"Tesla's surge inspires fans to buy, skeptics to dig in, drives fear of missing out - Reuters",1
The 5 Best Finance Stocks of the Decade,1
The 5 Best Tech Stocks of the Decade,1
The Best Dividend Stocks Smart Investors Can Buy Right Now - Seeking Alpha,1
"The shoe fits, but can stay that way",1
These Hedge Funds Snapped Up AVX Corporation (AVX) Before Q4 Rally,1
These Were the 5 Best Solar Stocks of 2019,1
Third times the charm?,1
"This Invisible Tech Stock Threatens Amazon with 800,000+ Online Stores",1
This Ultra-High-Yield Stock's Numbers Are Better Than They Look,1
Thomson Resources : Becoming a substantial holder #ThomsonResources #Stock #MarketScreener,1
Three Black Friday Dividend ETF Deals. Keep reading: #stockmarket #markets #investing,1
took #4,1
took #4,1
Took some for tomorrow,1
Top and Flop ETFs of Last Week,1
Top Insider Buys Highlight for the Week of Dec. 13,1
Top stock picks for 2020: The best of the biggest,1
Transenterix Inc (TRXC): Are Hedge Funds Right About This Stock?,1
US$51.00 - That's What Analysts Think Grubhub Inc. Is Worth After These Results,1
Value Investor Bill Miller’s New Stock Picks,1
VIDEO☞ Stock Market Analysis 11/22/19 #AVWAP,1
Waitr Holdings Inc. (WTRH) Is Burning These Hedge Funds,1
Wall Street's 7 Highest-Rated Stocks to Buy,1
WBK,1
We're A Little Worried About Graphite One's (CVE:GPH) Cash Burn Rate,1
"Were Hedge Funds Right About Piling Into PlayAGS, Inc. (AGS)?",1
We're Keeping An Eye On Entera Bio's (NASDAQ:ENTX) Cash Burn Rate,1
We're Keeping An Eye On MOGU's (NYSE:MOGU) Cash Burn Rate,1
We're Keeping An Eye On Riot Blockchain's (NASDAQ:RIOT) Cash Burn Rate,1
We're Keeping An Eye On Sangamo Therapeutics's (NASDAQ:SGMO) Cash Burn Rate,1
We're Not Worried About MediciNova's (NASDAQ:MNOV) Cash Burn,1
What a day.,1
"What Can We Make Of Lithia Motors, Inc.’s (NYSE:LAD) High Return On Capital?",1
"What Can We Make Of Paychex, Inc.’s (NASDAQ:PAYX) High Return On Capital?",1
"What Does Crown Holdings, Inc.'s (NYSE:CCK) P/E Ratio Tell You?",1
"What Does MAXIMUS, Inc.'s (NYSE:MMS) Share Price Indicate?",1
What Does Minth Group Limited's (HKG:425) Share Price Indicate?,1
What Does New Jersey Resources Corporation's (NYSE:NJR) P/E Ratio Tell You?,1
What Is Evoqua Water Technologies Corp.'s (NYSE:AQUA) Share Price Doing?,1
What Is Investors Real Estate Trust's (NYSE:IRET) Share Price Doing?,1
"What Kind Of Investor Owns Most Of Cleveland BioLabs, Inc. (NASDAQ:CBLI)?",1
What Kind Of Investor Owns Most Of North American Construction Group Ltd. (TSE:NOA)?,1
"What Kind Of Investor Owns Most Of Ritter Pharmaceuticals, Inc. (NASDAQ:RTTR)?",1
What Kind Of Share Price Volatility Should You Expect For Dundee Precious Metals Inc. (TSE:DPM)?,1
What Kind Of Share Price Volatility Should You Expect For The Macerich Company (NYSE:MAC)?,1
What Kind Of Shareholder Appears On The Autolus Therapeutics plc's (NASDAQ:AUTL) Shareholder Register?,1
"What Kind Of Shareholder Appears On The Daktronics, Inc.'s (NASDAQ:DAKT) Shareholder Register?",1
"What Kind Of Shareholder Appears On The Evoke Pharma, Inc.'s (NASDAQ:EVOK) Shareholder Register?",1
"What Kind Of Shareholder Owns Most Akari Therapeutics, Plc (NASDAQ:AKTX) Stock?",1
"What Kind Of Shareholder Owns Most CTT - Correios De Portugal, S.A. (ELI:CTT) Stock?",1
What Kind Of Shareholder Owns Most IGG Inc (HKG:799) Stock?,1
"What Kind Of Shareholder Owns Most SAExploration Holdings, Inc. (NASDAQ:SAEX) Stock?",1
What Kind Of Shareholders Own Aben Resources Ltd. (CVE:ABN)?,1
What Kind Of Shareholders Own Freehold Royalties Ltd. (TSE:FRU)?,1
"What Kind Of Shareholders Own Newater Technology, Inc. (NASDAQ:NEWA)?",1
What Kind Of Shareholders Own PEDEVCO Corp. (NYSEMKT:PED)?,1
What Kind Of Shareholders Own Public Joint Stock Company Gazprom (MCX:GAZP)?,1
What Percentage Of Brown-Forman Corporation (NYSE:BF.B) Shares Do Insiders Own?,1
What Percentage Of CruzSur Energy Corp. (CVE:CZR) Shares Do Insiders Own?,1
What Type Of Shareholder Owns Real Matters Inc.'s (TSE:REAL)?,1
"What You Must Know About Applied Optoelectronics, Inc.'s (NASDAQ:AAOI) Beta Value",1
What You Must Know About Preferred Bank's (NASDAQ:PFBC) Beta Value,1
"When Should You Buy Lincoln Electric Holdings, Inc. (NASDAQ:LECO)?",1
When Should You Buy Packaging Corporation of America (NYSE:PKG)?,1
When Will Amarin Stock Sell-Off Be Over?,1
Where will the Dow go from here?,1
Which Athleisure Stock Is the Best Buy Today?,1
Which Tech Mutual Fund to Buy: FWRLX or KTCAX?,1
Why 4 Coveted REITs May Be Among the Safest 2020 Income Vehicles,1
Why Walgreens Could Be Valued At $71/Share In A Leveraged Buyout,1
Will 3M Raise Its Dividend in 2020?,1
Will Adobe Continue Top Line Growth In FY 2020?,1
Will Caterpillar Raise Its Dividend in 2020?,1
Will Five Below Continue to Be Volatile in 2020?,1
Will Gamida Cell (NASDAQ:GMDA) Spend Its Cash Wisely?,1
Will Home Depot Raise Its Dividend in 2020?,1
Will Lowe's Raise Its Dividend in 2020?,1
Will Medicines Co Be the Next Target of Novartis?,1
Will Salesforce.com’s Volatility Continue into Next Year?,1
"Winnebago Industries, Inc. (WGO): Are Hedge Funds Right About This Stock?",1
"With EPS Growth And More, Gencor Industries (NASDAQ:GENC) Is Interesting",1
Would Games Workshop Group PLC (LON:GAW) Be Valuable To Income Investors?,1
Adamis Pharma -61% on FDA's Zimhi rejection,0
(-8.7% pre) AMERI Holdings (AMRH) Announces 1-for-25 Reverse Stock Split to Regain Nasdaq Compliance,0
"KL, CBAY among premarket losers",0
(-1.3% pre) Aytu BioScience Receives $23.0 Million from Warrant Exercises - SI,0
(-3.5% pre) Form S-3 BlueLinx Holdings Inc.,0
(-76.9% pre) CymaBay Therapeutics Halts Clinical Development of Seladelpar - GN,0
(-18.9% pre) Cytosorbents (CTSO) temporarily pauses enrollment of its REFRESH 2-AKI study at the recommendati…,0
Disney -1.5% as Wells moves to side on parks worries,0
New Oriental -4% after rival discloses employee wrongdoing,0
Foot Locker -5% after Telsey warning,0
GameStop -15% as sales evaporate,0
"is down 10% to $213 a share since Nov. 18, just before the company beat expectations on third-quarter earnings…",0
II-VI -7.8% after downside Q3 outlook,0
"IQIYI -4% after short calls, report",0
Korn Ferry -2.4% on weak margins,0
(-10.8% pre) Kirkland Lake Gold (KL) to Acquire Detour Gold (DRGDF) in Stock Deal Valued at C$4.9 Billion - SI,0
MercadoLibre slips after margin miss,0
Mimecast -7.6% after downside Q4 EBITDA forecast,0
Marlin Business Services -3.3% post Q4 results,0
"BHVN, JE among premarket losers",0
"(-0.7% pre) Wells Fargo Downgrades Netflix (NFLX) to Underperform on Free Cash Flow Concerns, Still Sees Acqu…",0
"CIM, EURN among premarke losers",0
"(+1.8% pre) Qudian Inc. Announces Cancellation of 26,169,241 ADSs Purchased Under Share Repurchase Program, Rep…",0
Qutoutiao slides after short-seller report,0
Rocket Pharma down 5% after hours on equity offering,0
RingCentral: 40%+ Downside Due To Covid 19 Market Share Losses. #stockmarket #finance #economy,0
Construction Partners slips 19% post Q4 results miss; provides FY20 outlook,0
(-9.8% pre) SAExploration Announces Receipt of Nasdaq Non-Compliance Letter - SI,0
Airline stocks bid down on traffic concerns,0
Large cap notable movers of interest -- BioNTech (BNTX) pulls back on above average volume,0
(-20.1% pre) SeaChange International Reports Fourth Quarter and Fiscal Year 2020 Financial Results - Accesswi…,0
Shentel falls after updating on T-Mobile affiliate talks,0
TAL Education -23% after fraud disclosure,0
(-4.2% pre) Uber Loses London License Over Concerns for Rider Safety - BBG,0
Varonis -6% on wider-than-expected loss forecast,0
Westpac falls again as heat intensifies,0
WWE -3.1% amid two-notch cut at Wells Fargo,0
Xeris Pharma launches equity offering; shares down 3% after hours,0
(-2.0% pre) Taiwan is taking cybersecurity seriously by banning the use of Zoom in government - Quartz,0
Zomedica readies equity offering; shares down 12% after hours,0
Abiomed down 9% on study questioning value of impella heart pump,0
"ACB, MYGN among premarket losers",0
Achieve Life Sciences down 34% after pricing equity offering,0
Adamas down 40% as investors react to Gocovri effect in MS study,0
Adamas Pharma plunges after mixed results in MS trial,0
ADMA Biologics down 9% premarket after pricing equity offering,0
"AGCO -4.2% on Q4 miss, soft guidance",0
Amarin down 6% after Vascepa-stoked run-up; lack of effect in plaque study,0
Amarin slips 3% on bearish coverage,0
Anixa Bio down 16% on extended timeline for CAR T candidate,0
Apparel stocks tumble after a pair of disappointing earnings @business,0
"AQST, PHR among premarket losers",0
Arbutus bails on AB-452; shares down 15% premarket,0
Assembly Bio down 6% premarket on pricing public offering,0
Athenex shares fall 19% in morning trading,0
ATyr Pharma down 4% premarket after pricing equity offering,0
"Aurora Cannabis extends premarket losses, now down 5%",0
Aurora Cannabis Sinks on Bad News Dump Analysts Fear Won’t End,0
Aurora Cannabis stock slides 16% premarket,0
"Aurora Cannabis’s stock in decline; CEO is out, cost cuts announced",0
Autoliv -2% after setting new targets,0
Aytu Bio's FQ1 miss-stoked selloff continues; shares down 17% premarket,0
"BDX, GLOP among premarket losers",0
Bear Signal Calls BIG Stock’s Rally Reversal,0
Biohaven Stock Slides More Than 8% on Drug Trial Failure,0
"Bitcoin sinks to lowest level since May, falling $3,000 in a month as China accelerates crackdown",0
Bitcoin slides to six-month low as China warns of risks,0
"Bitcoin: A Drop Below $8,000 Opens the Doors Toward $5,000",0
Boeing’s stock hit by NTSB recommendation of ‘more robust’ 737-700 redesign,0
Boeing’s stock is headed for its 12th decline in the past 14 sessions,0
Boeing's stock dives after NTSB recommends 'more robust redesign' of 737-700s,0
Brink's down on earnings miss,0
Canada Goose -10% after hacking guidance due to coronavirus,0
"Canada Goose Cuts Forecast on Coronavirus Impact, Shares Plunge",0
Canada Goose Drops After Cutting Forecast on Drag From Virus,0
Canada Goose shares slump on warning over virus impact,0
Canada Goose's stock tumbles 14% toward a 2-yr. year premarket after Q3 results,0
Canada Goose's stock tumbles after revenue outlook slashed as coronavirus has 'material negative impact',0
"Casper Sleep shares slide 13% on second day of trading, falling below $12 IPO issue price",0
"Casper Sleep shares slide 5% to trade at $10.46, below $12 IPO price",0
"Casper Sleep stock down 12% on second day of trading, falls below IPO issue price",0
Casper Sleep stock languishes below IPO issue price after falling 5%,0
Chesapeake Energy's stock drops toward 25-year closing low as oil pulls back,0
China's 21Vianet Group -3.4% on Q3 report,0
China's Pinduoduo posts bigger loss as costs surge; shares tumble,0
Ciena -2.5% after earnings miss,0
Collegium launches convertible debt offering; shares down 10%,0
"Comparable sales missed estimates at Home Depot, shares down 4.6% premarket",0
Corbus Pharma down 13% premarket after pricing equity offering,0
Costco shares fall 1.9% as analysts view latest quarter as good but not stellar,0
Credit Suisse shares slump after Thiam's resignation,0
CRISPR Therapeutics down 4% premarket on initial CTX001 data,0
CRISPR Therapeutics down 5% after hours on equity offering,0
CymaBat halts trial of seladelpar; shares dip 4%,0
CymaBay shares fall 77% on halted trial,0
CymaBay Therapeutics shares down 77% premarket after resuming trade following halt,0
Digital Turbine -5% after Q3 revenue miss,0
DMCI continues slide as government cancels extension of water concession deals - BusinessWorld Online,0
Evolent down 6% on loss of key contract in NY,0
"Exxon, Chevron results augur tough year ahead, shares drop 3% #economy #MarketScreener",0
"Ford Stock Hit by CEO, China and Lack of Product",0
Funko Stock Decimated Ahead of Massive Earnings Miss,0
"Funko stock plummets 39%, shares downgraded after holiday season weakness",0
Funko's stock plunges 39% premarket toward near 2-yr. low after Q4 warning late Wednesday,0
GAMESTOP TUMBLES 15% AFTER MISSING 3Q COMP SALES ESTIMATE,0
Glu Mobile Inc. (GLUU) Sinks -2.71% Today: Breaking Down The Root Causes - Find News,0
Gorman-Rupp slips 6% post Q4 results miss,0
GrubHub stock falls after D.A. Davidson turns bearish,0
Hanesbrands -2% after rare bear call,0
Hanesbrands trickles lower after operating profit miss,0
Hargreaves top investor sells shares at discount; stock drops,0
Hertz and Avis slide after Lyft announces car rental service,0
"Home Depot cuts 2019 forecast after sales miss, shares drop",0
Home Depot Falls Sharply After Release of 3rd-Quarter Results,0
"Home Depot sales miss, shares plunge",0
Home Depot's stock selloff a 78-point drag on the Dow,0
"HP down 5% after Xerox bid rejection, counter offer hints",0
Intelsat -17.5% as Pai calls for public C-band auction,0
InVivo launches equity offering; shares down 17%,0
Kellogg -6% after profit outlook disappoints,0
Kellogg stock falls after weak guidance,0
Kellogg's stock falls 3.5% premarket after Q4 results,0
Kohl's cuts annual profit forecast after disappointing results; shares slump,0
Kohl's shares slide 10.5% in premarket trade,0
"Kohl's shares tank on earnings miss, retailer cuts fiscal 2019 earnings outlook",0
Kohl's warning sends J.C. Penney and Dillard's lower,0
"La Jolla shares fall on CEO departure, clinical trial results",0
LogicBio -26% as FDA puts hold on LB-001,0
Lowe's stock falls 2.0% premarket in wake of Home Depot's disappointing Q3 report,0
Luckin Coffee stock sinks after anonymous report alleges fraud,0
Luminex Q4 cash flow up 24%; shares slip 1% after hours of soft Q1 outlook,0
Macy’s Slumps as Website Hack Adds to Department-Store Malaise,0
Macy's -6% as hard hats come out for earnings,0
Macy's stock down 3.8% premarket,0
Marvell stock falls after Cowen double downgrade,0
MAXIMUS -2.9% post Q4 results,0
MGM Growth falls 1.1% after starting share offering,0
"Microsoft : Zoom shares slip over security concerns, rising competition #Microsoft #Stock #MarketScreener…",0
MiRagen down 24% after pricing equity offering,0
OncoSec Medical down 13% despite positive TOVA data in TNBC,0
"PDD, URBN among premarket losers",0
"Peloton stock plummets after the company reports widening loss, slowing revenue",0
Penn National Gaming -4% after earnings,0
"Perspecta -18% after Navy contract loss, downgrade",0
Pinduoduo stock sinks on heavy volume after earnings,0
Pinduoduo's stock plunges 23% premarket on heavy volume after Q3 results,0
Popular Irish ETF skids lower after Sinn Fein election win,0
Qualcomm Shares Dip Even After Q1 Earnings Beat Over China Coronavirus Outlook,0
Qudian sinks 5.3% after year guidance revenue shrinks,0
Rapt Therapeutics down 9% premarket after pricing equity offering,0
Royal Mail shares slump on lowered mail volume guidance,0
Salarius Pharma down 53% premarket after pricing equity offering,0
Satellite stock Intelsat drops 40% after FCC 5G decision,0
SciPlay -7.6% after two-notch downgrade,0
Shares of mattress company Casper fall below IPO price in Day 2 on NYSE,0
Silvercorp -20% as quarterly silver sales volumes remain flat,0
Simply Good Foods trades lower despite strong Q2 upside as virus concerns linger (SMPL),0
Sinclair Broadcast -1.9% as Stephens cuts target,0
Some Nucor (NYSE:NUE) Shareholders Are Down 11%,0
"Stock Market Update: Macy's shares slide on retail weakness, potential credit card breach",0
Tesla Inc. slumped in pre-market trading after the electric carmaker’s newly unveiled pickup truck elicited mixed r…,0
Tesla shares dropped after a botched unveiling of its long-awaited Cybertruck. A demonstration of the truck's suppo…,0
Tesla shares plummet as it plans delay to Model 3 deliveries in China due to coronavirus.,0
Tesla’s stock-market skid continues with 4% decline at opening bell Thursday,0
"Tesla's stock fall premarket; RBC reiterates bearish view, but warns not to short",0
"Tesla's stock falls 2.1% premarket, after tumbling 17.2% on Wednesday",0
The Stars Group falls after share offering,0
Theravance readies $150M stock offering; shares down 5% after hours,0
TJX's stock falls 1.3% premarket ahead of Q3 results,0
T-Mobile US stock down 1.4% premarket,0
TransDigm trades lower post mixed Q4 results; guides FY20 below consensus,0
Twitter -3.5% in pullback after double-digit gain,0
Twitter stock falls after downgrade,0
Tyson Foods's stock falls 1.6% premarket after Q1 results,0
Tyson stock slips after sales miss,0
Uber Shares Tumble 6% In Premarket As London Again Revokes Operating License,0
Ubiquiti slides amid revenue shortfall,0
Unilever Plunges 8% After Disappointing Guidance Update,0
UPDATE 2-China's Pinduoduo posts bigger loss as costs surge; shares tumble,0
"Urban Outfitters shares plunge on profit, sales miss",0
Urban Outfitters stock down 9% after Q3 results,0
"Urban Outfitters stock tanks after Q3 profit, sales misses",0
VF Corp. shares slide 1.9% premarket,0
Wayfair stumbles after Citron takes another whack,0
Whirlpool -2% after large recall in U.K.,0
Why ADMA Biologics Is Tumbling 13.5% Today,0
"WWE shares plunged, erasing more than $1 billion in market value, after CEO Vince McMahon ousted two of the company...",0
"WWE's stock plunges toward 21-month low after sales miss, 'considerable uncertainty' in outlook",0
Xeris Pharma launches equity offering; shares down 3% after hours,0
Yum Brands -3% after profit miss,0
Yum Brands' stock tumbles as coronavirus and Pizza Hut's weak sales expected to hit 2020 results,0
Zoom shares get whacked over privacy concerns #economy #MarketScreener,0
United +18% leads big bounce in airlines,2
Aurora Cannabis sets early conversion price; shares tick higher,2
(+0.4% pre) Aurora Cannabis sets early conversion price - SA,2
"Aduro adds to rally as bargain hunters move in, shares up 18%",2
(+2.3% pre) Agios Pharma higher amid new vorasidenib progress - SA,2
reversal is taking place. Could pop over 70c.,2
(+1.0% pre) Akcea and Ionis launch late-stage AKCEA-TTR-LRx study - SA,2
Akers Biosciences up 62% on advancement of COVID-19 vaccine,2
AMC Entertainment rallies after big Frozen 2 weekend,2
American Tower +2.1% after Wells upgrade to Overweight,2
(+1.3% pre) Charles Schwab to buy TD Ameritrade in $26 billion all-stock deal - Reuters,2
"(+11.8% pre) Form SC 13G ANAPTYSBIO, INC Filed by: TANG CAPITAL PARTNERS LP",2
AngioDynamics +4% premarket on Q3 beat; 2020 guidance withdrawn,2
"(+7.7% pre) D. E. Shaw & Co., INC. Shows 5.2% Stake in Blue Apron - SI",2
(+13.1% pre) Aquestive Therapeutics (AQST) Confirms FDA Approval for Exservan Oral Film - SI,2
Arrowhead Pharma up 5% after Medicines Co. sale,2
"(+0.9% pre) India’s Paytm Secures $1 Billion Investment From SoftBank, Ant Financial - WSJ",2
keeps going higher on volume.,2
Shorts fried as Big Lots jumps 26% post-results,2
"BOQI Medical latest to capture coronavirus money flow, up 44%",2
"Restaurants stocks break higher, analysts reel in near-term expectations",2
BioLineRx up big ahead of key data readout,2
"TSLA, INO among premarket gainers",2
(+0.0% pre) Beazer Homes Announces Preliminary Operating Results - BW,2
Camtek surge 8% as Q1 shipments in-line with guidance,2
"Can-Fite up 22% premarket on ""positive"" Namodenonson data in NASH",2
Saudis take stake in Carnival Corp. - shares up 27%,2
(+0.9% pre) VA hits pause on Cerner EHR rollout amid coronavirus crisis - HealthCare IT,2
(+3.7% pre) Canopy Growth (CGC) Announces Health Canada Licence for State-Of-The-Art Beverage Facility - SI,2
(+4.3% pre) Continental Resources suspends dividend amid coronavirus woes - Reuters,2
Comtech +18.5% after $9M Army order,2
Comtech +14.5% after order from top Chinese carrier,2
"CNA +6.8% after dividend boost, Q4 beat",2
Co-Diagnostics up 36% on coronavirus test sales,2
(+1.7% pre) Infineon Technologies announces final regulatory approval for acquisition of Cypress Semico…,2
Department store stocks bounce off lows,2
(+0.6% pre) “Frozen 2” Walt Disney Animation Studios’ Highest Grossing Debut Ever,2
Dick's Sporting Goods +2% after BAML upgrade,2
DaVita Q4 earnings up 51%; shares up 4% after hours,2
EBay +6% after selling StubHub,2
(+4.5% pre) EBay Nears Deal to Sell StubHub to Viagogo for Roughly $4 Billion - WSJ,2
(+0.0% pre) El Paso Electric and IIF Move Towards Final Steps in Acquisition Process - CTFN,2
Eagle Pharma set to refile Ryanodex NDA; shares ahead 5%,2
Endonovo up 35% on SofPulse collaboration,2
EnLink Midstream rallies on back of Devon Energy's STACK partnership,2
Enochian Bio +18% premarket on acquiring exclusive license for HBV,2
National Beverage +4% as analysts keep scrambling,2
(+3.1% pre) Flowserve (FLS) Withdraws 2020 Full Year Guidance - SI,2
Gannett +57% after firing off poison pill,2
"(+100.0% pre) Gannett adopts poison pill, stock soars after closing at record low - MW",2
(+0.3% pre) GE brings in shipper Maersk's CFO as finance head - Reuters,2
GenMark Q1 revenue up big on COVID-19 boost; shares up 29% after hours,2
(+0.8% pre) HP reiterates its rejection of Xerox's offer to buy the company - Reuters,2
"(+5.5% pre) Intercept Pharma (ICPT) NDA for OCA Accepted by FDA, Grants Priority Review - SI",2
Idera jumps 39% after hours on bullish capital raise,2
IES Holdings +8% post Q4 results,2
Hotels stocks gain as peak pandemic seems near,2
(+3.2% pre) FDA GRANTS FAST TRACK DESIGNATION TO SACITUZUMAB GOVITECAN FOR NEOADJUVANT/ADJUVANT METASTATIC UR…,2
Immunomedics shares surge over 100% pre-market after it announced the ASCENT study will be stopped for...,2
Inovio on go with study of INO-3107 for rare HPV disorder; shares up 15%,2
new intraday high. CV angle. Covid-19 event on Wednesday.,2
opens up 4% above its recent range and value area for Apr OpEx cycle,2
"MDCO, TIF among premarket gainers",2
"(+2.5% pre) Jacobs Engineering (JEC) Tops Q4 EPS by 18c, Revenues Beat - SI",2
Kraft +3% after sales update,2
(+4.2% pre) Kraft Heinz stock rises on expected first-quarter sales gain - MW,2
L Brands pushed higher on report of strategic review,2
"Levi Strauss +4% after earnings topper, update on China",2
LiveXLive +23% on Samsung tie-up,2
(+10.8% pre) Luminex Corporation Pre-Release of 1st Quarter Revenue - P&T,2
(+1.9% pre) Livongo Announces Preliminary First Quarter 2020 Revenue; Exceeds Previously Announced Guidance -…,2
(+0.0% pre) Matson (MATX) withdraws its financial outlook for the full year 2020 - SI,2
(+1.5% pre) Global Jurisdictions Continue to Recognize Microbot Medical’s Innovative Technology; Receives Not…,2
MCig up 9% on CBD distribution deals,2
(+22.6% pre) Novartis to Swallow Up The Medicines Company for $9.7 Billion - TheStreet,2
MiMedx settles VA pricing investigation; shares up 6%,2
"Mallinckrodt inks debt exchange deal, but pays the price; shares up 20%",2
(+1.2% pre) FDA accepts Merck application for expanded use of Keytruda - SA,2
up another 2% today. Raising the stop on let it ride.,2
(+10.9% pre) NIU Technologies Announces Q3 2019 Financial Results: NIU is Entering New Era of Stable Profitabi…,2
gaps up through resistance around 276.50 after reclaiming its 200-day. Currently working on a 1st stage base (…,2
"(+2.6% pre) Morgan Stanley Upgrades NVIDIA (NVDA) to Overweight, Sees Gaming/Data Center Accelerating in 2020…",2
Invitae launches enhanced telemedicine; shares up 6% premarket,2
(+5.4% pre) Invitae Announces Exercise in Full of Underwriters' Option to Purchase Additional Shares of Commo…,2
Ollie's higher after earnings topper,2
ripping higher. Agressive buyers now. Could squeeze into the close.... very nice.,2
strong up 11.7% into large volume pocket w/ room to $360,2
(+1.3% pre) Carl Icahn Plans To Nominate Directors In Occidental Petroleum : Report - Nasdaq,2
up more than a percent on reports Carl Icahn was looking to nominate as many as 10 directors,2
broke out of its cup base (259.71 std pivot) on heavy volume. Watch for continuation or if it forms a high ha…,2
Phunware gains on coronavirus mobile solution,2
Pier 1 Imports gains after report of Guggenheim engagement,2
Dave & Buster's +3% after guidance satisfies,2
Pulse Biosciences up 6% on rights offering,2
Plus500 rockets 40% as revenue soars nearly 500% in Q1,2
WiLAN signs wireless license with LG; shares +7% PM,2
RingCentral +2.5% after Q4 revenue jumps,2
RealNetworks CEO Rob Glaser to invest into the Company; shares +12%,2
Roku jumps as optimism builds for earnings,2
Mid cap notable movers of interest -- Kohl's (KSS) advances off of recent lows,2
SoftBank Vision Fund's Uber stake is up 18%,2
SL Green rises 3.5% in two-day advance,2
Surge At Super League As Stay At Home Orders Go Coast To Coast. #business #stocks #stockmarket,2
"(+1.9% pre) Loop Capital Upgrades Snap Inc (SNAP) to Buy, $20 PT, $20 PT",2
Sanofi upsizes debt offerings to; share up 2%,2
up after hours on no news. Tempting but got to check if it has warrants and how clean the share structure is.…,2
Sonos displaying relative strength as shares jump 8% to 52-week highs in the wake of Wednesday's earnings...,2
Virgin Galactic takes off again; +11%,2
"gapped up on earnings, up 10.77% on almost 7x average volume. It is coming up near the top of a 38-week long…",2
higher by 4.5% today clearing 21 MA and nearing Feb OpEx value range breakout,2
"gaps up 20.49% on almost 6x average volume, breaking above 39.45/38.37 handle pivots and through 40.50 second…",2
"(+3.6% pre) AT&T adds $5.5 billion term loan to already 'strong' cash position, expects to keep paying dividend…",2
Pareteum +8% after CEO termination,2
"(+4.8% pre) Teva Pharma (TEVA), Generics Makers Said to be in Talks to End U.S. Probes - Bloomberg …",2
(+8.7% pre) UP Fintech Holding Limited Reports Unaudited Third Quarter 2019 Financial Results - SI,2
(+33.3% pre) Form SC 13G TOP SHIPS INC. Filed by: MORGAN STANLEY,2
rising late w/ another 800 Jan $37 calls trading,2
Trevena refilies U.S. application for IV oliceridine; shares up 6%,2
TransEnterix up 2% after hours on $25M stock sales deal,2
Tesla jumps to four-week high,2
All gapping up nice for my calls.,2
"(+3.7% pre) Elon Musk Says Cybertruck Orders Have Climbed to 200,000 - BBG",2
(+4.6% pre) Longer range China-made Model 3,2
Wayfair +4% after BofA bump,2
(+4.9% pre) BofA Securities Upgrades Wayfair (W) to Buy,2
Slack +14.6% as IBM becomes largest-ever customer,2
(+1.4% pre) Slack (WORK) Prices Upsized Offering of $750 Million 0.50% Convertible Senior Notes due 2025 - SI,2
up over 7% big move today,2
new highs,2
"big move w/ news this morning, name with size Jan and Apr bullish call OI",2
22nd Century pops after FDA win,2
3M's stock surge is leading the Dow to a more than 300 point gain at midday,2
58.com +3.5% after upside Q3,2
AbbVie +4% premarket on Q4 and guidance beat,2
AbbVie's stock rises on strong earnings,2
Abiomed defends Impella after critical study; shares ahead 5%,2
"Acceleron Pharma : , Bristol-Myers Shares Up After New FDA Nod for Reblozyl #AcceleronPharma #Stock #MarketScreener…",2
Advanced Micro Devices Shares Surge With Huge Demand - Investopedia,2
Agile Therapeutics secures $35M credit facility; shares ahead 4% after hours,2
Aimia gains 6.3% after settling with dissident shareholders,2
Airline stocks are higher amid some positive signs within the fight against the coronavirus pandemic,2
"Airlines, Cruises, Theme Parks, Rental Cars, Casinos leading pre-market movers higher, the beaten down Travel-related names",2
"Airtel, Vodafone Idea jump on price hikes announcement",2
AMD stock hits highest level in 13 years after launch of promising graphics card,2
Ameritrade shares ascend toward multimonth high and Schwab dips on deal news,2
Ameritrade shares ascend toward multimonth high and Schwab dips on deal news,2
"Apellis Pharmaceuticals, Inc. (APLS) Climbs 3.23% Today: Breaking Down The Root Causes - Find News",2
Applied DNA Sciences +6% premarket on FQ1 results,2
Aquestive shares jump on FDA approval,2
Aramco indicative share price up slightly to 37 riyals,2
Aramco shares inch up in early Sunday trade,2
Aramco shares up 1.6% in third consecutive day of gains,2
Aramco Up for Third Session With Eye on Passive Flows: Inside EM,2
Aravive rockets 263% premarket on promise of lead candidate,2
Aravive shares jump on ovarian cancer data,2
"ArcelorMittal Surges as Steel Outlook Brightens, Debt Drops",2
Arrowhead Pharma up 5% after Medicines Co. sale,2
Assertio to sell Gralise to Alvogen for $127.5M; shares up 40% premarket,2
Atlas Air +9% after Wolfe Research lift,2
Aveo Pharma up 4% on advancement of tivozanib,2
Benitec Biopharma up 87% on potential U.S. domicile,2
Bilibili +2.6% on accelerating revenue growth,2
Bill.com stock rockets 60% in its trading debut after IPO,2
Biogen Inc. (BIIB) Climbs 2.94% Today: Breaking Down The Root Causes - Find News,2
Biogen shares rise on patent resolution with Sawai,2
"Bitcoin's back above $7,000 after its biggest one-day gain in two weeks",2
Broadcom +2% after Street-high target,2
Buffett-backed StoneCo jumps to 7-month high on solid growth via @business,2
Caladrius Bio up 14% premarket on positive CLBS16 data,2
Can-Fite +17% premarket on new patents for sexual dysfunction drug,2
Canopy Growth stock up 2.7% premarket,2
Canopy Growth up 6% as BofA buys the dip,2
"Carnival shares climbed after a Saudi investment fund bought an 8.2% stake, valued at nearly $370 million, in…",2
Catalyst Biosciences up 13% premarket on positive FIX data,2
"Chesapeake Energy's stock bounces 1.7% premarket, after plunged 14% Tuesday to 25-yr. low",2
Cigna +3% on Q4 beat,2
Citadel Dominates Multistrategy Peers With 3.4% Gain,2
"CNA +6.8% after dividend boost, Q4 beat",2
Communications Services Up As Investors Hedge On Media Industry's Prospects -- Communications Services Roundup…,2
Corcept prevails in Korlym patent challenge; shares up 4%,2
Coty +5% after striking Kylie Jenner deal,2
"CPST, YNDX among premarket gainers",2
CytomX +3.7% as Guggenheim starts at Buy,2
"Darden stock jumps as Olive Garden parent cuts executive pay, to-go sales skyrocket",2
Deutsche Bank shares rally on Capital Group's big stake,2
Deutsche Bank shares soar after new shareholder steps in,2
"Deutsche Bank Wins Capital Group Backing, Sparking Share Rally",2
Diffusion Pharma up 23% after hours on positive TSC data,2
Discount Brokers Rise on Schwab/TD Ameritrade Deal #InteractiveBrokers #Stock #MarketScreener…,2
Domino's Pizza +2% after Goldman Sachs warms up,2
EBay +6% after selling StubHub,2
Ebay shares jump 3% premarket,2
Ebay stock up 5.4%in Monday premarket trading,2
"Edgewell's stock rockets after calling off Harry's merger deal, upbeat earnings",2
Elastic +3.7% as Canaccord turns bullish,2
Endonovo up 35% on evaluations of SofPulse in orthopedic surgeries,2
Enochian Bio +18% premarket on acquiring exclusive license for HBV,2
"Equity Residential : Up Over 9%, on Pace for Largest Percent Increase Since August 2011 --... #EquityResidential…",2
Ericsson and Nokia climb after Barr suggests U.S. stake purchases,2
Estee Lauder shares jump premarket after earnings beat,2
Evoke Pharma up 32%,2
Extreme Networks +3% after $100M buyback,2
Exxon Mobil jumps after maintaining dividend and on hopes for production cut deal (XOM),2
FDA OKs Intercept’s NDA for obeticholic acid; shares up 5% premarket,2
FDA OKs Tandem's Control-IQ; shares up 1%,2
Fintech company Bill.com surges more than 60% in market debut,2
Fortinet +2% after investor day guidance,2
Genworth +4.0% after sale on Genworth MI Canada closes,2
"GE's stock rises 1% premarket, set to trade above $13 for 1st time in regular-session hours since October 2018",2
GlobalSCAPE jumps ~12% on $55M credit facility and special dividend of $3.35,2
Hasbro stock up 3.5% in Monday trading,2
"HK shares end at 1-week high on stimulus prospects, Alibaba boost",2
Home Depot's stock rises toward record high ahead of earnings report,2
HPE +2% as Deutsche sees growth story,2
Hub Group +7.3% post Q4 results,2
Immunomedics shares more than doubled after a study of its breast cancer drug was stopped early on promising results,2
Inovio on go with study of INO-3107 for rare HPV disorder; shares up 15%,2
Intellia up 5% on new data from CRSPR/Cas9 programs,2
Intelsat's stock bounces after recent 'dramatic' pullback turns Raymond James bullish,2
"Intelsat's stock extends bounce, soars 17% premarket after plunging 55% over past 2 days",2
Jefferies +2.5% after KBW expects stock buyback,2
"JetBlue, Alaska Air Shares Rise #JetBlueAirways #Stock #MarketScreener",2
JPMorgan positive on Five Below into earnings,2
Kaleido Bio up 11% on advancement of KB174,2
KAR Auction Services gains on M&A speculation,2
Karuna up 86% premarket on positive KarXT data,2
LexinFintech +3.3% after loan origination view improves,2
LiveXLive Media : Up 29%; In Content Deal With Samsung #LiveXLiveMedia #Stock #MarketScreener…,2
L'Oreal rallies as quarterly results offset China concerns,2
L'Oreal rallies as sales increase offsets China concerns,2
Lowe's +5% on raising adjusted operating margin and earnings outlook for FY2019,2
Lowe's shares jump after earnings top estimates despite revenue shortfall,2
Lumber Liquidators +1.3% after guidance update,2
Lumber Liquidators +4% after USTR determination,2
Lumber Liquidators' stock rallies after CEO Dennis Knowles resigned,2
"Lyft and Peloton Rally, Defying the Mantle of 2019’s Least-Loved Debuts",2
Lyft breaks out ahead of earnings as ride sharing sentiment improves (LYFT),2
"Lyft stock gains after Northcoast upgrades, says company could be M&A target",2
Madison Square Garden shares up 1.2% premarket,2
MaxLinear +1.3% as Needham leaves sidelines,2
MCig up 9% on CBD distribution deals,2
"MDCO, TIF among premarket gainers",2
Medicines Co. shares jump 17% in premarket after report of potential Novartis offer,2
Medtronic +2% premarket on FQ2 beat,2
MorphoSys up 7% on advancement of tafasitamab in DLBCL,2
Myovant stock soars 17% premarket on news of positive late-stage trial of prostate cancer treatment,2
Neogen up 3% on launch of rapid test for ergot alkaloids,2
New drugs contribute to AbbVie's upbeat 2020 view; shares hit year-high,2
New York Times Shares Rise as Publisher Moves Past ‘Trump Bump’,2
"NIO appoints new CFO, shares up 6% premarket",2
"NMC Health, Finablr rally as billionaire shareholder reviews holdings",2
Nokia and Ericsson both advance after Barr says U.S. firms should buy stakes,2
Nokia Shares Surge As Q4 Earnings Beat Analyst Estimates,2
Nokia's stock rises 1.9% on premarket-leading volume of 3.6 mln shares after AG Barr suggests buying stake,2
NovaBay launches NovaSight daily vitamin on Amazon.com; shares up 21% premarket,2
NVIDIA : Shares up 5%; Morgan Stanley Upgrades to Overweight #NVIDIA #Stock #MarketScreener,2
Nvidia +3.7% as RBC sees earnings upside,2
Ocular Therapeutix up 11% premarket on encouraging OTX-TIC data,2
Off-price retailer TJX shares rise after earnings and sales beat expectations,2
Okta +1.9% as new bull sees entry point,2
OneWater Marine's stock speeds up 25% in its debut,2
"OneWater's stock opens at $15.02, or 25% above $12 IPO price",2
Pareteum +8% after CEO termination,2
Pinduoduo stock rises after reports of Amazon store opening,2
"Pinterest reveals sales and users grew faster than expected despite COVID-19, stock shoots higher",2
Pinterest shares jump as company issues early Q1 guidance,2
Pinterest shares surge after earnings beat,2
Pinterest Stock Soars 17% on Earnings Beat and Rosy Outlook,2
Positive analyst commentary lifts NVIDIA to fresh 2019 high (NVDA),2
Power Financial shares jump on buyout offer by parent,2
Power Financial soars 9.9% after restructuring announced,2
Protalix Bio +25% premarket on successfully completing pre-BLA meeting for accelerated approval of PRX‑102,2
Prothena up 8% on Evercore upgrade,2
Qiwi +4.1% after Q3 beat-and-raise,2
RCI Hospitality +6.6% after $10M buyback boost,2
Revance files U.S. application for frown line treatment; shares up 3% premarket,2
Roku jumps as optimism builds for earnings,2
"Ross Stores Up Nearly 14%, on Pace for Largest Percent Increase Since November 2000 -- Data Talk #RossStores #Stock…",2
Salarius Pharma up 15% ahead of seclidemstat study presentation,2
Science Applications International Corporation (SAIC) Climbs 4.79% Today: Breaking Down The Root Causes - Find News,2
Shares of Biolidics Ltd. jumped as the Singapore-based medical device manufacturer said its rapid test kits for Cov…,2
Shares of Corbyn’s Nationalization Targets Soar After He Quits,2
Shares of Wayfair jumped after the online furniture retailer said its revenue-growth rate more than doubled towa…,2
SI-BONE up 6% on new coverage of iFuse implant,2
Siemens Gamesa's Shares Jump Following Speculation on Siemens' Acquisition #Siemens #Stock #MarketScreener…,2
Sierra Oncology +10% premarket on launching late-stage Momentum trial,2
Skechers Stock Pops on Encouraging Earnings: What You Need to Know,2
Small-cap health firms that soared after announcing plans to tackle the new coronavirus have seen big rallies. Now…,2
Snap shares jump 1.8% after JMP upgrades to outperform on upbeat expectations for user growth,2
Southern gains 2.9% on Georgia rate case approval,2
"SRPT, BCS among top gainers",2
Starbucks +2% after JPMorgan lift,2
Stock Market Update: Boeing turns positive,2
Stock Market Update: Disney Leads Dow Higher In Sideways Trade,2
Stock Market Update: eBay shares rise on takeover report,2
Stock Market Update: Edgewell Personal Care spikes after earnings,2
Stock Market Update: Eli Lilly gains on upbeat guidance,2
"Stock Market Update: Goldman Sachs, Financials Lead Markets Modestly Higher",2
TailDex up 8% and above 12.00.,2
Target shares surge after company crushes earnings and raises forecast,2
Target stock heads toward record after hiking profit guidance,2
"Target's stock soars toward record high after profit and revenue beats, raised guidance",2
Tesla Resumes Rally After Shanghai Factory Restarts Production,2
Tesla shares are back on the rise after the electric-car maker resumed production at its China factory with the hel…,2
Tesla shares jump as Musk tweets about Cybertruck preorders,2
Tesla shares jump as Musk tweets about Cybertruck preorders,2
"Tesla shares rise as Musk says Cybertruck orders hit 200,000",2
Tesla stock rises on Shanghai factory optimismÃ¢â‚¬â€what to watch now (via @TradingNation),2
Tesla's stock surges 8.8% to top the $800 level,2
The Medicines Company up 2% premarket on positive inclisiran data,2
The Medicines Company up 26% premarket on rumored Novartis interest,2
Tiffany shares up 5.7% after LVMH takeover,2
Tiffany soars nearly 6% at the open after LVMH clinches deal to acquire the iconic jewelry brand for $16.2 billion…,2
TJX Companies +1% after comparable sales impress,2
TJX extends gain after guidance update,2
TJX's stock gains 1.1% premarket after Q3 results,2
TransEnterix up 2% after hours on $25M stock sales deal,2
Trevena +12% on positive oliceridine data,2
"Trucking company XPO Logistics stock rises after earnings, CFO appointment",2
TSX futures rise on hopes of U.S.-China phase-one trade deal #economy #MarketScreener,2
Tupperware +2% after insider buying action,2
Twitter shares soar after reporting strong user numbers and miss on earnings,2
Twitter Stock Soars Despite Bottom Line Miss,2
"TWTR, ZNGA among premarket gainers",2
"U.S. interest lifts shares in Huawei rivals Ericsson, Nokia",2
Uber shares spike as company says it will reach a key profitability goal sooner than expected,2
"UBER, NLOK among premarket gainers",2
Uber's stock surges 7.9% premarket toward 6-mo. high after Q4 results late Thursday,2
Unisys's stock soars after $1.2 billion sale of U.S. Federal business,2
"UnitedHealth's stock rallies to pace the Dow's gainers, after SunTrust boosts price target",2
Vereit +1.7% after settling with SEC,2
Viasat +5% as JPMorgan raises to Overweight,2
Viking launches mid-stage study of VK2809 in NASH; shares up 7% premarket,2
VirnetX +5% after appeals court denies Apple bid,2
Vivus shares rise on bulimia data for Qsymia,2
VIVUS up 8% premarket on positive Qsymia effect in binge-eating disorder,2
"VKTX, JKS among premarket gainer",2
"Vodafone Idea, Bharti Rally on Plan to Increase Mobile Tariffs",2
Volkswagen +2% after strong deliveries report,2
Wayfair shares surge 37% as coronavirus drives sales of office furniture and home decor,2
WestRock +2% after BAML bump,2
Why Slack Stock Just Surged 17%,2
Why Tiffany Stock Just Popped 6%,2
WiLAN signs wireless license with LG; shares +7% PM,2
"Yandex authorizes share repurchase program, shares up 6% premarket",2
Zscaler +2.6% on new bull ahead of earnings,2
Nice action here. Watch the break of 5.73,1
Eastman Kodak among consumer gainers; China Automotive Systems only loser,1
Youdao and eGain among Tech gainers; Technical Communications and Digital Ally among losers,1
Domo and Evolent Health Tech gainers; GlobalSCAPE and Yext among losers,1
Hovnanian Enterprises leads industrial gainers; losers none,1
Healthcare - Top 5 Gainers / Losers,1
Mallinckrodt shares halted pending news,1
Healthcare - Top 5 Gainers / Losers,1
StoneCo and i3 Verticals among Tech gainers; VirnetX and Pure Storage among losers,1
Pyxus International among consumer gainers; Tupperware Brands and Fossil among losers,1
Range Resources and Forum Energy Technologies among Energy/Materials gainers; Pacific Drilling an…,1
Early premarket gappers,1
Earnings/guidance movers,1
Mid cap notable movers of interest -- StoneCo (STNE) gains on third quarter results,1
Today's biggest % gainers/losers,1
Today's biggest % gainers/losers,1
Electrameccanica Vehicles leads consumer gainers; Pyxus International in losers,1
vTv Therapeutics leads healthcare gainers; Myomo and Biohaven Pharmaceutical among losers,1
"Gapping up/down: QSR +3%, CNA +3% and AVYA +1% after earnings, TSLA +7% after M&A speculation, FDA +2% and.…",1
"Gapping up/down: SMPL +9% after earnings/guidance, TSLA and INTC +4% after upgrades; TDY -1% after guidance…",1
Wellesley Bancorp leads financial gainers; Weidai the only loser,1
12 Technology Stocks Moving In Monday's Pre-Market Session,1
9 Energy Stocks Moving In Monday's Pre-Market Session,1
Amneal Pharmaceuticals leads healthcare gainers; Bellicum Pharmaceuticals among losers,1
Beyond Meat and Skechers among consumer gainers; Village Farms International among losers,1
Cameco on the move after Q4 earnings topper,1
Capstone Turbine leads industrial gainers; Tutor Perini and Briggs & Stratton among losers,1
CART leads financial gainers; AIHS and MDLY the only losers,1
China Agri Industries : EXCHANGE NOTICE - TRADING HALT #ChinaAgriIndustries #Stock #MarketScreener…,1
"CLNE, TRXC, TGE and ADMS among midday movers",1
CRISPR Therapeutics among healthcare gainers; Plus Therapeutics leads the losers,1
EverQuote the only financial gainer; FinVolution Group and Yiren Digital among losers,1
Firsthand Technology Value Fund and Itau CorpBanca among Financial gainers; Mmtec and Jupai among losers,1
Healthcare - Top 5 Gainers / Losers,1
HOME leads financial gainers; QK and WEI the only losers,1
Industrial - Top 5 Gainers / Losers,1
JinkoSolar and 58.com among Tech gainers; Intelsat and Sphere 3D among losers,1
La Jolla Pharmaceutical shares halted premarket,1
Luckin Coffee shares halted in premarket; news pending,1
Lululemon Falls on Conservative View But Analysts Keep Faith,1
"Netflix rallies after sharing global data, Roku dips as CFO steps down",1
OCN leads financial gainers; FNF and MAC among losers,1
"OCN, SYNA, SVM and ZGNX among midday movers",1
Pyxus International among consumer gainers; Tupperware Brands and Fossil among losers,1
Renewable Energy and Tallgrass Energy among Energy/Materials gainers; Lonestar Resources and Pacific Drilling among losers,1
SecureWorks leads technology gainers; Phreesia and NextGen Healthcare among losers,1
"SLS, CPST, I, QD and CGIX among midday movers",1
"Stock Market Update: Netflix gains, Spotify falls",1
"Stock Market Update: Uber leads earnings gainers, while Take-Two drops",1
"Stocks making the biggest moves after hours: ServiceNow, Alliance Data, AMC Entertainment & more",1
"Stocks making the biggest moves after hours: Slack, Chegg, Moderna and more",1
"Stocks making the biggest moves after hours: Urban Outfitters, Amarin, Endo International & more",1
"Stocks making the biggest moves in the premarket: Twitter, Cigna, Dunkin' Brands, Tapestry & more",1
"Stocks making the biggest moves in the premarket: Uber, Canada Goose, Hanesbrands & more",1
"Stocks making the biggest moves midday: Amazon, IBM, Delta, Luckin & more",1
"Stocks making the biggest moves midday: Coty, Workday, Splunk, Five Below & more",1
"Stocks making the biggest moves midday: Home Depot, Kohl's, Macy's and Roku",1
"Stocks making the biggest moves midday: Netflix, Boeing, Groupon, Guess and more",1
"Stocks making the biggest moves midday: Tesla, FedEx, Slack, Lyft, Taubman Centers & more",1
"Stocks making the biggest moves midday: Tesla, FedEx, Slack, Lyft, Taubman Centers & more",1
"Stocks making the biggest moves midday: Uber, Tesla, Ulta, Zoom Video & more",1
"Stocks making the biggest moves premarket: Target, Lowe's, Boeing, Alibaba, J&J & more",1
"Stocks making the biggest moves premarket: TD Ameritrade, Charles Schwab, Tesla & more",1
The Week's Gainers and Losers on the Stoxx Europe 50 --Dec. 2-6 #economy #MarketScreener,1
Tupperware Brands among consumer gainers; Unilever leads the losers,1
vTv Therapeutics leads healthcare gainers; Myomo and Biohaven Pharmaceutical among losers,1
"WORK, XPO, PYX and AMKR among after hour movers",1
"YNDX, I, QD and OESX among tech movers",1
